{
  "type": "FeatureCollection",
  "features": [
    {
      "type": "Feature",
      "properties": {
        "building_id": "B001",
        "parcel_id": "P000001",
        "demo_ulpin": "DEMO-TN-CHN-000001",
        "height": 12.8,
        "floors": 4,
        "is_primary": true,
        "is_mapped": true,
        "data_status": "REAL FOOTPRINT / SYNTHETIC HEIGHT",
        "source": "Google Open Buildings"
      },
      "geometry": {
        "type": "Polygon",
        "coordinates": [
          [
            [
              80.205115185996,
              13.0849503835059
            ],
            [
              80.2049453517028,
              13.0849545436748
            ],
            [
              80.2049431072852,
              13.0848664976921
            ],
            [
              80.2051129415176,
              13.0848623375212
            ],
            [
              80.205115185996,
              13.0849503835059
            ]
          ]
        ]
      }
    },
    {
      "type": "Feature",
      "properties": {
        "building_id": "B002",
        "parcel_id": "P000002",
        "demo_ulpin": "DEMO-TN-CHN-000002",
        "height": 12.8,
        "floors": 4,
        "is_primary": false,
        "is_mapped": true,
        "data_status": "REAL FOOTPRINT / SYNTHETIC HEIGHT",
        "source": "Google Open Buildings"
      },
      "geometry": {
        "type": "Polygon",
        "coordinates": [
          [
            [
              80.2049186142896,
              13.0849834227846
            ],
            [
              80.20473957693,
              13.0849914385276
            ],
            [
              80.2047381432789,
              13.0849606681907
            ],
            [
              80.2049171806162,
              13.0849526524472
            ],
            [
              80.2049186142896,
              13.0849834227846
            ]
          ]
        ]
      }
    },
    {
      "type": "Feature",
      "properties": {
        "building_id": "B003",
        "parcel_id": "P000003",
        "demo_ulpin": "DEMO-TN-CHN-000003",
        "height": 12.8,
        "floors": 4,
        "is_primary": false,
        "is_mapped": true,
        "data_status": "REAL FOOTPRINT / SYNTHETIC HEIGHT",
        "source": "Google Open Buildings"
      },
      "geometry": {
        "type": "Polygon",
        "coordinates": [
          [
            [
              80.2049358260077,
              13.0849517487448
            ],
            [
              80.2047374740306,
              13.0849573034543
            ],
            [
              80.2047347639978,
              13.0848643123638
            ],
            [
              80.2049331159005,
              13.084858757652
            ],
            [
              80.2049358260077,
              13.0849517487448
            ]
          ]
        ]
      }
    },
    {
      "type": "Feature",
      "properties": {
        "building_id": "B004",
        "parcel_id": "P000004",
        "demo_ulpin": "DEMO-TN-CHN-000004",
        "height": 6.4,
        "floors": 2,
        "is_primary": false,
        "is_mapped": true,
        "data_status": "REAL FOOTPRINT / SYNTHETIC HEIGHT",
        "source": "Google Open Buildings"
      },
      "geometry": {
        "type": "Polygon",
        "coordinates": [
          [
            [
              80.2051301127234,
              13.0846287985371
            ],
            [
              80.2051378848278,
              13.0848274237046
            ],
            [
              80.2049826110996,
              13.084833261986
            ],
            [
              80.20497483912,
              13.0846346368217
            ],
            [
              80.2051301127234,
              13.0846287985371
            ]
          ]
        ]
      }
    },
    {
      "type": "Feature",
      "properties": {
        "building_id": "B005",
        "parcel_id": "P000005",
        "demo_ulpin": "DEMO-TN-CHN-000005",
        "height": 6.4,
        "floors": 2,
        "is_primary": false,
        "is_mapped": true,
        "data_status": "REAL FOOTPRINT / SYNTHETIC HEIGHT",
        "source": "Google Open Buildings"
      },
      "geometry": {
        "type": "Polygon",
        "coordinates": [
          [
            [
              80.2053208211873,
              13.0848495331988
            ],
            [
              80.2053196105992,
              13.0849379010604
            ],
            [
              80.2051959650545,
              13.0849362733592
            ],
            [
              80.2051971756868,
              13.0848479055009
            ],
            [
              80.2053208211873,
              13.0848495331988
            ]
          ]
        ]
      }
    },
    {
      "type": "Feature",
      "properties": {
        "building_id": "B006",
        "parcel_id": "P000006",
        "demo_ulpin": "DEMO-TN-CHN-000006",
        "height": 6.4,
        "floors": 2,
        "is_primary": false,
        "is_mapped": true,
        "data_status": "REAL FOOTPRINT / SYNTHETIC HEIGHT",
        "source": "Google Open Buildings"
      },
      "geometry": {
        "type": "Polygon",
        "coordinates": [
          [
            [
              80.2049352665536,
              13.0848073759798
            ],
            [
              80.2048485472789,
              13.0848112585461
            ],
            [
              80.2048496026221,
              13.0848339090731
            ],
            [
              80.2047870870127,
              13.0848367079822
            ],
            [
              80.2047805077274,
              13.0846954978894
            ],
            [
              80.2049297425339,
              13.0846888164129
            ],
            [
              80.2049352665536,
              13.0848073759798
            ]
          ]
        ]
      }
    },
    {
      "type": "Feature",
      "properties": {
        "building_id": "B007",
        "parcel_id": "P000007",
        "demo_ulpin": "DEMO-TN-CHN-000007",
        "height": 9.600000000000001,
        "floors": 3,
        "is_primary": false,
        "is_mapped": true,
        "data_status": "REAL FOOTPRINT / SYNTHETIC HEIGHT",
        "source": "Google Open Buildings"
      },
      "geometry": {
        "type": "Polygon",
        "coordinates": [
          [
            [
              80.2052582256083,
              13.0846482624207
            ],
            [
              80.2052570725724,
              13.0848258567204
            ],
            [
              80.2051324200657,
              13.084825079007
            ],
            [
              80.2051335731909,
              13.0846474847133
            ],
            [
              80.2052582256083,
              13.0846482624207
            ]
          ]
        ]
      }
    },
    {
      "type": "Feature",
      "properties": {
        "building_id": "B008",
        "parcel_id": "P000008",
        "demo_ulpin": "DEMO-TN-CHN-000008",
        "height": 6.4,
        "floors": 2,
        "is_primary": false,
        "is_mapped": true,
        "data_status": "REAL FOOTPRINT / SYNTHETIC HEIGHT",
        "source": "Google Open Buildings"
      },
      "geometry": {
        "type": "Polygon",
        "coordinates": [
          [
            [
              80.2049269626441,
              13.0846291528864
            ],
            [
              80.2049297425328,
              13.0846888164104
            ],
            [
              80.2048680657459,
              13.0846915777875
            ],
            [
              80.2048652858723,
              13.0846319142635
            ],
            [
              80.2049269626441,
              13.0846291528864
            ]
          ]
        ]
      }
    },
    {
      "type": "Feature",
      "properties": {
        "building_id": "B009",
        "parcel_id": "P000009",
        "demo_ulpin": "DEMO-TN-CHN-000009",
        "height": 12.8,
        "floors": 4,
        "is_primary": false,
        "is_mapped": true,
        "data_status": "REAL FOOTPRINT / SYNTHETIC HEIGHT",
        "source": "Google Open Buildings"
      },
      "geometry": {
        "type": "Polygon",
        "coordinates": [
          [
            [
              80.2054437477144,
              13.0848511513732
            ],
            [
              80.2054425371701,
              13.0849395192381
            ],
            [
              80.2053196105992,
              13.0849379010603
            ],
            [
              80.2053208211873,
              13.0848495331987
            ],
            [
              80.2054437477144,
              13.0848511513732
            ]
          ]
        ]
      }
    },
    {
      "type": "Feature",
      "properties": {
        "building_id": "B010",
        "parcel_id": "P000010",
        "demo_ulpin": "DEMO-TN-CHN-000010",
        "height": 6.4,
        "floors": 2,
        "is_primary": false,
        "is_mapped": true,
        "data_status": "REAL FOOTPRINT / SYNTHETIC HEIGHT",
        "source": "Google Open Buildings"
      },
      "geometry": {
        "type": "Polygon",
        "coordinates": [
          [
            [
              80.2047181257548,
              13.0848414542036
            ],
            [
              80.2046092035206,
              13.0848484255709
            ],
            [
              80.2045977716197,
              13.0846767910302
            ],
            [
              80.2047066937781,
              13.0846698196635
            ],
            [
              80.2047181257548,
              13.0848414542036
            ]
          ]
        ]
      }
    },
    {
      "type": "Feature",
      "properties": {
        "building_id": "B011",
        "parcel_id": "P000011",
        "demo_ulpin": "DEMO-TN-CHN-000011",
        "height": 9.600000000000001,
        "floors": 3,
        "is_primary": false,
        "is_mapped": true,
        "data_status": "REAL FOOTPRINT / SYNTHETIC HEIGHT",
        "source": "Google Open Buildings"
      },
      "geometry": {
        "type": "Polygon",
        "coordinates": [
          [
            [
              80.2050608113999,
              13.0854206504337
            ],
            [
              80.2049400813939,
              13.0854262045667
            ],
            [
              80.204947598711,
              13.0855832219621
            ],
            [
              80.2048889781146,
              13.0855859187552
            ],
            [
              80.2048790032943,
              13.085377569324
            ],
            [
              80.2049070186666,
              13.0853762804997
            ],
            [
              80.2049048205484,
              13.0853303673179
            ],
            [
              80.2050561556734,
              13.0853234052148
            ],
            [
              80.2050608113999,
              13.0854206504337
            ]
          ]
        ]
      }
    },
    {
      "type": "Feature",
      "properties": {
        "building_id": "B012",
        "parcel_id": "P000012",
        "demo_ulpin": "DEMO-TN-CHN-000012",
        "height": 6.4,
        "floors": 2,
        "is_primary": false,
        "is_mapped": true,
        "data_status": "REAL FOOTPRINT / SYNTHETIC HEIGHT",
        "source": "Google Open Buildings"
      },
      "geometry": {
        "type": "Polygon",
        "coordinates": [
          [
            [
              80.2052538558927,
              13.0854011673362
            ],
            [
              80.2052531670892,
              13.0854487885767
            ],
            [
              80.2051192483337,
              13.0854469272258
            ],
            [
              80.2051199371629,
              13.0853993059869
            ],
            [
              80.2052538558927,
              13.0854011673362
            ]
          ]
        ]
      }
    },
    {
      "type": "Feature",
      "properties": {
        "building_id": "B013",
        "parcel_id": "P000013",
        "demo_ulpin": "DEMO-TN-CHN-000013",
        "height": 9.600000000000001,
        "floors": 3,
        "is_primary": false,
        "is_mapped": true,
        "data_status": "REAL FOOTPRINT / SYNTHETIC HEIGHT",
        "source": "Google Open Buildings"
      },
      "geometry": {
        "type": "Polygon",
        "coordinates": [
          [
            [
              80.2047142672942,
              13.0853208185993
            ],
            [
              80.2047178689416,
              13.0853654480283
            ],
            [
              80.204649899816,
              13.0853707188101
            ],
            [
              80.2046462981808,
              13.0853260893803
            ],
            [
              80.2047142672942,
              13.0853208185993
            ]
          ]
        ]
      }
    },
    {
      "type": "Feature",
      "properties": {
        "building_id": "B014",
        "parcel_id": "P000014",
        "demo_ulpin": "DEMO-TN-CHN-000014",
        "height": 16.0,
        "floors": 5,
        "is_primary": false,
        "is_mapped": true,
        "data_status": "REAL FOOTPRINT / SYNTHETIC HEIGHT",
        "source": "Google Open Buildings"
      },
      "geometry": {
        "type": "Polygon",
        "coordinates": [
          [
            [
              80.2050622830919,
              13.0854884498477
            ],
            [
              80.2050643830938,
              13.0855442498476
            ],
            [
              80.2049454830956,
              13.0855484498515
            ],
            [
              80.2049408830914,
              13.0854228498516
            ],
            [
              80.2050597830895,
              13.0854186498478
            ],
            [
              80.2050622830919,
              13.0854884498477
            ]
          ]
        ]
      }
    },
    {
      "type": "Feature",
      "properties": {
        "building_id": "B015",
        "parcel_id": "P000015",
        "demo_ulpin": "DEMO-TN-CHN-000015",
        "height": 9.600000000000001,
        "floors": 3,
        "is_primary": false,
        "is_mapped": true,
        "data_status": "REAL FOOTPRINT / SYNTHETIC HEIGHT",
        "source": "Google Open Buildings"
      },
      "geometry": {
        "type": "Polygon",
        "coordinates": [
          [
            [
              80.2053310900549,
              13.0853667156375
            ],
            [
              80.2053337236088,
              13.0854087526715
            ],
            [
              80.2052485811599,
              13.0854138782063
            ],
            [
              80.2052459476205,
              13.085371841172
            ],
            [
              80.2053310900549,
              13.0853667156375
            ]
          ]
        ]
      }
    },
    {
      "type": "Feature",
      "properties": {
        "building_id": "B016",
        "parcel_id": "P000016",
        "demo_ulpin": "DEMO-TN-CHN-000016",
        "height": 6.4,
        "floors": 2,
        "is_primary": false,
        "is_mapped": true,
        "data_status": "REAL FOOTPRINT / SYNTHETIC HEIGHT",
        "source": "Google Open Buildings"
      },
      "geometry": {
        "type": "Polygon",
        "coordinates": [
          [
            [
              80.2054686743136,
              13.0846156078463
            ],
            [
              80.2054761529144,
              13.0848087933633
            ],
            [
              80.2053295951426,
              13.0848142451337
            ],
            [
              80.2053221166563,
              13.0846210596191
            ],
            [
              80.2054686743136,
              13.0846156078463
            ]
          ]
        ]
      }
    },
    {
      "type": "Feature",
      "properties": {
        "building_id": "B017",
        "parcel_id": "P000017",
        "demo_ulpin": "DEMO-TN-CHN-000017",
        "height": 12.8,
        "floors": 4,
        "is_primary": false,
        "is_mapped": true,
        "data_status": "REAL FOOTPRINT / SYNTHETIC HEIGHT",
        "source": "Google Open Buildings"
      },
      "geometry": {
        "type": "Polygon",
        "coordinates": [
          [
            [
              80.2048797734573,
              13.0853780766433
            ],
            [
              80.2048861118539,
              13.0855505851612
            ],
            [
              80.2047490192658,
              13.0855554253593
            ],
            [
              80.2047426809647,
              13.0853829168438
            ],
            [
              80.2048797734573,
              13.0853780766433
            ]
          ]
        ]
      }
    },
    {
      "type": "Feature",
      "properties": {
        "building_id": "B018",
        "parcel_id": "P000018",
        "demo_ulpin": "DEMO-TN-CHN-000018",
        "height": 16.0,
        "floors": 5,
        "is_primary": false,
        "is_mapped": true,
        "data_status": "REAL FOOTPRINT / SYNTHETIC HEIGHT",
        "source": "Google Open Buildings"
      },
      "geometry": {
        "type": "Polygon",
        "coordinates": [
          [
            [
              80.2052191157363,
              13.0854551232769
            ],
            [
              80.2052178622395,
              13.0854988908241
            ],
            [
              80.2051734827104,
              13.0854976694777
            ],
            [
              80.2051726283828,
              13.0855274992873
            ],
            [
              80.2051027170552,
              13.085525575277
            ],
            [
              80.2051048249082,
              13.0854519779222
            ],
            [
              80.2052191157363,
              13.0854551232769
            ]
          ]
        ]
      }
    },
    {
      "type": "Feature",
      "properties": {
        "building_id": "B019",
        "parcel_id": "P000019",
        "demo_ulpin": "DEMO-TN-CHN-000019",
        "height": 9.600000000000001,
        "floors": 3,
        "is_primary": false,
        "is_mapped": true,
        "data_status": "REAL FOOTPRINT / SYNTHETIC HEIGHT",
        "source": "Google Open Buildings"
      },
      "geometry": {
        "type": "Polygon",
        "coordinates": [
          [
            [
              80.2053382042641,
              13.0854802732849
            ],
            [
              80.2052530617906,
              13.0854853988195
            ],
            [
              80.2052485811605,
              13.0854138782077
            ],
            [
              80.2053337236094,
              13.0854087526729
            ],
            [
              80.2053382042641,
              13.0854802732849
            ]
          ]
        ]
      }
    },
    {
      "type": "Feature",
      "properties": {
        "building_id": "B020",
        "parcel_id": "P000020",
        "demo_ulpin": "DEMO-TN-CHN-000020",
        "height": 6.4,
        "floors": 2,
        "is_primary": false,
        "is_mapped": true,
        "data_status": "REAL FOOTPRINT / SYNTHETIC HEIGHT",
        "source": "Google Open Buildings"
      },
      "geometry": {
        "type": "Polygon",
        "coordinates": [
          [
            [
              80.2050315353862,
              13.0844910737203
            ],
            [
              80.2049789110005,
              13.0844952347247
            ],
            [
              80.2049729022214,
              13.0844222111561
            ],
            [
              80.2050255265916,
              13.0844180501521
            ],
            [
              80.2050315353862,
              13.0844910737203
            ]
          ]
        ]
      }
    },
    {
      "type": "Feature",
      "properties": {
        "building_id": "B021",
        "parcel_id": "P000021",
        "demo_ulpin": "DEMO-TN-CHN-000021",
        "height": 6.4,
        "floors": 2,
        "is_primary": false,
        "is_mapped": true,
        "data_status": "REAL FOOTPRINT / SYNTHETIC HEIGHT",
        "source": "Google Open Buildings"
      },
      "geometry": {
        "type": "Polygon",
        "coordinates": [
          [
            [
              80.2045929830661,
              13.0847714498452
            ],
            [
              80.2045491830667,
              13.0847697498466
            ],
            [
              80.2045458830696,
              13.0848529498467
            ],
            [
              80.2044170830713,
              13.0848479498509
            ],
            [
              80.2044240830652,
              13.0846729498507
            ],
            [
              80.2045966830629,
              13.0846796498451
            ],
            [
              80.2045929830661,
              13.0847714498452
            ]
          ]
        ]
      }
    },
    {
      "type": "Feature",
      "properties": {
        "building_id": "B022",
        "parcel_id": "P000022",
        "demo_ulpin": "DEMO-TN-CHN-000022",
        "height": 9.600000000000001,
        "floors": 3,
        "is_primary": false,
        "is_mapped": true,
        "data_status": "REAL FOOTPRINT / SYNTHETIC HEIGHT",
        "source": "Google Open Buildings"
      },
      "geometry": {
        "type": "Polygon",
        "coordinates": [
          [
            [
              80.2051336254665,
              13.0843976238668
            ],
            [
              80.2051314936098,
              13.0844910062999
            ],
            [
              80.2050598227232,
              13.0844894340337
            ],
            [
              80.2050619546068,
              13.0843960516027
            ],
            [
              80.2051336254665,
              13.0843976238668
            ]
          ]
        ]
      }
    },
    {
      "type": "Feature",
      "properties": {
        "building_id": "B023",
        "parcel_id": "P000023",
        "demo_ulpin": "DEMO-TN-CHN-000023",
        "height": 16.0,
        "floors": 5,
        "is_primary": false,
        "is_mapped": true,
        "data_status": "REAL FOOTPRINT / SYNTHETIC HEIGHT",
        "source": "Google Open Buildings"
      },
      "geometry": {
        "type": "Polygon",
        "coordinates": [
          [
            [
              80.2050520944076,
              13.0843489586246
            ],
            [
              80.2050635799694,
              13.0844885399523
            ],
            [
              80.2050315353858,
              13.0844910737193
            ],
            [
              80.205020049842,
              13.0843514923913
            ],
            [
              80.2050520944076,
              13.0843489586246
            ]
          ]
        ]
      }
    },
    {
      "type": "Feature",
      "properties": {
        "building_id": "B024",
        "parcel_id": "P000024",
        "demo_ulpin": "DEMO-TN-CHN-000024",
        "height": 6.4,
        "floors": 2,
        "is_primary": false,
        "is_mapped": true,
        "data_status": "REAL FOOTPRINT / SYNTHETIC HEIGHT",
        "source": "Google Open Buildings"
      },
      "geometry": {
        "type": "Polygon",
        "coordinates": [
          [
            [
              80.2053429045148,
              13.0855552990736
            ],
            [
              80.2052577620156,
              13.0855604246082
            ],
            [
              80.2052530617914,
              13.0854853988213
            ],
            [
              80.2053382042649,
              13.0854802732867
            ],
            [
              80.2053429045148,
              13.0855552990736
            ]
          ]
        ]
      }
    },
    {
      "type": "Feature",
      "properties": {
        "building_id": "B025",
        "parcel_id": "P000025",
        "demo_ulpin": "DEMO-TN-CHN-000025",
        "height": 12.8,
        "floors": 4,
        "is_primary": false,
        "is_mapped": true,
        "data_status": "REAL FOOTPRINT / SYNTHETIC HEIGHT",
        "source": "Google Open Buildings"
      },
      "geometry": {
        "type": "Polygon",
        "coordinates": [
          [
            [
              80.2049345830432,
              13.084364149825
            ],
            [
              80.2049303830459,
              13.0844402498252
            ],
            [
              80.2048947830463,
              13.0844383498263
            ],
            [
              80.204892283048,
              13.0844848498264
            ],
            [
              80.2048337830487,
              13.0844817498283
            ],
            [
              80.2048362830471,
              13.0844353498283
            ],
            [
              80.2048049830475,
              13.0844336498293
            ],
            [
              80.2048091830448,
              13.0843575498291
            ],
            [
              80.2049345830432,
              13.084364149825
            ]
          ]
        ]
      }
    },
    {
      "type": "Feature",
      "properties": {
        "building_id": "B026",
        "parcel_id": "P000026",
        "demo_ulpin": "DEMO-TN-CHN-000026",
        "height": 16.0,
        "floors": 5,
        "is_primary": false,
        "is_mapped": true,
        "data_status": "REAL FOOTPRINT / SYNTHETIC HEIGHT",
        "source": "Google Open Buildings"
      },
      "geometry": {
        "type": "Polygon",
        "coordinates": [
          [
            [
              80.2048878858115,
              13.0855863641434
            ],
            [
              80.2047283607264,
              13.0855928556712
            ],
            [
              80.2047268321164,
              13.0855567591391
            ],
            [
              80.2048863571783,
              13.0855502676108
            ],
            [
              80.2048878858115,
              13.0855863641434
            ]
          ]
        ]
      }
    },
    {
      "type": "Feature",
      "properties": {
        "building_id": "B027",
        "parcel_id": "P000027",
        "demo_ulpin": "DEMO-TN-CHN-000027",
        "height": 6.4,
        "floors": 2,
        "is_primary": false,
        "is_mapped": true,
        "data_status": "REAL FOOTPRINT / SYNTHETIC HEIGHT",
        "source": "Google Open Buildings"
      },
      "geometry": {
        "type": "Polygon",
        "coordinates": [
          [
            [
              80.2053686713347,
              13.0854066488292
            ],
            [
              80.205369900125,
              13.0854262628483
            ],
            [
              80.2054167742834,
              13.085423441028
            ],
            [
              80.2054243736735,
              13.0855447425092
            ],
            [
              80.2053425517473,
              13.0855496681755
            ],
            [
              80.2053337236098,
              13.0854087526738
            ],
            [
              80.2053686713347,
              13.0854066488292
            ]
          ]
        ]
      }
    },
    {
      "type": "Feature",
      "properties": {
        "building_id": "B028",
        "parcel_id": "P000028",
        "demo_ulpin": "DEMO-TN-CHN-000028",
        "height": 16.0,
        "floors": 5,
        "is_primary": false,
        "is_mapped": true,
        "data_status": "REAL FOOTPRINT / SYNTHETIC HEIGHT",
        "source": "Google Open Buildings"
      },
      "geometry": {
        "type": "Polygon",
        "coordinates": [
          [
            [
              80.205529883082,
              13.0854310498298
            ],
            [
              80.2054176830839,
              13.0854378498335
            ],
            [
              80.2054128830813,
              13.0853617498336
            ],
            [
              80.2055250830795,
              13.08535504983
            ],
            [
              80.205529883082,
              13.0854310498298
            ]
          ]
        ]
      }
    },
    {
      "type": "Feature",
      "properties": {
        "building_id": "B029",
        "parcel_id": "P000029",
        "demo_ulpin": "DEMO-TN-CHN-000029",
        "height": 16.0,
        "floors": 5,
        "is_primary": false,
        "is_mapped": true,
        "data_status": "REAL FOOTPRINT / SYNTHETIC HEIGHT",
        "source": "Google Open Buildings"
      },
      "geometry": {
        "type": "Polygon",
        "coordinates": [
          [
            [
              80.2050200498417,
              13.0843514923904
            ],
            [
              80.2050246772773,
              13.0844077286273
            ],
            [
              80.2049720529094,
              13.0844118896312
            ],
            [
              80.2049674254857,
              13.0843556533942
            ],
            [
              80.2050200498417,
              13.0843514923904
            ]
          ]
        ]
      }
    },
    {
      "type": "Feature",
      "properties": {
        "building_id": "B030",
        "parcel_id": "P000030",
        "demo_ulpin": "DEMO-TN-CHN-000030",
        "height": 12.8,
        "floors": 4,
        "is_primary": false,
        "is_mapped": true,
        "data_status": "REAL FOOTPRINT / SYNTHETIC HEIGHT",
        "source": "Google Open Buildings"
      },
      "geometry": {
        "type": "Polygon",
        "coordinates": [
          [
            [
              80.2052858830433,
              13.0845134498135
            ],
            [
              80.2051999830444,
              13.0845098498163
            ],
            [
              80.2052075830382,
              13.0843322498161
            ],
            [
              80.205293483037,
              13.0843357498133
            ],
            [
              80.2052858830433,
              13.0845134498135
            ]
          ]
        ]
      }
    },
    {
      "type": "Feature",
      "properties": {
        "building_id": "B031",
        "parcel_id": "P000031",
        "demo_ulpin": "DEMO-TN-CHN-000031",
        "height": 16.0,
        "floors": 5,
        "is_primary": false,
        "is_mapped": false,
        "data_status": "REAL FOOTPRINT / SYNTHETIC HEIGHT",
        "source": "Google Open Buildings"
      },
      "geometry": {
        "type": "Polygon",
        "coordinates": [
          [
            [
              80.204552078624,
              13.0845513123569
            ],
            [
              80.2045535391601,
              13.0845962277288
            ],
            [
              80.2044893835248,
              13.0845982323731
            ],
            [
              80.2044879230003,
              13.0845533170015
            ],
            [
              80.204552078624,
              13.0845513123569
            ]
          ]
        ]
      }
    },
    {
      "type": "Feature",
      "properties": {
        "building_id": "B032",
        "parcel_id": "P000032",
        "demo_ulpin": "DEMO-TN-CHN-000032",
        "height": 9.600000000000001,
        "floors": 3,
        "is_primary": false,
        "is_mapped": false,
        "data_status": "REAL FOOTPRINT / SYNTHETIC HEIGHT",
        "source": "Google Open Buildings"
      },
      "geometry": {
        "type": "Polygon",
        "coordinates": [
          [
            [
              80.2044948766989,
              13.085343502534
            ],
            [
              80.2044942666887,
              13.0854092020945
            ],
            [
              80.2044530231162,
              13.0854088341185
            ],
            [
              80.2044536331373,
              13.0853431345588
            ],
            [
              80.2044948766989,
              13.085343502534
            ]
          ]
        ]
      }
    },
    {
      "type": "Feature",
      "properties": {
        "building_id": "B033",
        "parcel_id": "P000033",
        "demo_ulpin": "DEMO-TN-CHN-000033",
        "height": 6.4,
        "floors": 2,
        "is_primary": false,
        "is_mapped": false,
        "data_status": "REAL FOOTPRINT / SYNTHETIC HEIGHT",
        "source": "Google Open Buildings"
      },
      "geometry": {
        "type": "Polygon",
        "coordinates": [
          [
            [
              80.2047109830993,
              13.0855496498598
            ],
            [
              80.2044082831041,
              13.0855623498696
            ],
            [
              80.2044026830998,
              13.0854349498698
            ],
            [
              80.204705383095,
              13.0854222498599
            ],
            [
              80.2047109830993,
              13.0855496498598
            ]
          ]
        ]
      }
    },
    {
      "type": "Feature",
      "properties": {
        "building_id": "B034",
        "parcel_id": "P000034",
        "demo_ulpin": "DEMO-TN-CHN-000034",
        "height": 16.0,
        "floors": 5,
        "is_primary": false,
        "is_mapped": false,
        "data_status": "REAL FOOTPRINT / SYNTHETIC HEIGHT",
        "source": "Google Open Buildings"
      },
      "geometry": {
        "type": "Polygon",
        "coordinates": [
          [
            [
              80.204445920583,
              13.0849977885887
            ],
            [
              80.2042372913474,
              13.0850057289835
            ],
            [
              80.2042324792058,
              13.0848842330927
            ],
            [
              80.2044411083389,
              13.084876292695
            ],
            [
              80.204445920583,
              13.0849977885887
            ]
          ]
        ]
      }
    },
    {
      "type": "Feature",
      "properties": {
        "building_id": "B035",
        "parcel_id": "P000035",
        "demo_ulpin": "DEMO-TN-CHN-000035",
        "height": 16.0,
        "floors": 5,
        "is_primary": false,
        "is_mapped": false,
        "data_status": "REAL FOOTPRINT / SYNTHETIC HEIGHT",
        "source": "Google Open Buildings"
      },
      "geometry": {
        "type": "Polygon",
        "coordinates": [
          [
            [
              80.2050926758604,
              13.0856013303965
            ],
            [
              80.205099875997,
              13.0857379632335
            ],
            [
              80.2049586246767,
              13.0857451157481
            ],
            [
              80.2049514246184,
              13.0856084829118
            ],
            [
              80.2050926758604,
              13.0856013303965
            ]
          ]
        ]
      }
    },
    {
      "type": "Feature",
      "properties": {
        "building_id": "B036",
        "parcel_id": "P000036",
        "demo_ulpin": "DEMO-TN-CHN-000036",
        "height": 9.600000000000001,
        "floors": 3,
        "is_primary": false,
        "is_mapped": false,
        "data_status": "REAL FOOTPRINT / SYNTHETIC HEIGHT",
        "source": "Google Open Buildings"
      },
      "geometry": {
        "type": "Polygon",
        "coordinates": [
          [
            [
              80.2052076996082,
              13.085596692726
            ],
            [
              80.2052141757921,
              13.0857272699241
            ],
            [
              80.2051222482794,
              13.0857316509789
            ],
            [
              80.2051157721441,
              13.0856010737813
            ],
            [
              80.2052076996082,
              13.085596692726
            ]
          ]
        ]
      }
    },
    {
      "type": "Feature",
      "properties": {
        "building_id": "B037",
        "parcel_id": "P000037",
        "demo_ulpin": "DEMO-TN-CHN-000037",
        "height": 16.0,
        "floors": 5,
        "is_primary": false,
        "is_mapped": false,
        "data_status": "REAL FOOTPRINT / SYNTHETIC HEIGHT",
        "source": "Google Open Buildings"
      },
      "geometry": {
        "type": "Polygon",
        "coordinates": [
          [
            [
              80.2049514246185,
              13.085608482912
            ],
            [
              80.2049586246768,
              13.0857451157484
            ],
            [
              80.2048610236579,
              13.085750057906
            ],
            [
              80.2048538236535,
              13.0856134250701
            ],
            [
              80.2049514246185,
              13.085608482912
            ]
          ]
        ]
      }
    },
    {
      "type": "Feature",
      "properties": {
        "building_id": "B038",
        "parcel_id": "P000038",
        "demo_ulpin": "DEMO-TN-CHN-000038",
        "height": 12.8,
        "floors": 4,
        "is_primary": false,
        "is_mapped": false,
        "data_status": "REAL FOOTPRINT / SYNTHETIC HEIGHT",
        "source": "Google Open Buildings"
      },
      "geometry": {
        "type": "Polygon",
        "coordinates": [
          [
            [
              80.2044525626532,
              13.085414828042
            ],
            [
              80.204391526611,
              13.08542013045
            ],
            [
              80.2043837884241,
              13.0853345376674
            ],
            [
              80.2044448244451,
              13.08532923526
            ],
            [
              80.2044525626532,
              13.085414828042
            ]
          ]
        ]
      }
    },
    {
      "type": "Feature",
      "properties": {
        "building_id": "B039",
        "parcel_id": "P000039",
        "demo_ulpin": "DEMO-TN-CHN-000039",
        "height": 6.4,
        "floors": 2,
        "is_primary": false,
        "is_mapped": false,
        "data_status": "REAL FOOTPRINT / SYNTHETIC HEIGHT",
        "source": "Google Open Buildings"
      },
      "geometry": {
        "type": "Polygon",
        "coordinates": [
          [
            [
              80.2055282110104,
              13.0854484702822
            ],
            [
              80.2055274824721,
              13.0855627912479
            ],
            [
              80.2054811868152,
              13.0855625077448
            ],
            [
              80.205481306748,
              13.0855436886949
            ],
            [
              80.2054253461883,
              13.0855433459956
            ],
            [
              80.2054259548367,
              13.0854478440825
            ],
            [
              80.2055282110104,
              13.0854484702822
            ]
          ]
        ]
      }
    },
    {
      "type": "Feature",
      "properties": {
        "building_id": "B040",
        "parcel_id": "P000040",
        "demo_ulpin": "DEMO-TN-CHN-000040",
        "height": 12.8,
        "floors": 4,
        "is_primary": false,
        "is_mapped": false,
        "data_status": "REAL FOOTPRINT / SYNTHETIC HEIGHT",
        "source": "Google Open Buildings"
      },
      "geometry": {
        "type": "Polygon",
        "coordinates": [
          [
            [
              80.205349683036,
              13.0843318498112
            ],
            [
              80.2054581830346,
              13.0843370498077
            ],
            [
              80.2054495830407,
              13.084509749808
            ],
            [
              80.2053411830421,
              13.0845045498115
            ],
            [
              80.205349683036,
              13.0843318498112
            ]
          ]
        ]
      }
    },
    {
      "type": "Feature",
      "properties": {
        "building_id": "B041",
        "parcel_id": "P000041",
        "demo_ulpin": "DEMO-TN-CHN-000041",
        "height": 6.4,
        "floors": 2,
        "is_primary": false,
        "is_mapped": false,
        "data_status": "REAL FOOTPRINT / SYNTHETIC HEIGHT",
        "source": "Google Open Buildings"
      },
      "geometry": {
        "type": "Polygon",
        "coordinates": [
          [
            [
              80.2043884296392,
              13.084680590027
            ],
            [
              80.2043859780289,
              13.0848543446856
            ],
            [
              80.2042683291444,
              13.0848527495519
            ],
            [
              80.2042707808369,
              13.0846789948993
            ],
            [
              80.2043884296392,
              13.084680590027
            ]
          ]
        ]
      }
    },
    {
      "type": "Feature",
      "properties": {
        "building_id": "B042",
        "parcel_id": "P000042",
        "demo_ulpin": "DEMO-TN-CHN-000042",
        "height": 6.4,
        "floors": 2,
        "is_primary": false,
        "is_mapped": false,
        "data_status": "REAL FOOTPRINT / SYNTHETIC HEIGHT",
        "source": "Google Open Buildings"
      },
      "geometry": {
        "type": "Polygon",
        "coordinates": [
          [
            [
              80.2048356931295,
              13.0856437091788
            ],
            [
              80.2048404352683,
              13.0857444314962
            ],
            [
              80.2048058034925,
              13.0857459982678
            ],
            [
              80.2048010613666,
              13.0856452759502
            ],
            [
              80.2048356931295,
              13.0856437091788
            ]
          ]
        ]
      }
    },
    {
      "type": "Feature",
      "properties": {
        "building_id": "B043",
        "parcel_id": "P000043",
        "demo_ulpin": "DEMO-TN-CHN-000043",
        "height": 9.600000000000001,
        "floors": 3,
        "is_primary": false,
        "is_mapped": false,
        "data_status": "REAL FOOTPRINT / SYNTHETIC HEIGHT",
        "source": "Google Open Buildings"
      },
      "geometry": {
        "type": "Polygon",
        "coordinates": [
          [
            [
              80.2047920702713,
              13.085616552018
            ],
            [
              80.2047992702416,
              13.0857531848535
            ],
            [
              80.2046875803948,
              13.0857588403451
            ],
            [
              80.204684931684,
              13.0857085757043
            ],
            [
              80.2046816575752,
              13.0857087414903
            ],
            [
              80.2046771063787,
              13.085622373296
            ],
            [
              80.2047920702713,
              13.085616552018
            ]
          ]
        ]
      }
    },
    {
      "type": "Feature",
      "properties": {
        "building_id": "B044",
        "parcel_id": "P000044",
        "demo_ulpin": "DEMO-TN-CHN-000044",
        "height": 16.0,
        "floors": 5,
        "is_primary": false,
        "is_mapped": false,
        "data_status": "REAL FOOTPRINT / SYNTHETIC HEIGHT",
        "source": "Google Open Buildings"
      },
      "geometry": {
        "type": "Polygon",
        "coordinates": [
          [
            [
              80.2053640718056,
              13.0857331349017
            ],
            [
              80.2052549921975,
              13.0857421145637
            ],
            [
              80.2052433840977,
              13.0856066178215
            ],
            [
              80.205352463646,
              13.085597638161
            ],
            [
              80.2053640718056,
              13.0857331349017
            ]
          ]
        ]
      }
    },
    {
      "type": "Feature",
      "properties": {
        "building_id": "B045",
        "parcel_id": "P000045",
        "demo_ulpin": "DEMO-TN-CHN-000045",
        "height": 16.0,
        "floors": 5,
        "is_primary": false,
        "is_mapped": false,
        "data_status": "REAL FOOTPRINT / SYNTHETIC HEIGHT",
        "source": "Google Open Buildings"
      },
      "geometry": {
        "type": "Polygon",
        "coordinates": [
          [
            [
              80.2058540830541,
              13.084925049806
            ],
            [
              80.205606583058,
              13.0849337498141
            ],
            [
              80.2056028830545,
              13.0848324498142
            ],
            [
              80.2058502830507,
              13.0848236498061
            ],
            [
              80.2058540830541,
              13.084925049806
            ]
          ]
        ]
      }
    },
    {
      "type": "Feature",
      "properties": {
        "building_id": "B046",
        "parcel_id": "P000046",
        "demo_ulpin": "DEMO-TN-CHN-000046",
        "height": 9.600000000000001,
        "floors": 3,
        "is_primary": false,
        "is_mapped": false,
        "data_status": "REAL FOOTPRINT / SYNTHETIC HEIGHT",
        "source": "Google Open Buildings"
      },
      "geometry": {
        "type": "Polygon",
        "coordinates": [
          [
            [
              80.2057656082565,
              13.0853349463139
            ],
            [
              80.2055986105612,
              13.0853415994003
            ],
            [
              80.2055961280649,
              13.085281721882
            ],
            [
              80.2057631257214,
              13.0852750687947
            ],
            [
              80.2057656082565,
              13.0853349463139
            ]
          ]
        ]
      }
    },
    {
      "type": "Feature",
      "properties": {
        "building_id": "B047",
        "parcel_id": "P000047",
        "demo_ulpin": "DEMO-TN-CHN-000047",
        "height": 6.4,
        "floors": 2,
        "is_primary": false,
        "is_mapped": false,
        "data_status": "REAL FOOTPRINT / SYNTHETIC HEIGHT",
        "source": "Google Open Buildings"
      },
      "geometry": {
        "type": "Polygon",
        "coordinates": [
          [
            [
              80.204555308995,
              13.0845295092695
            ],
            [
              80.2044302530297,
              13.0845363340845
            ],
            [
              80.2044210310592,
              13.0843739563454
            ],
            [
              80.2045460869425,
              13.0843671315301
            ],
            [
              80.204555308995,
              13.0845295092695
            ]
          ]
        ]
      }
    },
    {
      "type": "Feature",
      "properties": {
        "building_id": "B048",
        "parcel_id": "P000048",
        "demo_ulpin": "DEMO-TN-CHN-000048",
        "height": 16.0,
        "floors": 5,
        "is_primary": false,
        "is_mapped": false,
        "data_status": "REAL FOOTPRINT / SYNTHETIC HEIGHT",
        "source": "Google Open Buildings"
      },
      "geometry": {
        "type": "Polygon",
        "coordinates": [
          [
            [
              80.2051056528112,
              13.0841523351599
            ],
            [
              80.2051013029974,
              13.0843132622005
            ],
            [
              80.2049498205309,
              13.0843093276305
            ],
            [
              80.2049504994771,
              13.0842842097244
            ],
            [
              80.2048718549331,
              13.0842821669943
            ],
            [
              80.204875525941,
              13.0841463578695
            ],
            [
              80.2051056528112,
              13.0841523351599
            ]
          ]
        ]
      }
    },
    {
      "type": "Feature",
      "properties": {
        "building_id": "B049",
        "parcel_id": "P000049",
        "demo_ulpin": "DEMO-TN-CHN-000049",
        "height": 16.0,
        "floors": 5,
        "is_primary": false,
        "is_mapped": false,
        "data_status": "REAL FOOTPRINT / SYNTHETIC HEIGHT",
        "source": "Google Open Buildings"
      },
      "geometry": {
        "type": "Polygon",
        "coordinates": [
          [
            [
              80.2045784831071,
              13.0856547498692
            ],
            [
              80.2046847831055,
              13.0856510498658
            ],
            [
              80.2046882831087,
              13.0857454498657
            ],
            [
              80.2045819831103,
              13.0857491498691
            ],
            [
              80.2045784831071,
              13.0856547498692
            ]
          ]
        ]
      }
    },
    {
      "type": "Feature",
      "properties": {
        "building_id": "B050",
        "parcel_id": "P000050",
        "demo_ulpin": "DEMO-TN-CHN-000050",
        "height": 16.0,
        "floors": 5,
        "is_primary": false,
        "is_mapped": false,
        "data_status": "REAL FOOTPRINT / SYNTHETIC HEIGHT",
        "source": "Google Open Buildings"
      },
      "geometry": {
        "type": "Polygon",
        "coordinates": [
          [
            [
              80.2057851948395,
              13.0846014876354
            ],
            [
              80.2057918535478,
              13.0848063980986
            ],
            [
              80.2057259802133,
              13.0848084550309
            ],
            [
              80.2057239157337,
              13.0847449236543
            ],
            [
              80.2056661696191,
              13.0847467267962
            ],
            [
              80.205661575478,
              13.0846053477117
            ],
            [
              80.2057851948395,
              13.0846014876354
            ]
          ]
        ]
      }
    },
    {
      "type": "Feature",
      "properties": {
        "building_id": "B051",
        "parcel_id": "P000051",
        "demo_ulpin": "DEMO-TN-CHN-000051",
        "height": 12.8,
        "floors": 4,
        "is_primary": false,
        "is_mapped": false,
        "data_status": "REAL FOOTPRINT / SYNTHETIC HEIGHT",
        "source": "Google Open Buildings"
      },
      "geometry": {
        "type": "Polygon",
        "coordinates": [
          [
            [
              80.2054557392902,
              13.0842948334737
            ],
            [
              80.2054571037396,
              13.0843341326512
            ],
            [
              80.2053637356931,
              13.0843372476497
            ],
            [
              80.2053623712584,
              13.084297948472
            ],
            [
              80.2054557392902,
              13.0842948334737
            ]
          ]
        ]
      }
    },
    {
      "type": "Feature",
      "properties": {
        "building_id": "B052",
        "parcel_id": "P000052",
        "demo_ulpin": "DEMO-TN-CHN-000052",
        "height": 16.0,
        "floors": 5,
        "is_primary": false,
        "is_mapped": false,
        "data_status": "REAL FOOTPRINT / SYNTHETIC HEIGHT",
        "source": "Google Open Buildings"
      },
      "geometry": {
        "type": "Polygon",
        "coordinates": [
          [
            [
              80.205668641224,
              13.085411750105
            ],
            [
              80.2056883474233,
              13.0855365507886
            ],
            [
              80.2056213043463,
              13.0855467231838
            ],
            [
              80.2056015981805,
              13.0854219224969
            ],
            [
              80.205668641224,
              13.085411750105
            ]
          ]
        ]
      }
    },
    {
      "type": "Feature",
      "properties": {
        "building_id": "B053",
        "parcel_id": "P000053",
        "demo_ulpin": "DEMO-TN-CHN-000053",
        "height": 6.4,
        "floors": 2,
        "is_primary": false,
        "is_mapped": false,
        "data_status": "REAL FOOTPRINT / SYNTHETIC HEIGHT",
        "source": "Google Open Buildings"
      },
      "geometry": {
        "type": "Polygon",
        "coordinates": [
          [
            [
              80.2051925830289,
              13.084128049811
            ],
            [
              80.2051971830333,
              13.0842593498109
            ],
            [
              80.2051064830348,
              13.0842623498138
            ],
            [
              80.2051023830308,
              13.084144849814
            ],
            [
              80.20515338303,
              13.0841431498123
            ],
            [
              80.2051529830295,
              13.0841293498123
            ],
            [
              80.2051925830289,
              13.084128049811
            ]
          ]
        ]
      }
    },
    {
      "type": "Feature",
      "properties": {
        "building_id": "B054",
        "parcel_id": "P000054",
        "demo_ulpin": "DEMO-TN-CHN-000054",
        "height": 12.8,
        "floors": 4,
        "is_primary": false,
        "is_mapped": false,
        "data_status": "REAL FOOTPRINT / SYNTHETIC HEIGHT",
        "source": "Google Open Buildings"
      },
      "geometry": {
        "type": "Polygon",
        "coordinates": [
          [
            [
              80.2048120118945,
              13.0841513652433
            ],
            [
              80.204815240512,
              13.0842959452575
            ],
            [
              80.204609076778,
              13.0843003691072
            ],
            [
              80.2046058482816,
              13.0841557890973
            ],
            [
              80.2048120118945,
              13.0841513652433
            ]
          ]
        ]
      }
    },
    {
      "type": "Feature",
      "properties": {
        "building_id": "B055",
        "parcel_id": "P000055",
        "demo_ulpin": "DEMO-TN-CHN-000055",
        "height": 16.0,
        "floors": 5,
        "is_primary": false,
        "is_mapped": false,
        "data_status": "REAL FOOTPRINT / SYNTHETIC HEIGHT",
        "source": "Google Open Buildings"
      },
      "geometry": {
        "type": "Polygon",
        "coordinates": [
          [
            [
              80.2052648830279,
              13.0841256498089
            ],
            [
              80.2052653830283,
              13.0841393498089
            ],
            [
              80.2053187830275,
              13.0841376498071
            ],
            [
              80.205324383033,
              13.0842992498069
            ],
            [
              80.2052292830345,
              13.08430234981
            ],
            [
              80.205227783033,
              13.0842583498101
            ],
            [
              80.2051971830334,
              13.0842593498111
            ],
            [
              80.205192583029,
              13.0841280498112
            ],
            [
              80.2052648830279,
              13.0841256498089
            ]
          ]
        ]
      }
    },
    {
      "type": "Feature",
      "properties": {
        "building_id": "B056",
        "parcel_id": "P000056",
        "demo_ulpin": "DEMO-TN-CHN-000056",
        "height": 9.600000000000001,
        "floors": 3,
        "is_primary": false,
        "is_mapped": false,
        "data_status": "REAL FOOTPRINT / SYNTHETIC HEIGHT",
        "source": "Google Open Buildings"
      },
      "geometry": {
        "type": "Polygon",
        "coordinates": [
          [
            [
              80.2057939965313,
              13.0855275753915
            ],
            [
              80.2056866686102,
              13.0855340366621
            ],
            [
              80.2056787517487,
              13.0854076698479
            ],
            [
              80.2056090380558,
              13.0854118666745
            ],
            [
              80.2056051756459,
              13.0853502156217
            ],
            [
              80.2057822171617,
              13.0853395575247
            ],
            [
              80.2057939965313,
              13.0855275753915
            ]
          ]
        ]
      }
    },
    {
      "type": "Feature",
      "properties": {
        "building_id": "B057",
        "parcel_id": "P000057",
        "demo_ulpin": "DEMO-TN-CHN-000057",
        "height": 6.4,
        "floors": 2,
        "is_primary": false,
        "is_mapped": false,
        "data_status": "REAL FOOTPRINT / SYNTHETIC HEIGHT",
        "source": "Google Open Buildings"
      },
      "geometry": {
        "type": "Polygon",
        "coordinates": [
          [
            [
              80.2045490473553,
              13.08561238256
            ],
            [
              80.2045537649204,
              13.0857410631608
            ],
            [
              80.2044668147161,
              13.0857441262261
            ],
            [
              80.2044620971978,
              13.0856154456261
            ],
            [
              80.2045490473553,
              13.08561238256
            ]
          ]
        ]
      }
    },
    {
      "type": "Feature",
      "properties": {
        "building_id": "B058",
        "parcel_id": "P000058",
        "demo_ulpin": "DEMO-TN-CHN-000058",
        "height": 6.4,
        "floors": 2,
        "is_primary": false,
        "is_mapped": false,
        "data_status": "REAL FOOTPRINT / SYNTHETIC HEIGHT",
        "source": "Google Open Buildings"
      },
      "geometry": {
        "type": "Polygon",
        "coordinates": [
          [
            [
              80.2042350760157,
              13.0846829994939
            ],
            [
              80.2042415321607,
              13.0848059281148
            ],
            [
              80.2041665279751,
              13.0848097133316
            ],
            [
              80.2041600718675,
              13.0846867847111
            ],
            [
              80.2042350760157,
              13.0846829994939
            ]
          ]
        ]
      }
    },
    {
      "type": "Feature",
      "properties": {
        "building_id": "B059",
        "parcel_id": "P000059",
        "demo_ulpin": "DEMO-TN-CHN-000059",
        "height": 12.8,
        "floors": 4,
        "is_primary": false,
        "is_mapped": false,
        "data_status": "REAL FOOTPRINT / SYNTHETIC HEIGHT",
        "source": "Google Open Buildings"
      },
      "geometry": {
        "type": "Polygon",
        "coordinates": [
          [
            [
              80.2042436097792,
              13.0848454871084
            ],
            [
              80.2041152326098,
              13.0848519658717
            ],
            [
              80.2041131550127,
              13.0848124068797
            ],
            [
              80.2042415321616,
              13.0848059281168
            ],
            [
              80.2042436097792,
              13.0848454871084
            ]
          ]
        ]
      }
    },
    {
      "type": "Feature",
      "properties": {
        "building_id": "B060",
        "parcel_id": "P000060",
        "demo_ulpin": "DEMO-TN-CHN-000060",
        "height": 12.8,
        "floors": 4,
        "is_primary": false,
        "is_mapped": false,
        "data_status": "REAL FOOTPRINT / SYNTHETIC HEIGHT",
        "source": "Google Open Buildings"
      },
      "geometry": {
        "type": "Polygon",
        "coordinates": [
          [
            [
              80.2044282830938,
              13.0845016480435
            ],
            [
              80.2042895993517,
              13.0845092165115
            ],
            [
              80.2042823473887,
              13.0843815248135
            ],
            [
              80.2044210310592,
              13.0843739563453
            ],
            [
              80.2044282830938,
              13.0845016480435
            ]
          ]
        ]
      }
    },
    {
      "type": "Feature",
      "properties": {
        "building_id": "B061",
        "parcel_id": "P000061",
        "demo_ulpin": "DEMO-TN-CHN-000061",
        "height": 12.8,
        "floors": 4,
        "is_primary": false,
        "is_mapped": false,
        "data_status": "REAL FOOTPRINT / SYNTHETIC HEIGHT",
        "source": "Google Open Buildings"
      },
      "geometry": {
        "type": "Polygon",
        "coordinates": [
          [
            [
              80.2043312841131,
              13.0853883391674
            ],
            [
              80.2043390085046,
              13.0855913960331
            ],
            [
              80.2042488816123,
              13.085594690479
            ],
            [
              80.2042411572949,
              13.0853916336149
            ],
            [
              80.2043312841131,
              13.0853883391674
            ]
          ]
        ]
      }
    },
    {
      "type": "Feature",
      "properties": {
        "building_id": "B062",
        "parcel_id": "P000062",
        "demo_ulpin": "DEMO-TN-CHN-000062",
        "height": 6.4,
        "floors": 2,
        "is_primary": false,
        "is_mapped": false,
        "data_status": "REAL FOOTPRINT / SYNTHETIC HEIGHT",
        "source": "Google Open Buildings"
      },
      "geometry": {
        "type": "Polygon",
        "coordinates": [
          [
            [
              80.2057963830869,
              13.0856004498275
            ],
            [
              80.2058031830908,
              13.0857167498273
            ],
            [
              80.2053664830979,
              13.0857414498416
            ],
            [
              80.2053577830929,
              13.0855941498419
            ],
            [
              80.2057892830859,
              13.0855697498278
            ],
            [
              80.205791083087,
              13.0856007498277
            ],
            [
              80.2057963830869,
              13.0856004498275
            ]
          ]
        ]
      }
    },
    {
      "type": "Feature",
      "properties": {
        "building_id": "B063",
        "parcel_id": "P000063",
        "demo_ulpin": "DEMO-TN-CHN-000063",
        "height": 12.8,
        "floors": 4,
        "is_primary": false,
        "is_mapped": false,
        "data_status": "REAL FOOTPRINT / SYNTHETIC HEIGHT",
        "source": "Google Open Buildings"
      },
      "geometry": {
        "type": "Polygon",
        "coordinates": [
          [
            [
              80.205439483031,
              13.084292449803
            ],
            [
              80.2053557830323,
              13.0842961498057
            ],
            [
              80.2053479830265,
              13.084124049806
            ],
            [
              80.2054315830252,
              13.0841204498032
            ],
            [
              80.205439483031,
              13.084292449803
            ]
          ]
        ]
      }
    },
    {
      "type": "Feature",
      "properties": {
        "building_id": "B064",
        "parcel_id": "P000064",
        "demo_ulpin": "DEMO-TN-CHN-000064",
        "height": 12.8,
        "floors": 4,
        "is_primary": false,
        "is_mapped": false,
        "data_status": "REAL FOOTPRINT / SYNTHETIC HEIGHT",
        "source": "Google Open Buildings"
      },
      "geometry": {
        "type": "Polygon",
        "coordinates": [
          [
            [
              80.2049977479826,
              13.0858384911979
            ],
            [
              80.2050039358195,
              13.0859519145425
            ],
            [
              80.2049647920695,
              13.0859539665568
            ],
            [
              80.2049612983703,
              13.0858899267026
            ],
            [
              80.204937324364,
              13.0858911834782
            ],
            [
              80.2049346302492,
              13.0858417999878
            ],
            [
              80.2049977479826,
              13.0858384911979
            ]
          ]
        ]
      }
    },
    {
      "type": "Feature",
      "properties": {
        "building_id": "B065",
        "parcel_id": "P000065",
        "demo_ulpin": "DEMO-TN-CHN-000065",
        "height": 9.600000000000001,
        "floors": 3,
        "is_primary": false,
        "is_mapped": false,
        "data_status": "REAL FOOTPRINT / SYNTHETIC HEIGHT",
        "source": "Google Open Buildings"
      },
      "geometry": {
        "type": "Polygon",
        "coordinates": [
          [
            [
              80.2057574223489,
              13.0845033856965
            ],
            [
              80.2056232132153,
              13.0845111163107
            ],
            [
              80.2056129980816,
              13.0843407037923
            ],
            [
              80.205747207121,
              13.0843329731783
            ],
            [
              80.2057574223489,
              13.0845033856965
            ]
          ]
        ]
      }
    },
    {
      "type": "Feature",
      "properties": {
        "building_id": "B066",
        "parcel_id": "P000066",
        "demo_ulpin": "DEMO-TN-CHN-000066",
        "height": 6.4,
        "floors": 2,
        "is_primary": false,
        "is_mapped": false,
        "data_status": "REAL FOOTPRINT / SYNTHETIC HEIGHT",
        "source": "Google Open Buildings"
      },
      "geometry": {
        "type": "Polygon",
        "coordinates": [
          [
            [
              80.2041600718676,
              13.0846867847113
            ],
            [
              80.2041665279751,
              13.0848097133317
            ],
            [
              80.2041131550119,
              13.0848124068778
            ],
            [
              80.2041066989308,
              13.0846894782577
            ],
            [
              80.2041600718676,
              13.0846867847113
            ]
          ]
        ]
      }
    },
    {
      "type": "Feature",
      "properties": {
        "building_id": "B067",
        "parcel_id": "P000067",
        "demo_ulpin": "DEMO-TN-CHN-000067",
        "height": 12.8,
        "floors": 4,
        "is_primary": false,
        "is_mapped": false,
        "data_status": "REAL FOOTPRINT / SYNTHETIC HEIGHT",
        "source": "Google Open Buildings"
      },
      "geometry": {
        "type": "Polygon",
        "coordinates": [
          [
            [
              80.2045429330243,
              13.084273866897
            ],
            [
              80.2044715882824,
              13.0842789790575
            ],
            [
              80.2044672916461,
              13.0842213588174
            ],
            [
              80.2045386363715,
              13.0842162466584
            ],
            [
              80.2045429330243,
              13.084273866897
            ]
          ]
        ]
      }
    },
    {
      "type": "Feature",
      "properties": {
        "building_id": "B068",
        "parcel_id": "P000068",
        "demo_ulpin": "DEMO-TN-CHN-000068",
        "height": 9.600000000000001,
        "floors": 3,
        "is_primary": false,
        "is_mapped": false,
        "data_status": "REAL FOOTPRINT / SYNTHETIC HEIGHT",
        "source": "Google Open Buildings"
      },
      "geometry": {
        "type": "Polygon",
        "coordinates": [
          [
            [
              80.2049346302493,
              13.085841799988
            ],
            [
              80.204940398577,
              13.0859475342064
            ],
            [
              80.2048734987945,
              13.0859510412422
            ],
            [
              80.2048677304963,
              13.0858453070238
            ],
            [
              80.2049346302493,
              13.085841799988
            ]
          ]
        ]
      }
    },
    {
      "type": "Feature",
      "properties": {
        "building_id": "B069",
        "parcel_id": "P000069",
        "demo_ulpin": "DEMO-TN-CHN-000069",
        "height": 16.0,
        "floors": 5,
        "is_primary": false,
        "is_mapped": false,
        "data_status": "REAL FOOTPRINT / SYNTHETIC HEIGHT",
        "source": "Google Open Buildings"
      },
      "geometry": {
        "type": "Polygon",
        "coordinates": [
          [
            [
              80.2048238434497,
              13.0841471205662
            ],
            [
              80.204709205581,
              13.0841530850907
            ],
            [
              80.204706959032,
              13.0841115936384
            ],
            [
              80.2048215968815,
              13.0841056291146
            ],
            [
              80.2048238434497,
              13.0841471205662
            ]
          ]
        ]
      }
    },
    {
      "type": "Feature",
      "properties": {
        "building_id": "B070",
        "parcel_id": "P000070",
        "demo_ulpin": "DEMO-TN-CHN-000070",
        "height": 6.4,
        "floors": 2,
        "is_primary": false,
        "is_mapped": false,
        "data_status": "REAL FOOTPRINT / SYNTHETIC HEIGHT",
        "source": "Google Open Buildings"
      },
      "geometry": {
        "type": "Polygon",
        "coordinates": [
          [
            [
              80.2053829967781,
              13.0859243317807
            ],
            [
              80.205303715193,
              13.0859284880334
            ],
            [
              80.2053024589975,
              13.0859054624226
            ],
            [
              80.2052450220168,
              13.0859084734801
            ],
            [
              80.2052466976969,
              13.0859391882172
            ],
            [
              80.2050039358193,
              13.0859519145422
            ],
            [
              80.2049977479824,
              13.0858384911976
            ],
            [
              80.2053772282611,
              13.0858185975615
            ],
            [
              80.2053829967781,
              13.0859243317807
            ]
          ]
        ]
      }
    },
    {
      "type": "Feature",
      "properties": {
        "building_id": "B071",
        "parcel_id": "P000071",
        "demo_ulpin": "DEMO-TN-CHN-000071",
        "height": 12.8,
        "floors": 4,
        "is_primary": false,
        "is_mapped": false,
        "data_status": "REAL FOOTPRINT / SYNTHETIC HEIGHT",
        "source": "Google Open Buildings"
      },
      "geometry": {
        "type": "Polygon",
        "coordinates": [
          [
            [
              80.2048680020773,
              13.0859436114467
            ],
            [
              80.2048092963932,
              13.0859468978572
            ],
            [
              80.2048030340569,
              13.0858394054386
            ],
            [
              80.2048617397154,
              13.085836119028
            ],
            [
              80.2048680020773,
              13.0859436114467
            ]
          ]
        ]
      }
    },
    {
      "type": "Feature",
      "properties": {
        "building_id": "B072",
        "parcel_id": "P000072",
        "demo_ulpin": "DEMO-TN-CHN-000072",
        "height": 16.0,
        "floors": 5,
        "is_primary": false,
        "is_mapped": false,
        "data_status": "REAL FOOTPRINT / SYNTHETIC HEIGHT",
        "source": "Google Open Buildings"
      },
      "geometry": {
        "type": "Polygon",
        "coordinates": [
          [
            [
              80.2059260142009,
              13.0846073198404
            ],
            [
              80.205920949876,
              13.0848018839572
            ],
            [
              80.2058070835444,
              13.0847990359251
            ],
            [
              80.2058091271385,
              13.0847205254173
            ],
            [
              80.2058317104558,
              13.0847210902765
            ],
            [
              80.2058325404169,
              13.0846892048078
            ],
            [
              80.2058099571025,
              13.0846886399492
            ],
            [
              80.2058121479579,
              13.0846044718154
            ],
            [
              80.2059260142009,
              13.0846073198404
            ]
          ]
        ]
      }
    },
    {
      "type": "Feature",
      "properties": {
        "building_id": "B073",
        "parcel_id": "P000073",
        "demo_ulpin": "DEMO-TN-CHN-000073",
        "height": 9.600000000000001,
        "floors": 3,
        "is_primary": false,
        "is_mapped": false,
        "data_status": "REAL FOOTPRINT / SYNTHETIC HEIGHT",
        "source": "Google Open Buildings"
      },
      "geometry": {
        "type": "Polygon",
        "coordinates": [
          [
            [
              80.2041920830823,
              13.0850074498635
            ],
            [
              80.203956183086,
              13.0850164498712
            ],
            [
              80.2039513830819,
              13.0848949498714
            ],
            [
              80.2041872830782,
              13.0848859498637
            ],
            [
              80.2041920830823,
              13.0850074498635
            ]
          ]
        ]
      }
    },
    {
      "type": "Feature",
      "properties": {
        "building_id": "B074",
        "parcel_id": "P000074",
        "demo_ulpin": "DEMO-TN-CHN-000074",
        "height": 9.600000000000001,
        "floors": 3,
        "is_primary": false,
        "is_mapped": false,
        "data_status": "REAL FOOTPRINT / SYNTHETIC HEIGHT",
        "source": "Google Open Buildings"
      },
      "geometry": {
        "type": "Polygon",
        "coordinates": [
          [
            [
              80.2047950074172,
              13.0858485353412
            ],
            [
              80.2047997648557,
              13.0859535578809
            ],
            [
              80.2047317206024,
              13.0859565197302
            ],
            [
              80.2047269631927,
              13.0858514971909
            ],
            [
              80.2047950074172,
              13.0858485353412
            ]
          ]
        ]
      }
    },
    {
      "type": "Feature",
      "properties": {
        "building_id": "B075",
        "parcel_id": "P000075",
        "demo_ulpin": "DEMO-TN-CHN-000075",
        "height": 6.4,
        "floors": 2,
        "is_primary": false,
        "is_mapped": false,
        "data_status": "REAL FOOTPRINT / SYNTHETIC HEIGHT",
        "source": "Google Open Buildings"
      },
      "geometry": {
        "type": "Polygon",
        "coordinates": [
          [
            [
              80.2045341795522,
              13.0841564784964
            ],
            [
              80.2045386363709,
              13.0842162466569
            ],
            [
              80.2044672916455,
              13.0842213588159
            ],
            [
              80.2044628348441,
              13.0841615906564
            ],
            [
              80.2045341795522,
              13.0841564784964
            ]
          ]
        ]
      }
    },
    {
      "type": "Feature",
      "properties": {
        "building_id": "B076",
        "parcel_id": "P000076",
        "demo_ulpin": "DEMO-TN-CHN-000076",
        "height": 9.600000000000001,
        "floors": 3,
        "is_primary": false,
        "is_mapped": false,
        "data_status": "REAL FOOTPRINT / SYNTHETIC HEIGHT",
        "source": "Google Open Buildings"
      },
      "geometry": {
        "type": "Polygon",
        "coordinates": [
          [
            [
              80.2047260831143,
              13.0858573498696
            ],
            [
              80.2047216831179,
              13.0859608498697
            ],
            [
              80.2046803831184,
              13.0859590498711
            ],
            [
              80.2046847831148,
              13.0858556498709
            ],
            [
              80.2047260831143,
              13.0858573498696
            ]
          ]
        ]
      }
    },
    {
      "type": "Feature",
      "properties": {
        "building_id": "B077",
        "parcel_id": "P000077",
        "demo_ulpin": "DEMO-TN-CHN-000077",
        "height": 9.600000000000001,
        "floors": 3,
        "is_primary": false,
        "is_mapped": false,
        "data_status": "REAL FOOTPRINT / SYNTHETIC HEIGHT",
        "source": "Google Open Buildings"
      },
      "geometry": {
        "type": "Polygon",
        "coordinates": [
          [
            [
              80.2044249830417,
              13.0841559498378
            ],
            [
              80.2044176830479,
              13.0843322498381
            ],
            [
              80.2043151830492,
              13.0843281498414
            ],
            [
              80.204322483043,
              13.0841518498412
            ],
            [
              80.2044249830417,
              13.0841559498378
            ]
          ]
        ]
      }
    },
    {
      "type": "Feature",
      "properties": {
        "building_id": "B078",
        "parcel_id": "P000078",
        "demo_ulpin": "DEMO-TN-CHN-000078",
        "height": 9.600000000000001,
        "floors": 3,
        "is_primary": false,
        "is_mapped": false,
        "data_status": "REAL FOOTPRINT / SYNTHETIC HEIGHT",
        "source": "Google Open Buildings"
      },
      "geometry": {
        "type": "Polygon",
        "coordinates": [
          [
            [
              80.2046756721325,
              13.0858537297921
            ],
            [
              80.2046804295204,
              13.0859587523312
            ],
            [
              80.2045552818613,
              13.0859641997215
            ],
            [
              80.2045505245267,
              13.085859177183
            ],
            [
              80.2046756721325,
              13.0858537297921
            ]
          ]
        ]
      }
    },
    {
      "type": "Feature",
      "properties": {
        "building_id": "B079",
        "parcel_id": "P000079",
        "demo_ulpin": "DEMO-TN-CHN-000079",
        "height": 9.600000000000001,
        "floors": 3,
        "is_primary": false,
        "is_mapped": false,
        "data_status": "REAL FOOTPRINT / SYNTHETIC HEIGHT",
        "source": "Google Open Buildings"
      },
      "geometry": {
        "type": "Polygon",
        "coordinates": [
          [
            [
              80.2061059307783,
              13.0848135213931
            ],
            [
              80.2061101246575,
              13.084932603984
            ],
            [
              80.2058535559468,
              13.0849412865993
            ],
            [
              80.2058493621913,
              13.0848222040136
            ],
            [
              80.2061059307783,
              13.0848135213931
            ]
          ]
        ]
      }
    },
    {
      "type": "Feature",
      "properties": {
        "building_id": "B080",
        "parcel_id": "P000080",
        "demo_ulpin": "DEMO-TN-CHN-000080",
        "height": 6.4,
        "floors": 2,
        "is_primary": false,
        "is_mapped": false,
        "data_status": "REAL FOOTPRINT / SYNTHETIC HEIGHT",
        "source": "Google Open Buildings"
      },
      "geometry": {
        "type": "Polygon",
        "coordinates": [
          [
            [
              80.2041983669463,
              13.0845489888951
            ],
            [
              80.2041005361938,
              13.0845543277876
            ],
            [
              80.2040971802323,
              13.0844952356349
            ],
            [
              80.2040671517592,
              13.0844968743642
            ],
            [
              80.2040645057279,
              13.0844502826308
            ],
            [
              80.2041923649063,
              13.084443305009
            ],
            [
              80.2041983669463,
              13.0845489888951
            ]
          ]
        ]
      }
    },
    {
      "type": "Feature",
      "properties": {
        "building_id": "B081",
        "parcel_id": "P000081",
        "demo_ulpin": "DEMO-TN-CHN-000081",
        "height": 6.4,
        "floors": 2,
        "is_primary": false,
        "is_mapped": false,
        "data_status": "REAL FOOTPRINT / SYNTHETIC HEIGHT",
        "source": "Google Open Buildings"
      },
      "geometry": {
        "type": "Polygon",
        "coordinates": [
          [
            [
              80.2042855830554,
              13.0844382498469
            ],
            [
              80.2040945830585,
              13.0844486498531
            ],
            [
              80.2040912830566,
              13.0843919498532
            ],
            [
              80.2042823830535,
              13.084381549847
            ],
            [
              80.2042855830554,
              13.0844382498469
            ]
          ]
        ]
      }
    },
    {
      "type": "Feature",
      "properties": {
        "building_id": "B082",
        "parcel_id": "P000082",
        "demo_ulpin": "DEMO-TN-CHN-000082",
        "height": 12.8,
        "floors": 4,
        "is_primary": false,
        "is_mapped": false,
        "data_status": "REAL FOOTPRINT / SYNTHETIC HEIGHT",
        "source": "Google Open Buildings"
      },
      "geometry": {
        "type": "Polygon",
        "coordinates": [
          [
            [
              80.2042060407956,
              13.0853929172365
            ],
            [
              80.2042069524641,
              13.0854168832511
            ],
            [
              80.2041847921246,
              13.0854176932808
            ],
            [
              80.2041916047292,
              13.0855967841286
            ],
            [
              80.2040665619898,
              13.0856013547877
            ],
            [
              80.2040619489279,
              13.0854800842728
            ],
            [
              80.2040811938251,
              13.0854793808221
            ],
            [
              80.2040780827129,
              13.085397594476
            ],
            [
              80.2042060407956,
              13.0853929172365
            ]
          ]
        ]
      }
    },
    {
      "type": "Feature",
      "properties": {
        "building_id": "B083",
        "parcel_id": "P000083",
        "demo_ulpin": "DEMO-TN-CHN-000083",
        "height": 16.0,
        "floors": 5,
        "is_primary": false,
        "is_mapped": false,
        "data_status": "REAL FOOTPRINT / SYNTHETIC HEIGHT",
        "source": "Google Open Buildings"
      },
      "geometry": {
        "type": "Polygon",
        "coordinates": [
          [
            [
              80.2056129489136,
              13.0859292492189
            ],
            [
              80.2054156291106,
              13.0859314385899
            ],
            [
              80.2054143038219,
              13.0858166605321
            ],
            [
              80.2056116235334,
              13.0858144711623
            ],
            [
              80.2056129489136,
              13.0859292492189
            ]
          ]
        ]
      }
    },
    {
      "type": "Feature",
      "properties": {
        "building_id": "B084",
        "parcel_id": "P000084",
        "demo_ulpin": "DEMO-TN-CHN-000084",
        "height": 16.0,
        "floors": 5,
        "is_primary": false,
        "is_mapped": false,
        "data_status": "REAL FOOTPRINT / SYNTHETIC HEIGHT",
        "source": "Google Open Buildings"
      },
      "geometry": {
        "type": "Polygon",
        "coordinates": [
          [
            [
              80.20489845779,
              13.0840269987406
            ],
            [
              80.2047781292347,
              13.0840333905353
            ],
            [
              80.2047742359673,
              13.0839629616148
            ],
            [
              80.2048945644885,
              13.0839565698199
            ],
            [
              80.20489845779,
              13.0840269987406
            ]
          ]
        ]
      }
    },
    {
      "type": "Feature",
      "properties": {
        "building_id": "B085",
        "parcel_id": "P000085",
        "demo_ulpin": "DEMO-TN-CHN-000085",
        "height": 9.600000000000001,
        "floors": 3,
        "is_primary": false,
        "is_mapped": false,
        "data_status": "REAL FOOTPRINT / SYNTHETIC HEIGHT",
        "source": "Google Open Buildings"
      },
      "geometry": {
        "type": "Polygon",
        "coordinates": [
          [
            [
              80.2058324747018,
              13.0842975733871
            ],
            [
              80.2055602321132,
              13.0843024398391
            ],
            [
              80.2055580706653,
              13.0841862444037
            ],
            [
              80.2058303131262,
              13.0841813779456
            ],
            [
              80.2058324747018,
              13.0842975733871
            ]
          ]
        ]
      }
    },
    {
      "type": "Feature",
      "properties": {
        "building_id": "B086",
        "parcel_id": "P000086",
        "demo_ulpin": "DEMO-TN-CHN-000086",
        "height": 9.600000000000001,
        "floors": 3,
        "is_primary": false,
        "is_mapped": false,
        "data_status": "REAL FOOTPRINT / SYNTHETIC HEIGHT",
        "source": "Google Open Buildings"
      },
      "geometry": {
        "type": "Polygon",
        "coordinates": [
          [
            [
              80.2045505245268,
              13.0858591771832
            ],
            [
              80.2045552818614,
              13.0859641997216
            ],
            [
              80.2044985153208,
              13.0859666706187
            ],
            [
              80.2044937580102,
              13.0858616480806
            ],
            [
              80.2045505245268,
              13.0858591771832
            ]
          ]
        ]
      }
    },
    {
      "type": "Feature",
      "properties": {
        "building_id": "B087",
        "parcel_id": "P000087",
        "demo_ulpin": "DEMO-TN-CHN-000087",
        "height": 9.600000000000001,
        "floors": 3,
        "is_primary": false,
        "is_mapped": false,
        "data_status": "REAL FOOTPRINT / SYNTHETIC HEIGHT",
        "source": "Google Open Buildings"
      },
      "geometry": {
        "type": "Polygon",
        "coordinates": [
          [
            [
              80.2049778613734,
              13.0860068576806
            ],
            [
              80.2049752150395,
              13.0860547668083
            ],
            [
              80.2049122784477,
              13.0860514263007
            ],
            [
              80.2049149247936,
              13.0860035171743
            ],
            [
              80.2049778613734,
              13.0860068576806
            ]
          ]
        ]
      }
    },
    {
      "type": "Feature",
      "properties": {
        "building_id": "B088",
        "parcel_id": "P000088",
        "demo_ulpin": "DEMO-TN-CHN-000088",
        "height": 16.0,
        "floors": 5,
        "is_primary": false,
        "is_mapped": false,
        "data_status": "REAL FOOTPRINT / SYNTHETIC HEIGHT",
        "source": "Google Open Buildings"
      },
      "geometry": {
        "type": "Polygon",
        "coordinates": [
          [
            [
              80.2051074291318,
              13.0840094886862
            ],
            [
              80.2050275407209,
              13.0840154332254
            ],
            [
              80.2050260843639,
              13.0839966260527
            ],
            [
              80.2050036904889,
              13.0839982923881
            ],
            [
              80.2050051468447,
              13.0840170995612
            ],
            [
              80.2049821981722,
              13.0840188071774
            ],
            [
              80.2049767040528,
              13.0839478567901
            ],
            [
              80.2049988476041,
              13.083946209083
            ],
            [
              80.2049968307938,
              13.0839201642658
            ],
            [
              80.2050999181554,
              13.0839124934836
            ],
            [
              80.2051074291318,
              13.0840094886862
            ]
          ]
        ]
      }
    },
    {
      "type": "Feature",
      "properties": {
        "building_id": "B089",
        "parcel_id": "P000089",
        "demo_ulpin": "DEMO-TN-CHN-000089",
        "height": 9.600000000000001,
        "floors": 3,
        "is_primary": false,
        "is_mapped": false,
        "data_status": "REAL FOOTPRINT / SYNTHETIC HEIGHT",
        "source": "Google Open Buildings"
      },
      "geometry": {
        "type": "Polygon",
        "coordinates": [
          [
            [
              80.2047932792442,
              13.0839623137145
            ],
            [
              80.2047940062996,
              13.0839778358657
            ],
            [
              80.2047754255618,
              13.0839786721759
            ],
            [
              80.2047780095954,
              13.0840338396604
            ],
            [
              80.2046749727593,
              13.0840384772735
            ],
            [
              80.204671661701,
              13.0839677876382
            ],
            [
              80.2047932792442,
              13.0839623137145
            ]
          ]
        ]
      }
    },
    {
      "type": "Feature",
      "properties": {
        "building_id": "B090",
        "parcel_id": "P000090",
        "demo_ulpin": "DEMO-TN-CHN-000090",
        "height": 6.4,
        "floors": 2,
        "is_primary": false,
        "is_mapped": false,
        "data_status": "REAL FOOTPRINT / SYNTHETIC HEIGHT",
        "source": "Google Open Buildings"
      },
      "geometry": {
        "type": "Polygon",
        "coordinates": [
          [
            [
              80.2059469550608,
              13.0843211286882
            ],
            [
              80.2059578474022,
              13.0844914290607
            ],
            [
              80.205762502681,
              13.0845034348872
            ],
            [
              80.205751610475,
              13.0843331345143
            ],
            [
              80.2059469550608,
              13.0843211286882
            ]
          ]
        ]
      }
    },
    {
      "type": "Feature",
      "properties": {
        "building_id": "B091",
        "parcel_id": "P000091",
        "demo_ulpin": "DEMO-TN-CHN-000091",
        "height": 16.0,
        "floors": 5,
        "is_primary": false,
        "is_mapped": false,
        "data_status": "REAL FOOTPRINT / SYNTHETIC HEIGHT",
        "source": "Google Open Buildings"
      },
      "geometry": {
        "type": "Polygon",
        "coordinates": [
          [
            [
              80.203930898705,
              13.0846800286765
            ],
            [
              80.2039314134575,
              13.0846930254331
            ],
            [
              80.2040618938985,
              13.0846880595271
            ],
            [
              80.2040686401732,
              13.0848583908753
            ],
            [
              80.2038859163087,
              13.084865345068
            ],
            [
              80.2038786554098,
              13.0846820169658
            ],
            [
              80.203930898705,
              13.0846800286765
            ]
          ]
        ]
      }
    },
    {
      "type": "Feature",
      "properties": {
        "building_id": "B092",
        "parcel_id": "P000092",
        "demo_ulpin": "DEMO-TN-CHN-000092",
        "height": 12.8,
        "floors": 4,
        "is_primary": false,
        "is_mapped": false,
        "data_status": "REAL FOOTPRINT / SYNTHETIC HEIGHT",
        "source": "Google Open Buildings"
      },
      "geometry": {
        "type": "Polygon",
        "coordinates": [
          [
            [
              80.2052540985918,
              13.0859635068162
            ],
            [
              80.2052633543969,
              13.0860897413482
            ],
            [
              80.2051787296884,
              13.0860957036503
            ],
            [
              80.2051694739257,
              13.0859694691178
            ],
            [
              80.2052540985918,
              13.0859635068162
            ]
          ]
        ]
      }
    },
    {
      "type": "Feature",
      "properties": {
        "building_id": "B093",
        "parcel_id": "P000093",
        "demo_ulpin": "DEMO-TN-CHN-000093",
        "height": 6.4,
        "floors": 2,
        "is_primary": false,
        "is_mapped": false,
        "data_status": "REAL FOOTPRINT / SYNTHETIC HEIGHT",
        "source": "Google Open Buildings"
      },
      "geometry": {
        "type": "Polygon",
        "coordinates": [
          [
            [
              80.2042671462822,
              13.0856337821084
            ],
            [
              80.2042848262273,
              13.0857739622265
            ],
            [
              80.2041711512928,
              13.0857877388042
            ],
            [
              80.2041534714108,
              13.0856475586826
            ],
            [
              80.2042671462822,
              13.0856337821084
            ]
          ]
        ]
      }
    },
    {
      "type": "Feature",
      "properties": {
        "building_id": "B094",
        "parcel_id": "P000094",
        "demo_ulpin": "DEMO-TN-CHN-000094",
        "height": 16.0,
        "floors": 5,
        "is_primary": false,
        "is_mapped": false,
        "data_status": "REAL FOOTPRINT / SYNTHETIC HEIGHT",
        "source": "Google Open Buildings"
      },
      "geometry": {
        "type": "Polygon",
        "coordinates": [
          [
            [
              80.206091441027,
              13.0847895091451
            ],
            [
              80.2059496448732,
              13.0847953811792
            ],
            [
              80.2059413708312,
              13.0846033893115
            ],
            [
              80.2060831668748,
              13.0845975172756
            ],
            [
              80.206091441027,
              13.0847895091451
            ]
          ]
        ]
      }
    },
    {
      "type": "Feature",
      "properties": {
        "building_id": "B095",
        "parcel_id": "P000095",
        "demo_ulpin": "DEMO-TN-CHN-000095",
        "height": 16.0,
        "floors": 5,
        "is_primary": false,
        "is_mapped": false,
        "data_status": "REAL FOOTPRINT / SYNTHETIC HEIGHT",
        "source": "Google Open Buildings"
      },
      "geometry": {
        "type": "Polygon",
        "coordinates": [
          [
            [
              80.2043214155471,
              13.0841782564866
            ],
            [
              80.2043175568561,
              13.0842714947321
            ],
            [
              80.2042628362839,
              13.0842693185954
            ],
            [
              80.2042636614966,
              13.0842493789539
            ],
            [
              80.2042304542681,
              13.0842480583581
            ],
            [
              80.2042334877772,
              13.0841747597567
            ],
            [
              80.2043214155471,
              13.0841782564866
            ]
          ]
        ]
      }
    },
    {
      "type": "Feature",
      "properties": {
        "building_id": "B096",
        "parcel_id": "P000096",
        "demo_ulpin": "DEMO-TN-CHN-000096",
        "height": 6.4,
        "floors": 2,
        "is_primary": false,
        "is_mapped": false,
        "data_status": "REAL FOOTPRINT / SYNTHETIC HEIGHT",
        "source": "Google Open Buildings"
      },
      "geometry": {
        "type": "Polygon",
        "coordinates": [
          [
            [
              80.2051134135186,
              13.0859734188861
            ],
            [
              80.2051178051159,
              13.0860333138026
            ],
            [
              80.2051458489814,
              13.0860313379584
            ],
            [
              80.2051486643468,
              13.0860697353209
            ],
            [
              80.2051206204767,
              13.0860717111651
            ],
            [
              80.2051253884884,
              13.0861367397855
            ],
            [
              80.2050084216619,
              13.0861449807044
            ],
            [
              80.2050057024418,
              13.086107894338
            ],
            [
              80.2050477456731,
              13.0861049321803
            ],
            [
              80.2050384899772,
              13.0859786976469
            ],
            [
              80.2051134135186,
              13.0859734188861
            ]
          ]
        ]
      }
    },
    {
      "type": "Feature",
      "properties": {
        "building_id": "B097",
        "parcel_id": "P000097",
        "demo_ulpin": "DEMO-TN-CHN-000097",
        "height": 16.0,
        "floors": 5,
        "is_primary": false,
        "is_mapped": false,
        "data_status": "REAL FOOTPRINT / SYNTHETIC HEIGHT",
        "source": "Google Open Buildings"
      },
      "geometry": {
        "type": "Polygon",
        "coordinates": [
          [
            [
              80.2060753056106,
              13.0854152951593
            ],
            [
              80.2060562485741,
              13.0854163693567
            ],
            [
              80.2060591993202,
              13.0854666716006
            ],
            [
              80.2059207492738,
              13.0854744756385
            ],
            [
              80.2059151639215,
              13.0853792595645
            ],
            [
              80.2059386853221,
              13.0853779337343
            ],
            [
              80.2059345492515,
              13.0853074243243
            ],
            [
              80.2060685348391,
              13.085299871919
            ],
            [
              80.2060753056106,
              13.0854152951593
            ]
          ]
        ]
      }
    },
    {
      "type": "Feature",
      "properties": {
        "building_id": "B098",
        "parcel_id": "P000098",
        "demo_ulpin": "DEMO-TN-CHN-000098",
        "height": 6.4,
        "floors": 2,
        "is_primary": false,
        "is_mapped": false,
        "data_status": "REAL FOOTPRINT / SYNTHETIC HEIGHT",
        "source": "Google Open Buildings"
      },
      "geometry": {
        "type": "Polygon",
        "coordinates": [
          [
            [
              80.2051521559783,
              13.0839086064242
            ],
            [
              80.2051562679948,
              13.0839617080188
            ],
            [
              80.2051040301603,
              13.0839655950777
            ],
            [
              80.205099918155,
              13.0839124934828
            ],
            [
              80.2051521559783,
              13.0839086064242
            ]
          ]
        ]
      }
    },
    {
      "type": "Feature",
      "properties": {
        "building_id": "B099",
        "parcel_id": "P000099",
        "demo_ulpin": "DEMO-TN-CHN-000099",
        "height": 6.4,
        "floors": 2,
        "is_primary": false,
        "is_mapped": false,
        "data_status": "REAL FOOTPRINT / SYNTHETIC HEIGHT",
        "source": "Google Open Buildings"
      },
      "geometry": {
        "type": "Polygon",
        "coordinates": [
          [
            [
              80.2056741231599,
              13.0858137776632
            ],
            [
              80.2056754485691,
              13.0859285557196
            ],
            [
              80.2056129489136,
              13.0859292492188
            ],
            [
              80.2056116235334,
              13.0858144711621
            ],
            [
              80.2056741231599,
              13.0858137776632
            ]
          ]
        ]
      }
    },
    {
      "type": "Feature",
      "properties": {
        "building_id": "B100",
        "parcel_id": "P000100",
        "demo_ulpin": "DEMO-TN-CHN-000100",
        "height": 16.0,
        "floors": 5,
        "is_primary": false,
        "is_mapped": false,
        "data_status": "REAL FOOTPRINT / SYNTHETIC HEIGHT",
        "source": "Google Open Buildings"
      },
      "geometry": {
        "type": "Polygon",
        "coordinates": [
          [
            [
              80.2053016630399,
              13.0838986186524
            ],
            [
              80.2053070079337,
              13.0839962980837
            ],
            [
              80.2052285151925,
              13.0840004252643
            ],
            [
              80.2052231703282,
              13.0839027458332
            ],
            [
              80.2053016630399,
              13.0838986186524
            ]
          ]
        ]
      }
    },
    {
      "type": "Feature",
      "properties": {
        "building_id": "B101",
        "parcel_id": "P000101",
        "demo_ulpin": "DEMO-TN-CHN-000101",
        "height": 9.600000000000001,
        "floors": 3,
        "is_primary": false,
        "is_mapped": false,
        "data_status": "REAL FOOTPRINT / SYNTHETIC HEIGHT",
        "source": "Google Open Buildings"
      },
      "geometry": {
        "type": "Polygon",
        "coordinates": [
          [
            [
              80.204837583119,
              13.0859903498701
            ],
            [
              80.2048401831207,
              13.08603864987
            ],
            [
              80.20487908312,
              13.0860367498687
            ],
            [
              80.2048847831236,
              13.0861430498685
            ],
            [
              80.2047917831251,
              13.0861477498716
            ],
            [
              80.2047835831199,
              13.0859931498718
            ],
            [
              80.204837583119,
              13.0859903498701
            ]
          ]
        ]
      }
    },
    {
      "type": "Feature",
      "properties": {
        "building_id": "B102",
        "parcel_id": "P000102",
        "demo_ulpin": "DEMO-TN-CHN-000102",
        "height": 16.0,
        "floors": 5,
        "is_primary": false,
        "is_mapped": false,
        "data_status": "REAL FOOTPRINT / SYNTHETIC HEIGHT",
        "source": "Google Open Buildings"
      },
      "geometry": {
        "type": "Polygon",
        "coordinates": [
          [
            [
              80.2046333097853,
              13.0839340051938
            ],
            [
              80.2046377895932,
              13.0840360962209
            ],
            [
              80.2045494460565,
              13.0840398212856
            ],
            [
              80.204544966285,
              13.0839377302592
            ],
            [
              80.2046333097853,
              13.0839340051938
            ]
          ]
        ]
      }
    },
    {
      "type": "Feature",
      "properties": {
        "building_id": "B103",
        "parcel_id": "P000103",
        "demo_ulpin": "DEMO-TN-CHN-000103",
        "height": 9.600000000000001,
        "floors": 3,
        "is_primary": false,
        "is_mapped": false,
        "data_status": "REAL FOOTPRINT / SYNTHETIC HEIGHT",
        "source": "Google Open Buildings"
      },
      "geometry": {
        "type": "Polygon",
        "coordinates": [
          [
            [
              80.2048474961743,
              13.0838961332887
            ],
            [
              80.2048509651134,
              13.0839588858033
            ],
            [
              80.2046861151131,
              13.083967642516
            ],
            [
              80.204682646216,
              13.0839048900015
            ],
            [
              80.2048474961743,
              13.0838961332887
            ]
          ]
        ]
      }
    },
    {
      "type": "Feature",
      "properties": {
        "building_id": "B104",
        "parcel_id": "P000104",
        "demo_ulpin": "DEMO-TN-CHN-000104",
        "height": 12.8,
        "floors": 4,
        "is_primary": false,
        "is_mapped": false,
        "data_status": "REAL FOOTPRINT / SYNTHETIC HEIGHT",
        "source": "Google Open Buildings"
      },
      "geometry": {
        "type": "Polygon",
        "coordinates": [
          [
            [
              80.2050084216622,
              13.0861449807052
            ],
            [
              80.2049671955591,
              13.086147885285
            ],
            [
              80.2049596122516,
              13.0860444593013
            ],
            [
              80.2050008383374,
              13.0860415547219
            ],
            [
              80.2050084216622,
              13.0861449807052
            ]
          ]
        ]
      }
    },
    {
      "type": "Feature",
      "properties": {
        "building_id": "B105",
        "parcel_id": "P000105",
        "demo_ulpin": "DEMO-TN-CHN-000105",
        "height": 16.0,
        "floors": 5,
        "is_primary": false,
        "is_mapped": false,
        "data_status": "REAL FOOTPRINT / SYNTHETIC HEIGHT",
        "source": "Google Open Buildings"
      },
      "geometry": {
        "type": "Polygon",
        "coordinates": [
          [
            [
              80.2047637134899,
              13.0861116526338
            ],
            [
              80.2046639480909,
              13.0861210437471
            ],
            [
              80.2046555188596,
              13.0860349972201
            ],
            [
              80.2047552842237,
              13.086025606108
            ],
            [
              80.2047637134899,
              13.0861116526338
            ]
          ]
        ]
      }
    },
    {
      "type": "Feature",
      "properties": {
        "building_id": "B106",
        "parcel_id": "P000106",
        "demo_ulpin": "DEMO-TN-CHN-000106",
        "height": 9.600000000000001,
        "floors": 3,
        "is_primary": false,
        "is_mapped": false,
        "data_status": "REAL FOOTPRINT / SYNTHETIC HEIGHT",
        "source": "Google Open Buildings"
      },
      "geometry": {
        "type": "Polygon",
        "coordinates": [
          [
            [
              80.2053811831114,
              13.0860044498516
            ],
            [
              80.2053896831151,
              13.0861160498513
            ],
            [
              80.2052940831167,
              13.0861230498544
            ],
            [
              80.205285483113,
              13.0860115498547
            ],
            [
              80.2053811831114,
              13.0860044498516
            ]
          ]
        ]
      }
    },
    {
      "type": "Feature",
      "properties": {
        "building_id": "B107",
        "parcel_id": "P000107",
        "demo_ulpin": "DEMO-TN-CHN-000107",
        "height": 6.4,
        "floors": 2,
        "is_primary": false,
        "is_mapped": false,
        "data_status": "REAL FOOTPRINT / SYNTHETIC HEIGHT",
        "source": "Google Open Buildings"
      },
      "geometry": {
        "type": "Polygon",
        "coordinates": [
          [
            [
              80.20573542048,
              13.0858130974903
            ],
            [
              80.2057365128053,
              13.0859076887275
            ],
            [
              80.2057197048206,
              13.0859078752351
            ],
            [
              80.2057199379329,
              13.085928062054
            ],
            [
              80.205675448569,
              13.0859285557194
            ],
            [
              80.2056741231599,
              13.0858137776631
            ],
            [
              80.20573542048,
              13.0858130974903
            ]
          ]
        ]
      }
    },
    {
      "type": "Feature",
      "properties": {
        "building_id": "B108",
        "parcel_id": "P000108",
        "demo_ulpin": "DEMO-TN-CHN-000108",
        "height": 16.0,
        "floors": 5,
        "is_primary": false,
        "is_mapped": false,
        "data_status": "REAL FOOTPRINT / SYNTHETIC HEIGHT",
        "source": "Google Open Buildings"
      },
      "geometry": {
        "type": "Polygon",
        "coordinates": [
          [
            [
              80.2050063078424,
              13.0838548685776
            ],
            [
              80.2050862793872,
              13.083850954575
            ],
            [
              80.2050882354719,
              13.0838893597862
            ],
            [
              80.2050082639141,
              13.0838932737886
            ],
            [
              80.2050063078424,
              13.0838548685776
            ]
          ]
        ]
      }
    },
    {
      "type": "Feature",
      "properties": {
        "building_id": "B109",
        "parcel_id": "P000109",
        "demo_ulpin": "DEMO-TN-CHN-000109",
        "height": 9.600000000000001,
        "floors": 3,
        "is_primary": false,
        "is_mapped": false,
        "data_status": "REAL FOOTPRINT / SYNTHETIC HEIGHT",
        "source": "Google Open Buildings"
      },
      "geometry": {
        "type": "Polygon",
        "coordinates": [
          [
            [
              80.204381499904,
              13.0858665510921
            ],
            [
              80.2043870775977,
              13.0859740198565
            ],
            [
              80.2043012318716,
              13.0859783011177
            ],
            [
              80.2042956542152,
              13.0858708323534
            ],
            [
              80.204381499904,
              13.0858665510921
            ]
          ]
        ]
      }
    },
    {
      "type": "Feature",
      "properties": {
        "building_id": "B110",
        "parcel_id": "P000110",
        "demo_ulpin": "DEMO-TN-CHN-000110",
        "height": 6.4,
        "floors": 2,
        "is_primary": false,
        "is_mapped": false,
        "data_status": "REAL FOOTPRINT / SYNTHETIC HEIGHT",
        "source": "Google Open Buildings"
      },
      "geometry": {
        "type": "Polygon",
        "coordinates": [
          [
            [
              80.2040582686021,
              13.0845059380346
            ],
            [
              80.2039384332456,
              13.0845144229869
            ],
            [
              80.2039322526065,
              13.0844305431263
            ],
            [
              80.2040520879226,
              13.0844220581745
            ],
            [
              80.2040582686021,
              13.0845059380346
            ]
          ]
        ]
      }
    },
    {
      "type": "Feature",
      "properties": {
        "building_id": "B111",
        "parcel_id": "P000111",
        "demo_ulpin": "DEMO-TN-CHN-000111",
        "height": 6.4,
        "floors": 2,
        "is_primary": false,
        "is_mapped": false,
        "data_status": "REAL FOOTPRINT / SYNTHETIC HEIGHT",
        "source": "Google Open Buildings"
      },
      "geometry": {
        "type": "Polygon",
        "coordinates": [
          [
            [
              80.2055272062706,
              13.0859302006031
            ],
            [
              80.2055296256148,
              13.0861397229916
            ],
            [
              80.2054180483648,
              13.0861409609776
            ],
            [
              80.2054156291124,
              13.085931438594
            ],
            [
              80.2055272062706,
              13.0859302006031
            ]
          ]
        ]
      }
    },
    {
      "type": "Feature",
      "properties": {
        "building_id": "B112",
        "parcel_id": "P000112",
        "demo_ulpin": "DEMO-TN-CHN-000112",
        "height": 9.600000000000001,
        "floors": 3,
        "is_primary": false,
        "is_mapped": false,
        "data_status": "REAL FOOTPRINT / SYNTHETIC HEIGHT",
        "source": "Google Open Buildings"
      },
      "geometry": {
        "type": "Polygon",
        "coordinates": [
          [
            [
              80.203956149808,
              13.0850164289174
            ],
            [
              80.2037593852412,
              13.0850239173741
            ],
            [
              80.2037545733345,
              13.08490242149
            ],
            [
              80.2039513378054,
              13.0848949330307
            ],
            [
              80.203956149808,
              13.0850164289174
            ]
          ]
        ]
      }
    },
    {
      "type": "Feature",
      "properties": {
        "building_id": "B113",
        "parcel_id": "P000113",
        "demo_ulpin": "DEMO-TN-CHN-000113",
        "height": 16.0,
        "floors": 5,
        "is_primary": false,
        "is_mapped": false,
        "data_status": "REAL FOOTPRINT / SYNTHETIC HEIGHT",
        "source": "Google Open Buildings"
      },
      "geometry": {
        "type": "Polygon",
        "coordinates": [
          [
            [
              80.2044785703563,
              13.0840428097855
            ],
            [
              80.2044175181331,
              13.0840453840589
            ],
            [
              80.2044130384162,
              13.0839432930337
            ],
            [
              80.2044740906143,
              13.0839407187597
            ],
            [
              80.2044785703563,
              13.0840428097855
            ]
          ]
        ]
      }
    },
    {
      "type": "Feature",
      "properties": {
        "building_id": "B114",
        "parcel_id": "P000114",
        "demo_ulpin": "DEMO-TN-CHN-000114",
        "height": 12.8,
        "floors": 4,
        "is_primary": false,
        "is_mapped": false,
        "data_status": "REAL FOOTPRINT / SYNTHETIC HEIGHT",
        "source": "Google Open Buildings"
      },
      "geometry": {
        "type": "Polygon",
        "coordinates": [
          [
            [
              80.2048902903366,
              13.0838297912118
            ],
            [
              80.20489352621,
              13.0838873172422
            ],
            [
              80.2047823429916,
              13.0838933269607
            ],
            [
              80.2047791071441,
              13.0838358009303
            ],
            [
              80.2048902903366,
              13.0838297912118
            ]
          ]
        ]
      }
    },
    {
      "type": "Feature",
      "properties": {
        "building_id": "B115",
        "parcel_id": "P000115",
        "demo_ulpin": "DEMO-TN-CHN-000115",
        "height": 12.8,
        "floors": 4,
        "is_primary": false,
        "is_mapped": false,
        "data_status": "REAL FOOTPRINT / SYNTHETIC HEIGHT",
        "source": "Google Open Buildings"
      },
      "geometry": {
        "type": "Polygon",
        "coordinates": [
          [
            [
              80.205768356867,
              13.0841314291387
            ],
            [
              80.2056179996059,
              13.0841382372116
            ],
            [
              80.2056126269174,
              13.0840242166113
            ],
            [
              80.2057629841092,
              13.0840174085376
            ],
            [
              80.205768356867,
              13.0841314291387
            ]
          ]
        ]
      }
    },
    {
      "type": "Feature",
      "properties": {
        "building_id": "B116",
        "parcel_id": "P000116",
        "demo_ulpin": "DEMO-TN-CHN-000116",
        "height": 6.4,
        "floors": 2,
        "is_primary": false,
        "is_mapped": false,
        "data_status": "REAL FOOTPRINT / SYNTHETIC HEIGHT",
        "source": "Google Open Buildings"
      },
      "geometry": {
        "type": "Polygon",
        "coordinates": [
          [
            [
              80.2058123013133,
              13.0858122443774
            ],
            [
              80.2058133936666,
              13.0859068356149
            ],
            [
              80.2057365128052,
              13.0859076887273
            ],
            [
              80.2057354204798,
              13.08581309749
            ],
            [
              80.2058123013133,
              13.0858122443774
            ]
          ]
        ]
      }
    },
    {
      "type": "Feature",
      "properties": {
        "building_id": "B117",
        "parcel_id": "P000117",
        "demo_ulpin": "DEMO-TN-CHN-000117",
        "height": 9.600000000000001,
        "floors": 3,
        "is_primary": false,
        "is_mapped": false,
        "data_status": "REAL FOOTPRINT / SYNTHETIC HEIGHT",
        "source": "Google Open Buildings"
      },
      "geometry": {
        "type": "Polygon",
        "coordinates": [
          [
            [
              80.206030493325,
              13.0843159944029
            ],
            [
              80.2060413857232,
              13.0844862947752
            ],
            [
              80.205957847402,
              13.0844914290603
            ],
            [
              80.2059469550606,
              13.0843211286879
            ],
            [
              80.206030493325,
              13.0843159944029
            ]
          ]
        ]
      }
    },
    {
      "type": "Feature",
      "properties": {
        "building_id": "B118",
        "parcel_id": "P000118",
        "demo_ulpin": "DEMO-TN-CHN-000118",
        "height": 16.0,
        "floors": 5,
        "is_primary": false,
        "is_mapped": false,
        "data_status": "REAL FOOTPRINT / SYNTHETIC HEIGHT",
        "source": "Google Open Buildings"
      },
      "geometry": {
        "type": "Polygon",
        "coordinates": [
          [
            [
              80.2041365685124,
              13.0857530743562
            ],
            [
              80.2040445161573,
              13.0857584062404
            ],
            [
              80.2040397296088,
              13.0856789988559
            ],
            [
              80.2041317819341,
              13.0856736669719
            ],
            [
              80.2041365685124,
              13.0857530743562
            ]
          ]
        ]
      }
    },
    {
      "type": "Feature",
      "properties": {
        "building_id": "B119",
        "parcel_id": "P000119",
        "demo_ulpin": "DEMO-TN-CHN-000119",
        "height": 12.8,
        "floors": 4,
        "is_primary": false,
        "is_mapped": false,
        "data_status": "REAL FOOTPRINT / SYNTHETIC HEIGHT",
        "source": "Google Open Buildings"
      },
      "geometry": {
        "type": "Polygon",
        "coordinates": [
          [
            [
              80.2047798920013,
              13.0838363363524
            ],
            [
              80.2047824225364,
              13.083894033131
            ],
            [
              80.2046724126925,
              13.0838986695173
            ],
            [
              80.204669882183,
              13.0838409727391
            ],
            [
              80.2047798920013,
              13.0838363363524
            ]
          ]
        ]
      }
    },
    {
      "type": "Feature",
      "properties": {
        "building_id": "B120",
        "parcel_id": "P000120",
        "demo_ulpin": "DEMO-TN-CHN-000120",
        "height": 16.0,
        "floors": 5,
        "is_primary": false,
        "is_mapped": false,
        "data_status": "REAL FOOTPRINT / SYNTHETIC HEIGHT",
        "source": "Google Open Buildings"
      },
      "geometry": {
        "type": "Polygon",
        "coordinates": [
          [
            [
              80.2046403188069,
              13.0859908256925
            ],
            [
              80.2046399444786,
              13.086036758895
            ],
            [
              80.2045970783321,
              13.0860364232137
            ],
            [
              80.2045959315481,
              13.086177139682
            ],
            [
              80.2044906181388,
              13.0861763149477
            ],
            [
              80.2044921393381,
              13.0859896652823
            ],
            [
              80.2046403188069,
              13.0859908256925
            ]
          ]
        ]
      }
    },
    {
      "type": "Feature",
      "properties": {
        "building_id": "B121",
        "parcel_id": "P000121",
        "demo_ulpin": "DEMO-TN-CHN-000121",
        "height": 9.600000000000001,
        "floors": 3,
        "is_primary": false,
        "is_mapped": false,
        "data_status": "REAL FOOTPRINT / SYNTHETIC HEIGHT",
        "source": "Google Open Buildings"
      },
      "geometry": {
        "type": "Polygon",
        "coordinates": [
          [
            [
              80.2051972796951,
              13.0838897002808
            ],
            [
              80.2050940038878,
              13.0838963319052
            ],
            [
              80.2050868142636,
              13.0837887409512
            ],
            [
              80.2051900900259,
              13.0837821093271
            ],
            [
              80.2051972796951,
              13.0838897002808
            ]
          ]
        ]
      }
    },
    {
      "type": "Feature",
      "properties": {
        "building_id": "B122",
        "parcel_id": "P000122",
        "demo_ulpin": "DEMO-TN-CHN-000122",
        "height": 6.4,
        "floors": 2,
        "is_primary": false,
        "is_mapped": false,
        "data_status": "REAL FOOTPRINT / SYNTHETIC HEIGHT",
        "source": "Google Open Buildings"
      },
      "geometry": {
        "type": "Polygon",
        "coordinates": [
          [
            [
              80.2039220831083,
              13.0854618498868
            ],
            [
              80.2039213831077,
              13.0854461498869
            ],
            [
              80.2039499831073,
              13.0854449498859
            ],
            [
              80.2039506831078,
              13.0854606498859
            ],
            [
              80.2040256831066,
              13.0854576498835
            ],
            [
              80.204031183111,
              13.0855876498833
            ],
            [
              80.2038819831134,
              13.0855937498882
            ],
            [
              80.203876383109,
              13.0854637498883
            ],
            [
              80.2039220831083,
              13.0854618498868
            ]
          ]
        ]
      }
    },
    {
      "type": "Feature",
      "properties": {
        "building_id": "B123",
        "parcel_id": "P000123",
        "demo_ulpin": "DEMO-TN-CHN-000123",
        "height": 16.0,
        "floors": 5,
        "is_primary": false,
        "is_mapped": false,
        "data_status": "REAL FOOTPRINT / SYNTHETIC HEIGHT",
        "source": "Google Open Buildings"
      },
      "geometry": {
        "type": "Polygon",
        "coordinates": [
          [
            [
              80.204549446056,
              13.0840398212843
            ],
            [
              80.2044785703557,
              13.084042809784
            ],
            [
              80.204469269004,
              13.0838308367153
            ],
            [
              80.2045401446433,
              13.0838278482146
            ],
            [
              80.204549446056,
              13.0840398212843
            ]
          ]
        ]
      }
    },
    {
      "type": "Feature",
      "properties": {
        "building_id": "B124",
        "parcel_id": "P000124",
        "demo_ulpin": "DEMO-TN-CHN-000124",
        "height": 6.4,
        "floors": 2,
        "is_primary": false,
        "is_mapped": false,
        "data_status": "REAL FOOTPRINT / SYNTHETIC HEIGHT",
        "source": "Google Open Buildings"
      },
      "geometry": {
        "type": "Polygon",
        "coordinates": [
          [
            [
              80.2042955077002,
              13.0858944428074
            ],
            [
              80.2042932693239,
              13.0859476557499
            ],
            [
              80.2042386761091,
              13.0859454490773
            ],
            [
              80.2042409266627,
              13.0858919469233
            ],
            [
              80.2042955077002,
              13.0858944428074
            ]
          ]
        ]
      }
    },
    {
      "type": "Feature",
      "properties": {
        "building_id": "B125",
        "parcel_id": "P000125",
        "demo_ulpin": "DEMO-TN-CHN-000125",
        "height": 9.600000000000001,
        "floors": 3,
        "is_primary": false,
        "is_mapped": false,
        "data_status": "REAL FOOTPRINT / SYNTHETIC HEIGHT",
        "source": "Google Open Buildings"
      },
      "geometry": {
        "type": "Polygon",
        "coordinates": [
          [
            [
              80.2050076073544,
              13.0837949831762
            ],
            [
              80.2050066911327,
              13.0838520906156
            ],
            [
              80.2049605523092,
              13.0838513792927
            ],
            [
              80.2049614685414,
              13.0837942718541
            ],
            [
              80.2050076073544,
              13.0837949831762
            ]
          ]
        ]
      }
    },
    {
      "type": "Feature",
      "properties": {
        "building_id": "B126",
        "parcel_id": "P000126",
        "demo_ulpin": "DEMO-TN-CHN-000126",
        "height": 9.600000000000001,
        "floors": 3,
        "is_primary": false,
        "is_mapped": false,
        "data_status": "REAL FOOTPRINT / SYNTHETIC HEIGHT",
        "source": "Google Open Buildings"
      },
      "geometry": {
        "type": "Polygon",
        "coordinates": [
          [
            [
              80.2044255221678,
              13.0840420703964
            ],
            [
              80.2043656651291,
              13.0840449024223
            ],
            [
              80.2043604515493,
              13.0839390150688
            ],
            [
              80.204420308562,
              13.0839361830427
            ],
            [
              80.2044255221678,
              13.0840420703964
            ]
          ]
        ]
      }
    },
    {
      "type": "Feature",
      "properties": {
        "building_id": "B127",
        "parcel_id": "P000127",
        "demo_ulpin": "DEMO-TN-CHN-000127",
        "height": 9.600000000000001,
        "floors": 3,
        "is_primary": false,
        "is_mapped": false,
        "data_status": "REAL FOOTPRINT / SYNTHETIC HEIGHT",
        "source": "Google Open Buildings"
      },
      "geometry": {
        "type": "Polygon",
        "coordinates": [
          [
            [
              80.2060366426395,
              13.0856181773243
            ],
            [
              80.2060368739938,
              13.0857527057936
            ],
            [
              80.2059103982071,
              13.0857529147642
            ],
            [
              80.2059102444369,
              13.0856634732455
            ],
            [
              80.2059334228328,
              13.085663434953
            ],
            [
              80.2059333453132,
              13.0856183480059
            ],
            [
              80.2060366426395,
              13.0856181773243
            ]
          ]
        ]
      }
    },
    {
      "type": "Feature",
      "properties": {
        "building_id": "B128",
        "parcel_id": "P000128",
        "demo_ulpin": "DEMO-TN-CHN-000128",
        "height": 6.4,
        "floors": 2,
        "is_primary": false,
        "is_mapped": false,
        "data_status": "REAL FOOTPRINT / SYNTHETIC HEIGHT",
        "source": "Google Open Buildings"
      },
      "geometry": {
        "type": "Polygon",
        "coordinates": [
          [
            [
              80.2046329396106,
              13.0839255692513
            ],
            [
              80.2045445961134,
              13.0839292943165
            ],
            [
              80.2045401446426,
              13.0838278482131
            ],
            [
              80.2046284881036,
              13.083824123147
            ],
            [
              80.2046329396106,
              13.0839255692513
            ]
          ]
        ]
      }
    },
    {
      "type": "Feature",
      "properties": {
        "building_id": "B129",
        "parcel_id": "P000129",
        "demo_ulpin": "DEMO-TN-CHN-000129",
        "height": 16.0,
        "floors": 5,
        "is_primary": false,
        "is_mapped": false,
        "data_status": "REAL FOOTPRINT / SYNTHETIC HEIGHT",
        "source": "Google Open Buildings"
      },
      "geometry": {
        "type": "Polygon",
        "coordinates": [
          [
            [
              80.2039785597378,
              13.0843650876531
            ],
            [
              80.2039728991523,
              13.0843921801841
            ],
            [
              80.204001633389,
              13.0843979491646
            ],
            [
              80.2039953455418,
              13.084428043885
            ],
            [
              80.2039348935836,
              13.0844159069253
            ],
            [
              80.2039468420264,
              13.0843587196762
            ],
            [
              80.2039785597378,
              13.0843650876531
            ]
          ]
        ]
      }
    },
    {
      "type": "Feature",
      "properties": {
        "building_id": "B130",
        "parcel_id": "P000130",
        "demo_ulpin": "DEMO-TN-CHN-000130",
        "height": 16.0,
        "floors": 5,
        "is_primary": false,
        "is_mapped": false,
        "data_status": "REAL FOOTPRINT / SYNTHETIC HEIGHT",
        "source": "Google Open Buildings"
      },
      "geometry": {
        "type": "Polygon",
        "coordinates": [
          [
            [
              80.2056662631007,
              13.0859509794543
            ],
            [
              80.2056607667971,
              13.0861096720627
            ],
            [
              80.2055630773502,
              13.086106420841
            ],
            [
              80.2055685737161,
              13.0859477282411
            ],
            [
              80.2056662631007,
              13.0859509794543
            ]
          ]
        ]
      }
    },
    {
      "type": "Feature",
      "properties": {
        "building_id": "B131",
        "parcel_id": "P000131",
        "demo_ulpin": "DEMO-TN-CHN-000131",
        "height": 16.0,
        "floors": 5,
        "is_primary": false,
        "is_mapped": false,
        "data_status": "REAL FOOTPRINT / SYNTHETIC HEIGHT",
        "source": "Google Open Buildings"
      },
      "geometry": {
        "type": "Polygon",
        "coordinates": [
          [
            [
              80.2048680363244,
              13.0838334339464
            ],
            [
              80.2047844871597,
              13.0838378720411
            ],
            [
              80.2047810769925,
              13.0837761823996
            ],
            [
              80.2048646261366,
              13.0837717443048
            ],
            [
              80.2048680363244,
              13.0838334339464
            ]
          ]
        ]
      }
    },
    {
      "type": "Feature",
      "properties": {
        "building_id": "B132",
        "parcel_id": "P000132",
        "demo_ulpin": "DEMO-TN-CHN-000132",
        "height": 16.0,
        "floors": 5,
        "is_primary": false,
        "is_mapped": false,
        "data_status": "REAL FOOTPRINT / SYNTHETIC HEIGHT",
        "source": "Google Open Buildings"
      },
      "geometry": {
        "type": "Polygon",
        "coordinates": [
          [
            [
              80.2043656651292,
              13.0840449024225
            ],
            [
              80.2043033484175,
              13.0840478508085
            ],
            [
              80.2042981348642,
              13.0839419634552
            ],
            [
              80.2043604515493,
              13.0839390150689
            ],
            [
              80.2043656651292,
              13.0840449024225
            ]
          ]
        ]
      }
    },
    {
      "type": "Feature",
      "properties": {
        "building_id": "B133",
        "parcel_id": "P000133",
        "demo_ulpin": "DEMO-TN-CHN-000133",
        "height": 16.0,
        "floors": 5,
        "is_primary": false,
        "is_mapped": false,
        "data_status": "REAL FOOTPRINT / SYNTHETIC HEIGHT",
        "source": "Google Open Buildings"
      },
      "geometry": {
        "type": "Polygon",
        "coordinates": [
          [
            [
              80.2038355961088,
              13.0848496245761
            ],
            [
              80.2038375620852,
              13.0848992631217
            ],
            [
              80.2037545733336,
              13.084902421488
            ],
            [
              80.2037526073739,
              13.0848527829427
            ],
            [
              80.2038355961088,
              13.0848496245761
            ]
          ]
        ]
      }
    },
    {
      "type": "Feature",
      "properties": {
        "building_id": "B134",
        "parcel_id": "P000134",
        "demo_ulpin": "DEMO-TN-CHN-000134",
        "height": 9.600000000000001,
        "floors": 3,
        "is_primary": false,
        "is_mapped": false,
        "data_status": "REAL FOOTPRINT / SYNTHETIC HEIGHT",
        "source": "Google Open Buildings"
      },
      "geometry": {
        "type": "Polygon",
        "coordinates": [
          [
            [
              80.2042313426099,
              13.0858623789219
            ],
            [
              80.2042375238683,
              13.0859814783176
            ],
            [
              80.2041814876501,
              13.0859842729023
            ],
            [
              80.2041753064191,
              13.0858651735068
            ],
            [
              80.2042313426099,
              13.0858623789219
            ]
          ]
        ]
      }
    },
    {
      "type": "Feature",
      "properties": {
        "building_id": "B135",
        "parcel_id": "P000135",
        "demo_ulpin": "DEMO-TN-CHN-000135",
        "height": 16.0,
        "floors": 5,
        "is_primary": false,
        "is_mapped": false,
        "data_status": "REAL FOOTPRINT / SYNTHETIC HEIGHT",
        "source": "Google Open Buildings"
      },
      "geometry": {
        "type": "Polygon",
        "coordinates": [
          [
            [
              80.2038788828589,
              13.0846877597543
            ],
            [
              80.2038852188845,
              13.0848477360282
            ],
            [
              80.2037226651363,
              13.0848539224685
            ],
            [
              80.203716329216,
              13.0846939461966
            ],
            [
              80.2038788828589,
              13.0846877597543
            ]
          ]
        ]
      }
    },
    {
      "type": "Feature",
      "properties": {
        "building_id": "B136",
        "parcel_id": "P000136",
        "demo_ulpin": "DEMO-TN-CHN-000136",
        "height": 9.600000000000001,
        "floors": 3,
        "is_primary": false,
        "is_mapped": false,
        "data_status": "REAL FOOTPRINT / SYNTHETIC HEIGHT",
        "source": "Google Open Buildings"
      },
      "geometry": {
        "type": "Polygon",
        "coordinates": [
          [
            [
              80.2047798920006,
              13.0838363363509
            ],
            [
              80.2046698821824,
              13.0838409727376
            ],
            [
              80.2046672070806,
              13.0837799791804
            ],
            [
              80.2047772168718,
              13.0837753427933
            ],
            [
              80.2047798920006,
              13.0838363363509
            ]
          ]
        ]
      }
    },
    {
      "type": "Feature",
      "properties": {
        "building_id": "B137",
        "parcel_id": "P000137",
        "demo_ulpin": "DEMO-TN-CHN-000137",
        "height": 12.8,
        "floors": 4,
        "is_primary": false,
        "is_mapped": false,
        "data_status": "REAL FOOTPRINT / SYNTHETIC HEIGHT",
        "source": "Google Open Buildings"
      },
      "geometry": {
        "type": "Polygon",
        "coordinates": [
          [
            [
              80.206221044243,
              13.0854070801915
            ],
            [
              80.2062449565882,
              13.085405732297
            ],
            [
              80.2062467602201,
              13.0854364789462
            ],
            [
              80.206222847872,
              13.0854378268408
            ],
            [
              80.2062246619825,
              13.0854687521668
            ],
            [
              80.2062485743336,
              13.0854674042721
            ],
            [
              80.2062510338082,
              13.0855093311093
            ],
            [
              80.2061144102842,
              13.0855170322909
            ],
            [
              80.2061119508328,
              13.0854751054541
            ],
            [
              80.2060789233138,
              13.0854769671355
            ],
            [
              80.2060685348392,
              13.0852998719192
            ],
            [
              80.2062142734031,
              13.0852916569505
            ],
            [
              80.206221044243,
              13.0854070801915
            ]
          ]
        ]
      }
    },
    {
      "type": "Feature",
      "properties": {
        "building_id": "B138",
        "parcel_id": "P000138",
        "demo_ulpin": "DEMO-TN-CHN-000138",
        "height": 16.0,
        "floors": 5,
        "is_primary": false,
        "is_mapped": false,
        "data_status": "REAL FOOTPRINT / SYNTHETIC HEIGHT",
        "source": "Google Open Buildings"
      },
      "geometry": {
        "type": "Polygon",
        "coordinates": [
          [
            [
              80.205740410076,
              13.0839679569639
            ],
            [
              80.205742840739,
              13.0840154920112
            ],
            [
              80.2056567139201,
              13.0840197239237
            ],
            [
              80.2056542832742,
              13.0839721888765
            ],
            [
              80.205740410076,
              13.0839679569639
            ]
          ]
        ]
      }
    },
    {
      "type": "Feature",
      "properties": {
        "building_id": "B139",
        "parcel_id": "P000139",
        "demo_ulpin": "DEMO-TN-CHN-000139",
        "height": 6.4,
        "floors": 2,
        "is_primary": false,
        "is_mapped": false,
        "data_status": "REAL FOOTPRINT / SYNTHETIC HEIGHT",
        "source": "Google Open Buildings"
      },
      "geometry": {
        "type": "Polygon",
        "coordinates": [
          [
            [
              80.2054567602022,
              13.0837744174488
            ],
            [
              80.2054642734712,
              13.0839016099663
            ],
            [
              80.205351367869,
              13.0839080186775
            ],
            [
              80.2053438546575,
              13.0837808261602
            ],
            [
              80.2054567602022,
              13.0837744174488
            ]
          ]
        ]
      }
    },
    {
      "type": "Feature",
      "properties": {
        "building_id": "B140",
        "parcel_id": "P000140",
        "demo_ulpin": "DEMO-TN-CHN-000140",
        "height": 9.600000000000001,
        "floors": 3,
        "is_primary": false,
        "is_mapped": false,
        "data_status": "REAL FOOTPRINT / SYNTHETIC HEIGHT",
        "source": "Google Open Buildings"
      },
      "geometry": {
        "type": "Polygon",
        "coordinates": [
          [
            [
              80.2042985442639,
              13.0839481206559
            ],
            [
              80.2043030239337,
              13.0840502116801
            ],
            [
              80.2042479177273,
              13.084052535202
            ],
            [
              80.2042434380804,
              13.0839504441783
            ],
            [
              80.2042985442639,
              13.0839481206559
            ]
          ]
        ]
      }
    },
    {
      "type": "Feature",
      "properties": {
        "building_id": "B141",
        "parcel_id": "P000141",
        "demo_ulpin": "DEMO-TN-CHN-000141",
        "height": 9.600000000000001,
        "floors": 3,
        "is_primary": false,
        "is_mapped": false,
        "data_status": "REAL FOOTPRINT / SYNTHETIC HEIGHT",
        "source": "Google Open Buildings"
      },
      "geometry": {
        "type": "Polygon",
        "coordinates": [
          [
            [
              80.2062770907805,
              13.0847818209359
            ],
            [
              80.2061309970236,
              13.084787871046
            ],
            [
              80.2061236811507,
              13.0846181155423
            ],
            [
              80.2062697748073,
              13.0846120654305
            ],
            [
              80.2062770907805,
              13.0847818209359
            ]
          ]
        ]
      }
    },
    {
      "type": "Feature",
      "properties": {
        "building_id": "B142",
        "parcel_id": "P000142",
        "demo_ulpin": "DEMO-TN-CHN-000142",
        "height": 9.600000000000001,
        "floors": 3,
        "is_primary": false,
        "is_mapped": false,
        "data_status": "REAL FOOTPRINT / SYNTHETIC HEIGHT",
        "source": "Google Open Buildings"
      },
      "geometry": {
        "type": "Polygon",
        "coordinates": [
          [
            [
              80.2040077992834,
              13.0856244686078
            ],
            [
              80.2040164722922,
              13.0857836656318
            ],
            [
              80.2039723183663,
              13.0857859770912
            ],
            [
              80.2039709517105,
              13.0857608914261
            ],
            [
              80.2039249703784,
              13.0857632985425
            ],
            [
              80.2039176640788,
              13.0856291871839
            ],
            [
              80.2040077992834,
              13.0856244686078
            ]
          ]
        ]
      }
    },
    {
      "type": "Feature",
      "properties": {
        "building_id": "B143",
        "parcel_id": "P000143",
        "demo_ulpin": "DEMO-TN-CHN-000143",
        "height": 9.600000000000001,
        "floors": 3,
        "is_primary": false,
        "is_mapped": false,
        "data_status": "REAL FOOTPRINT / SYNTHETIC HEIGHT",
        "source": "Google Open Buildings"
      },
      "geometry": {
        "type": "Polygon",
        "coordinates": [
          [
            [
              80.2061266498512,
              13.0844907626576
            ],
            [
              80.2060757411752,
              13.0844937012508
            ],
            [
              80.2060653021474,
              13.0843199209308
            ],
            [
              80.2061162107875,
              13.0843169823373
            ],
            [
              80.2061266498512,
              13.0844907626576
            ]
          ]
        ]
      }
    },
    {
      "type": "Feature",
      "properties": {
        "building_id": "B144",
        "parcel_id": "P000144",
        "demo_ulpin": "DEMO-TN-CHN-000144",
        "height": 6.4,
        "floors": 2,
        "is_primary": false,
        "is_mapped": false,
        "data_status": "REAL FOOTPRINT / SYNTHETIC HEIGHT",
        "source": "Google Open Buildings"
      },
      "geometry": {
        "type": "Polygon",
        "coordinates": [
          [
            [
              80.2059020378503,
              13.0840116934641
            ],
            [
              80.2059077418404,
              13.0841432230001
            ],
            [
              80.2058129725561,
              13.0841471722074
            ],
            [
              80.2058119982194,
              13.0841247045753
            ],
            [
              80.2057689890381,
              13.0841264968337
            ],
            [
              80.2057642594538,
              13.0840174349295
            ],
            [
              80.2059020378503,
              13.0840116934641
            ]
          ]
        ]
      }
    },
    {
      "type": "Feature",
      "properties": {
        "building_id": "B145",
        "parcel_id": "P000145",
        "demo_ulpin": "DEMO-TN-CHN-000145",
        "height": 9.600000000000001,
        "floors": 3,
        "is_primary": false,
        "is_mapped": false,
        "data_status": "REAL FOOTPRINT / SYNTHETIC HEIGHT",
        "source": "Google Open Buildings"
      },
      "geometry": {
        "type": "Polygon",
        "coordinates": [
          [
            [
              80.2056662831049,
              13.0859509498412
            ],
            [
              80.2057915831033,
              13.0859551498371
            ],
            [
              80.2057860831088,
              13.0861138498373
            ],
            [
              80.2057448831094,
              13.0861124498386
            ],
            [
              80.2057441831101,
              13.0861342498386
            ],
            [
              80.2056835831109,
              13.0861321498406
            ],
            [
              80.2056876831068,
              13.0860141498405
            ],
            [
              80.2056640831071,
              13.0860133498413
            ],
            [
              80.2056662831049,
              13.0859509498412
            ]
          ]
        ]
      }
    },
    {
      "type": "Feature",
      "properties": {
        "building_id": "B146",
        "parcel_id": "P000146",
        "demo_ulpin": "DEMO-TN-CHN-000146",
        "height": 9.600000000000001,
        "floors": 3,
        "is_primary": false,
        "is_mapped": false,
        "data_status": "REAL FOOTPRINT / SYNTHETIC HEIGHT",
        "source": "Google Open Buildings"
      },
      "geometry": {
        "type": "Polygon",
        "coordinates": [
          [
            [
              80.2043952501583,
              13.0861314853706
            ],
            [
              80.2043298836812,
              13.0861347452998
            ],
            [
              80.2043324159025,
              13.0861835353322
            ],
            [
              80.2042520139798,
              13.086187545079
            ],
            [
              80.2042465900957,
              13.0860830387461
            ],
            [
              80.2042542601721,
              13.0860826562306
            ],
            [
              80.2042489793821,
              13.0859809070214
            ],
            [
              80.2043870775994,
              13.0859740198603
            ],
            [
              80.2043952501583,
              13.0861314853706
            ]
          ]
        ]
      }
    },
    {
      "type": "Feature",
      "properties": {
        "building_id": "B147",
        "parcel_id": "P000147",
        "demo_ulpin": "DEMO-TN-CHN-000147",
        "height": 9.600000000000001,
        "floors": 3,
        "is_primary": false,
        "is_mapped": false,
        "data_status": "REAL FOOTPRINT / SYNTHETIC HEIGHT",
        "source": "Google Open Buildings"
      },
      "geometry": {
        "type": "Polygon",
        "coordinates": [
          [
            [
              80.2044734621155,
              13.0838277646239
            ],
            [
              80.204478664422,
              13.0839334220247
            ],
            [
              80.204298134863,
              13.0839419634524
            ],
            [
              80.2042929326337,
              13.0838363060525
            ],
            [
              80.2044734621155,
              13.0838277646239
            ]
          ]
        ]
      }
    },
    {
      "type": "Feature",
      "properties": {
        "building_id": "B148",
        "parcel_id": "P000148",
        "demo_ulpin": "DEMO-TN-CHN-000148",
        "height": 12.8,
        "floors": 4,
        "is_primary": false,
        "is_mapped": false,
        "data_status": "REAL FOOTPRINT / SYNTHETIC HEIGHT",
        "source": "Google Open Buildings"
      },
      "geometry": {
        "type": "Polygon",
        "coordinates": [
          [
            [
              80.2051615387227,
              13.0836673488673
            ],
            [
              80.2051672366686,
              13.0837792200375
            ],
            [
              80.2049804824307,
              13.0837883602712
            ],
            [
              80.2049747845692,
              13.0836764891017
            ],
            [
              80.2051615387227,
              13.0836673488673
            ]
          ]
        ]
      }
    },
    {
      "type": "Feature",
      "properties": {
        "building_id": "B149",
        "parcel_id": "P000149",
        "demo_ulpin": "DEMO-TN-CHN-000149",
        "height": 6.4,
        "floors": 2,
        "is_primary": false,
        "is_mapped": false,
        "data_status": "REAL FOOTPRINT / SYNTHETIC HEIGHT",
        "source": "Google Open Buildings"
      },
      "geometry": {
        "type": "Polygon",
        "coordinates": [
          [
            [
              80.2041753064192,
              13.085865173507
            ],
            [
              80.2041814876502,
              13.0859842729025
            ],
            [
              80.2040677300655,
              13.0859899460745
            ],
            [
              80.2040615488888,
              13.0858708466794
            ],
            [
              80.2041753064192,
              13.085865173507
            ]
          ]
        ]
      }
    },
    {
      "type": "Feature",
      "properties": {
        "building_id": "B150",
        "parcel_id": "P000150",
        "demo_ulpin": "DEMO-TN-CHN-000150",
        "height": 9.600000000000001,
        "floors": 3,
        "is_primary": false,
        "is_mapped": false,
        "data_status": "REAL FOOTPRINT / SYNTHETIC HEIGHT",
        "source": "Google Open Buildings"
      },
      "geometry": {
        "type": "Polygon",
        "coordinates": [
          [
            [
              80.2040878720101,
              13.0843415136812
            ],
            [
              80.2039499447402,
              13.0843486951917
            ],
            [
              80.2039480755366,
              13.0843141982136
            ],
            [
              80.2038341966417,
              13.0843201275341
            ],
            [
              80.2038261565998,
              13.0841717437019
            ],
            [
              80.2040461648075,
              13.0841602885058
            ],
            [
              80.2040473773005,
              13.0841826654368
            ],
            [
              80.2040791750902,
              13.0841810098017
            ],
            [
              80.2040878720101,
              13.0843415136812
            ]
          ]
        ]
      }
    },
    {
      "type": "Feature",
      "properties": {
        "building_id": "B151",
        "parcel_id": "P000151",
        "demo_ulpin": "DEMO-TN-CHN-000151",
        "height": 12.8,
        "floors": 4,
        "is_primary": false,
        "is_mapped": false,
        "data_status": "REAL FOOTPRINT / SYNTHETIC HEIGHT",
        "source": "Google Open Buildings"
      },
      "geometry": {
        "type": "Polygon",
        "coordinates": [
          [
            [
              80.2047744675079,
              13.0837126566626
            ],
            [
              80.2047772168711,
              13.0837753427918
            ],
            [
              80.2046672070799,
              13.0837799791789
            ],
            [
              80.2046644577446,
              13.0837172930502
            ],
            [
              80.2047744675079,
              13.0837126566626
            ]
          ]
        ]
      }
    },
    {
      "type": "Feature",
      "properties": {
        "building_id": "B152",
        "parcel_id": "P000152",
        "demo_ulpin": "DEMO-TN-CHN-000152",
        "height": 6.4,
        "floors": 2,
        "is_primary": false,
        "is_mapped": false,
        "data_status": "REAL FOOTPRINT / SYNTHETIC HEIGHT",
        "source": "Google Open Buildings"
      },
      "geometry": {
        "type": "Polygon",
        "coordinates": [
          [
            [
              80.2064516658786,
              13.08491890093
            ],
            [
              80.2061150295385,
              13.0849302935321
            ],
            [
              80.2061109110918,
              13.0848133528496
            ],
            [
              80.2064475472722,
              13.0848019602408
            ],
            [
              80.2064516658786,
              13.08491890093
            ]
          ]
        ]
      }
    },
    {
      "type": "Feature",
      "properties": {
        "building_id": "B153",
        "parcel_id": "P000153",
        "demo_ulpin": "DEMO-TN-CHN-000153",
        "height": 12.8,
        "floors": 4,
        "is_primary": false,
        "is_mapped": false,
        "data_status": "REAL FOOTPRINT / SYNTHETIC HEIGHT",
        "source": "Google Open Buildings"
      },
      "geometry": {
        "type": "Polygon",
        "coordinates": [
          [
            [
              80.2037656112231,
              13.0844927153288
            ],
            [
              80.2037613332508,
              13.084460931201
            ],
            [
              80.2038629390883,
              13.0844477900198
            ],
            [
              80.203878650108,
              13.0845645180749
            ],
            [
              80.2037312245519,
              13.0845835853272
            ],
            [
              80.2037197915678,
              13.0844986413955
            ],
            [
              80.2037656112231,
              13.0844927153288
            ]
          ]
        ]
      }
    },
    {
      "type": "Feature",
      "properties": {
        "building_id": "B154",
        "parcel_id": "P000154",
        "demo_ulpin": "DEMO-TN-CHN-000154",
        "height": 12.8,
        "floors": 4,
        "is_primary": false,
        "is_mapped": false,
        "data_status": "REAL FOOTPRINT / SYNTHETIC HEIGHT",
        "source": "Google Open Buildings"
      },
      "geometry": {
        "type": "Polygon",
        "coordinates": [
          [
            [
              80.2061247040584,
              13.0844583708153
            ],
            [
              80.2062440084641,
              13.0844514841859
            ],
            [
              80.2062459542733,
              13.0844838760297
            ],
            [
              80.2061266498518,
              13.0844907626592
            ],
            [
              80.2061247040584,
              13.0844583708153
            ]
          ]
        ]
      }
    },
    {
      "type": "Feature",
      "properties": {
        "building_id": "B155",
        "parcel_id": "P000155",
        "demo_ulpin": "DEMO-TN-CHN-000155",
        "height": 12.8,
        "floors": 4,
        "is_primary": false,
        "is_mapped": false,
        "data_status": "REAL FOOTPRINT / SYNTHETIC HEIGHT",
        "source": "Google Open Buildings"
      },
      "geometry": {
        "type": "Polygon",
        "coordinates": [
          [
            [
              80.2051591868601,
              13.0862784958376
            ],
            [
              80.2051607500507,
              13.0863072332495
            ],
            [
              80.2050632806062,
              13.0863123278725
            ],
            [
              80.2050617174273,
              13.0862835904608
            ],
            [
              80.2051591868601,
              13.0862784958376
            ]
          ]
        ]
      }
    },
    {
      "type": "Feature",
      "properties": {
        "building_id": "B156",
        "parcel_id": "P000156",
        "demo_ulpin": "DEMO-TN-CHN-000156",
        "height": 9.600000000000001,
        "floors": 3,
        "is_primary": false,
        "is_mapped": false,
        "data_status": "REAL FOOTPRINT / SYNTHETIC HEIGHT",
        "source": "Google Open Buildings"
      },
      "geometry": {
        "type": "Polygon",
        "coordinates": [
          [
            [
              80.205834129251,
              13.0838779666129
            ],
            [
              80.2058391056613,
              13.08396981791
            ],
            [
              80.2056503479559,
              13.0839796449276
            ],
            [
              80.2056453716158,
              13.0838877936308
            ],
            [
              80.205834129251,
              13.0838779666129
            ]
          ]
        ]
      }
    },
    {
      "type": "Feature",
      "properties": {
        "building_id": "B157",
        "parcel_id": "P000157",
        "demo_ulpin": "DEMO-TN-CHN-000157",
        "height": 9.600000000000001,
        "floors": 3,
        "is_primary": false,
        "is_mapped": false,
        "data_status": "REAL FOOTPRINT / SYNTHETIC HEIGHT",
        "source": "Google Open Buildings"
      },
      "geometry": {
        "type": "Polygon",
        "coordinates": [
          [
            [
              80.2042434380805,
              13.0839504441785
            ],
            [
              80.2042479177274,
              13.0840525352023
            ],
            [
              80.2040714214989,
              13.084059976986
            ],
            [
              80.2040669419246,
              13.0839578859637
            ],
            [
              80.2042434380805,
              13.0839504441785
            ]
          ]
        ]
      }
    },
    {
      "type": "Feature",
      "properties": {
        "building_id": "B158",
        "parcel_id": "P000158",
        "demo_ulpin": "DEMO-TN-CHN-000158",
        "height": 12.8,
        "floors": 4,
        "is_primary": false,
        "is_mapped": false,
        "data_status": "REAL FOOTPRINT / SYNTHETIC HEIGHT",
        "source": "Google Open Buildings"
      },
      "geometry": {
        "type": "Polygon",
        "coordinates": [
          [
            [
              80.2042375238695,
              13.0859814783201
            ],
            [
              80.2042417567018,
              13.0860630357575
            ],
            [
              80.2041440062953,
              13.0860679106626
            ],
            [
              80.2041397734955,
              13.0859863532255
            ],
            [
              80.2042375238695,
              13.0859814783201
            ]
          ]
        ]
      }
    },
    {
      "type": "Feature",
      "properties": {
        "building_id": "B159",
        "parcel_id": "P000159",
        "demo_ulpin": "DEMO-TN-CHN-000159",
        "height": 6.4,
        "floors": 2,
        "is_primary": false,
        "is_mapped": false,
        "data_status": "REAL FOOTPRINT / SYNTHETIC HEIGHT",
        "source": "Google Open Buildings"
      },
      "geometry": {
        "type": "Polygon",
        "coordinates": [
          [
            [
              80.2038847644732,
              13.0843866473246
            ],
            [
              80.2038833083854,
              13.0844496409914
            ],
            [
              80.2037576949363,
              13.0844468508945
            ],
            [
              80.2037591510558,
              13.0843838572302
            ],
            [
              80.2038847644732,
              13.0843866473246
            ]
          ]
        ]
      }
    },
    {
      "type": "Feature",
      "properties": {
        "building_id": "B160",
        "parcel_id": "P000160",
        "demo_ulpin": "DEMO-TN-CHN-000160",
        "height": 12.8,
        "floors": 4,
        "is_primary": false,
        "is_mapped": false,
        "data_status": "REAL FOOTPRINT / SYNTHETIC HEIGHT",
        "source": "Google Open Buildings"
      },
      "geometry": {
        "type": "Polygon",
        "coordinates": [
          [
            [
              80.2059601501424,
              13.0840092718016
            ],
            [
              80.2059625856985,
              13.084065433514
            ],
            [
              80.2060211376904,
              13.0840629935158
            ],
            [
              80.2060221173754,
              13.0840855840365
            ],
            [
              80.2059911683135,
              13.0840868737579
            ],
            [
              80.2059934571046,
              13.08413965106
            ],
            [
              80.2059077418404,
              13.0841432230001
            ],
            [
              80.2059020378503,
              13.0840116934641
            ],
            [
              80.2059601501424,
              13.0840092718016
            ]
          ]
        ]
      }
    },
    {
      "type": "Feature",
      "properties": {
        "building_id": "B161",
        "parcel_id": "P000161",
        "demo_ulpin": "DEMO-TN-CHN-000161",
        "height": 16.0,
        "floors": 5,
        "is_primary": false,
        "is_mapped": false,
        "data_status": "REAL FOOTPRINT / SYNTHETIC HEIGHT",
        "source": "Google Open Buildings"
      },
      "geometry": {
        "type": "Polygon",
        "coordinates": [
          [
            [
              80.2043977823935,
              13.0861802754052
            ],
            [
              80.2043324159034,
              13.0861835353343
            ],
            [
              80.2043298836821,
              13.0861347453019
            ],
            [
              80.2043952501592,
              13.0861314853727
            ],
            [
              80.2043977823935,
              13.0861802754052
            ]
          ]
        ]
      }
    },
    {
      "type": "Feature",
      "properties": {
        "building_id": "B162",
        "parcel_id": "P000162",
        "demo_ulpin": "DEMO-TN-CHN-000162",
        "height": 9.600000000000001,
        "floors": 3,
        "is_primary": false,
        "is_mapped": false,
        "data_status": "REAL FOOTPRINT / SYNTHETIC HEIGHT",
        "source": "Google Open Buildings"
      },
      "geometry": {
        "type": "Polygon",
        "coordinates": [
          [
            [
              80.2038648660403,
              13.0855910746839
            ],
            [
              80.2037122444341,
              13.0856016175344
            ],
            [
              80.2037035251913,
              13.08548032835
            ],
            [
              80.203856146723,
              13.0854697855006
            ],
            [
              80.2038648660403,
              13.0855910746839
            ]
          ]
        ]
      }
    },
    {
      "type": "Feature",
      "properties": {
        "building_id": "B163",
        "parcel_id": "P000163",
        "demo_ulpin": "DEMO-TN-CHN-000163",
        "height": 12.8,
        "floors": 4,
        "is_primary": false,
        "is_mapped": false,
        "data_status": "REAL FOOTPRINT / SYNTHETIC HEIGHT",
        "source": "Google Open Buildings"
      },
      "geometry": {
        "type": "Polygon",
        "coordinates": [
          [
            [
              80.2062440084631,
              13.0844514841837
            ],
            [
              80.2061247040574,
              13.0844583708131
            ],
            [
              80.2061162107872,
              13.0843169823367
            ],
            [
              80.2062355151247,
              13.0843100957068
            ],
            [
              80.2062440084631,
              13.0844514841837
            ]
          ]
        ]
      }
    },
    {
      "type": "Feature",
      "properties": {
        "building_id": "B164",
        "parcel_id": "P000164",
        "demo_ulpin": "DEMO-TN-CHN-000164",
        "height": 6.4,
        "floors": 2,
        "is_primary": false,
        "is_mapped": false,
        "data_status": "REAL FOOTPRINT / SYNTHETIC HEIGHT",
        "source": "Google Open Buildings"
      },
      "geometry": {
        "type": "Polygon",
        "coordinates": [
          [
            [
              80.2060054260483,
              13.0858864745228
            ],
            [
              80.2060103932002,
              13.0859893011588
            ],
            [
              80.2058702117133,
              13.0859958080261
            ],
            [
              80.2058673558362,
              13.0859366868902
            ],
            [
              80.2059037220738,
              13.0859349988689
            ],
            [
              80.205901610851,
              13.0858912933694
            ],
            [
              80.2060054260483,
              13.0858864745228
            ]
          ]
        ]
      }
    },
    {
      "type": "Feature",
      "properties": {
        "building_id": "B165",
        "parcel_id": "P000165",
        "demo_ulpin": "DEMO-TN-CHN-000165",
        "height": 9.600000000000001,
        "floors": 3,
        "is_primary": false,
        "is_mapped": false,
        "data_status": "REAL FOOTPRINT / SYNTHETIC HEIGHT",
        "source": "Google Open Buildings"
      },
      "geometry": {
        "type": "Polygon",
        "coordinates": [
          [
            [
              80.2061462608286,
              13.0841771156476
            ],
            [
              80.2061426292212,
              13.084275001959
            ],
            [
              80.2060334482262,
              13.0842711095814
            ],
            [
              80.2060370798759,
              13.0841732232739
            ],
            [
              80.2061462608286,
              13.0841771156476
            ]
          ]
        ]
      }
    },
    {
      "type": "Feature",
      "properties": {
        "building_id": "B166",
        "parcel_id": "P000166",
        "demo_ulpin": "DEMO-TN-CHN-000166",
        "height": 12.8,
        "floors": 4,
        "is_primary": false,
        "is_mapped": false,
        "data_status": "REAL FOOTPRINT / SYNTHETIC HEIGHT",
        "source": "Google Open Buildings"
      },
      "geometry": {
        "type": "Polygon",
        "coordinates": [
          [
            [
              80.2047727830129,
              13.0836489498122
            ],
            [
              80.2047762830153,
              13.0837183498121
            ],
            [
              80.2046730830169,
              13.0837234498155
            ],
            [
              80.2046695830146,
              13.0836540498156
            ],
            [
              80.2047727830129,
              13.0836489498122
            ]
          ]
        ]
      }
    },
    {
      "type": "Feature",
      "properties": {
        "building_id": "B167",
        "parcel_id": "P000167",
        "demo_ulpin": "DEMO-TN-CHN-000167",
        "height": 6.4,
        "floors": 2,
        "is_primary": false,
        "is_mapped": false,
        "data_status": "REAL FOOTPRINT / SYNTHETIC HEIGHT",
        "source": "Google Open Buildings"
      },
      "geometry": {
        "type": "Polygon",
        "coordinates": [
          [
            [
              80.204989456672,
              13.0863115824657
            ],
            [
              80.2049958050327,
              13.0863956787791
            ],
            [
              80.2049133117988,
              13.0864016626554
            ],
            [
              80.204909777081,
              13.0863548382804
            ],
            [
              80.2048516828258,
              13.0863590522935
            ],
            [
              80.2048488692197,
              13.086321780355
            ],
            [
              80.204989456672,
              13.0863115824657
            ]
          ]
        ]
      }
    },
    {
      "type": "Feature",
      "properties": {
        "building_id": "B168",
        "parcel_id": "P000168",
        "demo_ulpin": "DEMO-TN-CHN-000168",
        "height": 9.600000000000001,
        "floors": 3,
        "is_primary": false,
        "is_mapped": false,
        "data_status": "REAL FOOTPRINT / SYNTHETIC HEIGHT",
        "source": "Google Open Buildings"
      },
      "geometry": {
        "type": "Polygon",
        "coordinates": [
          [
            [
              80.2063951830389,
              13.0847769497832
            ],
            [
              80.2062770830408,
              13.084781849787
            ],
            [
              80.2062697830351,
              13.0846120497873
            ],
            [
              80.2063878830332,
              13.0846071497834
            ],
            [
              80.2063951830389,
              13.0847769497832
            ]
          ]
        ]
      }
    },
    {
      "type": "Feature",
      "properties": {
        "building_id": "B169",
        "parcel_id": "P000169",
        "demo_ulpin": "DEMO-TN-CHN-000169",
        "height": 12.8,
        "floors": 4,
        "is_primary": false,
        "is_mapped": false,
        "data_status": "REAL FOOTPRINT / SYNTHETIC HEIGHT",
        "source": "Google Open Buildings"
      },
      "geometry": {
        "type": "Polygon",
        "coordinates": [
          [
            [
              80.2048465829552,
              13.0862914941243
            ],
            [
              80.2048516828259,
              13.0863590522937
            ],
            [
              80.2049097770811,
              13.0863548382806
            ],
            [
              80.2049133117989,
              13.0864016626557
            ],
            [
              80.2047839709226,
              13.0864110447023
            ],
            [
              80.2047753363779,
              13.0862966621571
            ],
            [
              80.2048465829552,
              13.0862914941243
            ]
          ]
        ]
      }
    },
    {
      "type": "Feature",
      "properties": {
        "building_id": "B170",
        "parcel_id": "P000170",
        "demo_ulpin": "DEMO-TN-CHN-000170",
        "height": 9.600000000000001,
        "floors": 3,
        "is_primary": false,
        "is_mapped": false,
        "data_status": "REAL FOOTPRINT / SYNTHETIC HEIGHT",
        "source": "Google Open Buildings"
      },
      "geometry": {
        "type": "Polygon",
        "coordinates": [
          [
            [
              80.2037592308371,
              13.0850226993203
            ],
            [
              80.2034712694027,
              13.0850339122292
            ],
            [
              80.2034682741398,
              13.0849599955151
            ],
            [
              80.203516118611,
              13.0849581325244
            ],
            [
              80.2035144506441,
              13.0849169708431
            ],
            [
              80.2037545674812,
              13.0849076209227
            ],
            [
              80.2037592308371,
              13.0850226993203
            ]
          ]
        ]
      }
    },
    {
      "type": "Feature",
      "properties": {
        "building_id": "B171",
        "parcel_id": "P000171",
        "demo_ulpin": "DEMO-TN-CHN-000171",
        "height": 9.600000000000001,
        "floors": 3,
        "is_primary": false,
        "is_mapped": false,
        "data_status": "REAL FOOTPRINT / SYNTHETIC HEIGHT",
        "source": "Google Open Buildings"
      },
      "geometry": {
        "type": "Polygon",
        "coordinates": [
          [
            [
              80.2036738152253,
              13.0847028290734
            ],
            [
              80.2036749477633,
              13.0847314247732
            ],
            [
              80.2037177490557,
              13.0847297958655
            ],
            [
              80.2037233625494,
              13.0848715315084
            ],
            [
              80.2035534821589,
              13.0848779966737
            ],
            [
              80.2035467362388,
              13.0847076653334
            ],
            [
              80.2036738152253,
              13.0847028290734
            ]
          ]
        ]
      }
    },
    {
      "type": "Feature",
      "properties": {
        "building_id": "B172",
        "parcel_id": "P000172",
        "demo_ulpin": "DEMO-TN-CHN-000172",
        "height": 16.0,
        "floors": 5,
        "is_primary": false,
        "is_mapped": false,
        "data_status": "REAL FOOTPRINT / SYNTHETIC HEIGHT",
        "source": "Google Open Buildings"
      },
      "geometry": {
        "type": "Polygon",
        "coordinates": [
          [
            [
              80.2062817720589,
              13.0857445877834
            ],
            [
              80.2061685026375,
              13.0857498619281
            ],
            [
              80.20615917864,
              13.0855574429919
            ],
            [
              80.2062724479733,
              13.0855521688464
            ],
            [
              80.2062817720589,
              13.0857445877834
            ]
          ]
        ]
      }
    },
    {
      "type": "Feature",
      "properties": {
        "building_id": "B173",
        "parcel_id": "P000173",
        "demo_ulpin": "DEMO-TN-CHN-000173",
        "height": 16.0,
        "floors": 5,
        "is_primary": false,
        "is_mapped": false,
        "data_status": "REAL FOOTPRINT / SYNTHETIC HEIGHT",
        "source": "Google Open Buildings"
      },
      "geometry": {
        "type": "Polygon",
        "coordinates": [
          [
            [
              80.2052691212262,
              13.0864281826254
            ],
            [
              80.205167617772,
              13.0864334881381
            ],
            [
              80.2051607500515,
              13.0863072332512
            ],
            [
              80.2052622534537,
              13.0863019277382
            ],
            [
              80.2052691212262,
              13.0864281826254
            ]
          ]
        ]
      }
    },
    {
      "type": "Feature",
      "properties": {
        "building_id": "B174",
        "parcel_id": "P000174",
        "demo_ulpin": "DEMO-TN-CHN-000174",
        "height": 12.8,
        "floors": 4,
        "is_primary": false,
        "is_mapped": false,
        "data_status": "REAL FOOTPRINT / SYNTHETIC HEIGHT",
        "source": "Google Open Buildings"
      },
      "geometry": {
        "type": "Polygon",
        "coordinates": [
          [
            [
              80.2040714214991,
              13.0840599769863
            ],
            [
              80.2039817868544,
              13.0840637562933
            ],
            [
              80.2039804617391,
              13.0840335562142
            ],
            [
              80.2039942610063,
              13.0840329743912
            ],
            [
              80.2039911065807,
              13.0839610834486
            ],
            [
              80.2040669419247,
              13.083957885964
            ],
            [
              80.2040714214991,
              13.0840599769863
            ]
          ]
        ]
      }
    },
    {
      "type": "Feature",
      "properties": {
        "building_id": "B175",
        "parcel_id": "P000175",
        "demo_ulpin": "DEMO-TN-CHN-000175",
        "height": 16.0,
        "floors": 5,
        "is_primary": false,
        "is_mapped": false,
        "data_status": "REAL FOOTPRINT / SYNTHETIC HEIGHT",
        "source": "Google Open Buildings"
      },
      "geometry": {
        "type": "Polygon",
        "coordinates": [
          [
            [
              80.2061340948216,
              13.0841745768432
            ],
            [
              80.2060261717755,
              13.0841790742807
            ],
            [
              80.2060221173759,
              13.0840855840376
            ],
            [
              80.2061300403812,
              13.0840810865988
            ],
            [
              80.2061340948216,
              13.0841745768432
            ]
          ]
        ]
      }
    },
    {
      "type": "Feature",
      "properties": {
        "building_id": "B176",
        "parcel_id": "P000176",
        "demo_ulpin": "DEMO-TN-CHN-000176",
        "height": 12.8,
        "floors": 4,
        "is_primary": false,
        "is_mapped": false,
        "data_status": "REAL FOOTPRINT / SYNTHETIC HEIGHT",
        "source": "Google Open Buildings"
      },
      "geometry": {
        "type": "Polygon",
        "coordinates": [
          [
            [
              80.204061548889,
              13.0858708466797
            ],
            [
              80.2040677300657,
              13.0859899460748
            ],
            [
              80.2038855543001,
              13.085999031205
            ],
            [
              80.2038793732112,
              13.0858799318107
            ],
            [
              80.204061548889,
              13.0858708466797
            ]
          ]
        ]
      }
    },
    {
      "type": "Feature",
      "properties": {
        "building_id": "B177",
        "parcel_id": "P000177",
        "demo_ulpin": "DEMO-TN-CHN-000177",
        "height": 9.600000000000001,
        "floors": 3,
        "is_primary": false,
        "is_mapped": false,
        "data_status": "REAL FOOTPRINT / SYNTHETIC HEIGHT",
        "source": "Google Open Buildings"
      },
      "geometry": {
        "type": "Polygon",
        "coordinates": [
          [
            [
              80.2063959455075,
              13.0855295116497
            ],
            [
              80.206251518301,
              13.0855361511241
            ],
            [
              80.2062424410623,
              13.0853464126283
            ],
            [
              80.2063868681579,
              13.0853397731526
            ],
            [
              80.2063959455075,
              13.0855295116497
            ]
          ]
        ]
      }
    },
    {
      "type": "Feature",
      "properties": {
        "building_id": "B178",
        "parcel_id": "P000178",
        "demo_ulpin": "DEMO-TN-CHN-000178",
        "height": 12.8,
        "floors": 4,
        "is_primary": false,
        "is_mapped": false,
        "data_status": "REAL FOOTPRINT / SYNTHETIC HEIGHT",
        "source": "Google Open Buildings"
      },
      "geometry": {
        "type": "Polygon",
        "coordinates": [
          [
            [
              80.2058391836853,
              13.0838001387669
            ],
            [
              80.2058337615009,
              13.0838747384355
            ],
            [
              80.2056963515519,
              13.0838651411831
            ],
            [
              80.2056975640013,
              13.0838484601561
            ],
            [
              80.2056593461756,
              13.0838457908596
            ],
            [
              80.2056635559601,
              13.0837878722241
            ],
            [
              80.2058391836853,
              13.0838001387669
            ]
          ]
        ]
      }
    },
    {
      "type": "Feature",
      "properties": {
        "building_id": "B179",
        "parcel_id": "P000179",
        "demo_ulpin": "DEMO-TN-CHN-000179",
        "height": 6.4,
        "floors": 2,
        "is_primary": false,
        "is_mapped": false,
        "data_status": "REAL FOOTPRINT / SYNTHETIC HEIGHT",
        "source": "Google Open Buildings"
      },
      "geometry": {
        "type": "Polygon",
        "coordinates": [
          [
            [
              80.2053495204926,
              13.0836526567459
            ],
            [
              80.2051915042937,
              13.0836618834988
            ],
            [
              80.2051885723059,
              13.0836136323723
            ],
            [
              80.205346588474,
              13.083604405619
            ],
            [
              80.2053495204926,
              13.0836526567459
            ]
          ]
        ]
      }
    },
    {
      "type": "Feature",
      "properties": {
        "building_id": "B180",
        "parcel_id": "P000180",
        "demo_ulpin": "DEMO-TN-CHN-000180",
        "height": 12.8,
        "floors": 4,
        "is_primary": false,
        "is_mapped": false,
        "data_status": "REAL FOOTPRINT / SYNTHETIC HEIGHT",
        "source": "Google Open Buildings"
      },
      "geometry": {
        "type": "Polygon",
        "coordinates": [
          [
            [
              80.2059398680535,
              13.0860039817636
            ],
            [
              80.2059459134135,
              13.0861103159738
            ],
            [
              80.2058765436613,
              13.0861141056303
            ],
            [
              80.2058704983313,
              13.0860077714202
            ],
            [
              80.2059398680535,
              13.0860039817636
            ]
          ]
        ]
      }
    },
    {
      "type": "Feature",
      "properties": {
        "building_id": "B181",
        "parcel_id": "P000181",
        "demo_ulpin": "DEMO-TN-CHN-000181",
        "height": 6.4,
        "floors": 2,
        "is_primary": false,
        "is_mapped": false,
        "data_status": "REAL FOOTPRINT / SYNTHETIC HEIGHT",
        "source": "Google Open Buildings"
      },
      "geometry": {
        "type": "Polygon",
        "coordinates": [
          [
            [
              80.2042426384588,
              13.0860825482961
            ],
            [
              80.2042356079629,
              13.0861949835434
            ],
            [
              80.2041353141591,
              13.0861894978228
            ],
            [
              80.204141716146,
              13.0860770282009
            ],
            [
              80.2042426384588,
              13.0860825482961
            ]
          ]
        ]
      }
    },
    {
      "type": "Feature",
      "properties": {
        "building_id": "B182",
        "parcel_id": "P000182",
        "demo_ulpin": "DEMO-TN-CHN-000182",
        "height": 9.600000000000001,
        "floors": 3,
        "is_primary": false,
        "is_mapped": false,
        "data_status": "REAL FOOTPRINT / SYNTHETIC HEIGHT",
        "source": "Google Open Buildings"
      },
      "geometry": {
        "type": "Polygon",
        "coordinates": [
          [
            [
              80.2051558508323,
              13.0835556751007
            ],
            [
              80.20516056515,
              13.0836482341515
            ],
            [
              80.2050168222517,
              13.0836552693159
            ],
            [
              80.2050121079878,
              13.0835627102656
            ],
            [
              80.2051558508323,
              13.0835556751007
            ]
          ]
        ]
      }
    },
    {
      "type": "Feature",
      "properties": {
        "building_id": "B183",
        "parcel_id": "P000183",
        "demo_ulpin": "DEMO-TN-CHN-000183",
        "height": 9.600000000000001,
        "floors": 3,
        "is_primary": false,
        "is_mapped": false,
        "data_status": "REAL FOOTPRINT / SYNTHETIC HEIGHT",
        "source": "Google Open Buildings"
      },
      "geometry": {
        "type": "Polygon",
        "coordinates": [
          [
            [
              80.2042836641383,
              13.083948748067
            ],
            [
              80.2039911065794,
              13.0839610834457
            ],
            [
              80.2039862851843,
              13.0838512014062
            ],
            [
              80.2042788426132,
              13.0838388660254
            ],
            [
              80.2042836641383,
              13.083948748067
            ]
          ]
        ]
      }
    },
    {
      "type": "Feature",
      "properties": {
        "building_id": "B184",
        "parcel_id": "P000184",
        "demo_ulpin": "DEMO-TN-CHN-000184",
        "height": 16.0,
        "floors": 5,
        "is_primary": false,
        "is_mapped": false,
        "data_status": "REAL FOOTPRINT / SYNTHETIC HEIGHT",
        "source": "Google Open Buildings"
      },
      "geometry": {
        "type": "Polygon",
        "coordinates": [
          [
            [
              80.206068441545,
              13.0840047590315
            ],
            [
              80.2058685384363,
              13.0840130894473
            ],
            [
              80.205866509253,
              13.0839662979175
            ],
            [
              80.2060664123239,
              13.0839579675014
            ],
            [
              80.206068441545,
              13.0840047590315
            ]
          ]
        ]
      }
    },
    {
      "type": "Feature",
      "properties": {
        "building_id": "B185",
        "parcel_id": "P000185",
        "demo_ulpin": "DEMO-TN-CHN-000185",
        "height": 12.8,
        "floors": 4,
        "is_primary": false,
        "is_mapped": false,
        "data_status": "REAL FOOTPRINT / SYNTHETIC HEIGHT",
        "source": "Google Open Buildings"
      },
      "geometry": {
        "type": "Polygon",
        "coordinates": [
          [
            [
              80.2051344304658,
              13.0864945493878
            ],
            [
              80.2050217213471,
              13.0864906594632
            ],
            [
              80.2050283087139,
              13.0863072558817
            ],
            [
              80.2051410177497,
              13.0863111457977
            ],
            [
              80.2051344304658,
              13.0864945493878
            ]
          ]
        ]
      }
    },
    {
      "type": "Feature",
      "properties": {
        "building_id": "B186",
        "parcel_id": "P000186",
        "demo_ulpin": "DEMO-TN-CHN-000186",
        "height": 6.4,
        "floors": 2,
        "is_primary": false,
        "is_mapped": false,
        "data_status": "REAL FOOTPRINT / SYNTHETIC HEIGHT",
        "source": "Google Open Buildings"
      },
      "geometry": {
        "type": "Polygon",
        "coordinates": [
          [
            [
              80.2047635302191,
              13.0836487752938
            ],
            [
              80.2047048162562,
              13.0836512498127
            ],
            [
              80.2047020724092,
              13.0835886890481
            ],
            [
              80.2047607863572,
              13.083586214529
            ],
            [
              80.2047635302191,
              13.0836487752938
            ]
          ]
        ]
      }
    },
    {
      "type": "Feature",
      "properties": {
        "building_id": "B187",
        "parcel_id": "P000187",
        "demo_ulpin": "DEMO-TN-CHN-000187",
        "height": 6.4,
        "floors": 2,
        "is_primary": false,
        "is_mapped": false,
        "data_status": "REAL FOOTPRINT / SYNTHETIC HEIGHT",
        "source": "Google Open Buildings"
      },
      "geometry": {
        "type": "Polygon",
        "coordinates": [
          [
            [
              80.2048509268751,
              13.0835239271899
            ],
            [
              80.2048549149446,
              13.0835960706671
            ],
            [
              80.2048745784146,
              13.0835950261472
            ],
            [
              80.2048767645453,
              13.0836345728011
            ],
            [
              80.2049117225452,
              13.0836327158352
            ],
            [
              80.2049124784504,
              13.0836463899663
            ],
            [
              80.2047571920765,
              13.083654638728
            ],
            [
              80.2047502620281,
              13.083529274466
            ],
            [
              80.2048509268751,
              13.0835239271899
            ]
          ]
        ]
      }
    },
    {
      "type": "Feature",
      "properties": {
        "building_id": "B188",
        "parcel_id": "P000188",
        "demo_ulpin": "DEMO-TN-CHN-000188",
        "height": 6.4,
        "floors": 2,
        "is_primary": false,
        "is_mapped": false,
        "data_status": "REAL FOOTPRINT / SYNTHETIC HEIGHT",
        "source": "Google Open Buildings"
      },
      "geometry": {
        "type": "Polygon",
        "coordinates": [
          [
            [
              80.2046401067256,
              13.0863001420564
            ],
            [
              80.2046442178902,
              13.0864194936423
            ],
            [
              80.2045152241442,
              13.0864237631957
            ],
            [
              80.2045111130421,
              13.0863044116116
            ],
            [
              80.2046401067256,
              13.0863001420564
            ]
          ]
        ]
      }
    },
    {
      "type": "Feature",
      "properties": {
        "building_id": "B189",
        "parcel_id": "P000189",
        "demo_ulpin": "DEMO-TN-CHN-000189",
        "height": 9.600000000000001,
        "floors": 3,
        "is_primary": false,
        "is_mapped": false,
        "data_status": "REAL FOOTPRINT / SYNTHETIC HEIGHT",
        "source": "Google Open Buildings"
      },
      "geometry": {
        "type": "Polygon",
        "coordinates": [
          [
            [
              80.2057184739142,
              13.0863824649699
            ],
            [
              80.2055327607741,
              13.0863921723602
            ],
            [
              80.2055339665853,
              13.086414339158
            ],
            [
              80.205328646649,
              13.0864250712547
            ],
            [
              80.2053217788463,
              13.0862988163673
            ],
            [
              80.2057128117395,
              13.0862783768792
            ],
            [
              80.2057184739142,
              13.0863824649699
            ]
          ]
        ]
      }
    },
    {
      "type": "Feature",
      "properties": {
        "building_id": "B190",
        "parcel_id": "P000190",
        "demo_ulpin": "DEMO-TN-CHN-000190",
        "height": 12.8,
        "floors": 4,
        "is_primary": false,
        "is_mapped": false,
        "data_status": "REAL FOOTPRINT / SYNTHETIC HEIGHT",
        "source": "Google Open Buildings"
      },
      "geometry": {
        "type": "Polygon",
        "coordinates": [
          [
            [
              80.2041173408563,
              13.086018015599
            ],
            [
              80.2041264643156,
              13.0861938063519
            ],
            [
              80.204034489217,
              13.0861983931916
            ],
            [
              80.2040253658236,
              13.0860226024391
            ],
            [
              80.2041173408563,
              13.086018015599
            ]
          ]
        ]
      }
    },
    {
      "type": "Feature",
      "properties": {
        "building_id": "B191",
        "parcel_id": "P000191",
        "demo_ulpin": "DEMO-TN-CHN-000191",
        "height": 9.600000000000001,
        "floors": 3,
        "is_primary": false,
        "is_mapped": false,
        "data_status": "REAL FOOTPRINT / SYNTHETIC HEIGHT",
        "source": "Google Open Buildings"
      },
      "geometry": {
        "type": "Polygon",
        "coordinates": [
          [
            [
              80.2061849430855,
              13.0859933620994
            ],
            [
              80.2060109794426,
              13.0860014371544
            ],
            [
              80.2060054260482,
              13.0858864745226
            ],
            [
              80.2061793896101,
              13.0858783994668
            ],
            [
              80.2061849430855,
              13.0859933620994
            ]
          ]
        ]
      }
    },
    {
      "type": "Feature",
      "properties": {
        "building_id": "B192",
        "parcel_id": "P000192",
        "demo_ulpin": "DEMO-TN-CHN-000192",
        "height": 12.8,
        "floors": 4,
        "is_primary": false,
        "is_mapped": false,
        "data_status": "REAL FOOTPRINT / SYNTHETIC HEIGHT",
        "source": "Google Open Buildings"
      },
      "geometry": {
        "type": "Polygon",
        "coordinates": [
          [
            [
              80.2060408652106,
              13.0861009769151
            ],
            [
              80.2059458157824,
              13.0861053888824
            ],
            [
              80.2059409513292,
              13.0860046876933
            ],
            [
              80.2060360007189,
              13.0860002757255
            ],
            [
              80.2060408652106,
              13.0861009769151
            ]
          ]
        ]
      }
    },
    {
      "type": "Feature",
      "properties": {
        "building_id": "B193",
        "parcel_id": "P000193",
        "demo_ulpin": "DEMO-TN-CHN-000193",
        "height": 16.0,
        "floors": 5,
        "is_primary": false,
        "is_mapped": false,
        "data_status": "REAL FOOTPRINT / SYNTHETIC HEIGHT",
        "source": "Google Open Buildings"
      },
      "geometry": {
        "type": "Polygon",
        "coordinates": [
          [
            [
              80.2060664091421,
              13.0839578941467
            ],
            [
              80.2058665060713,
              13.0839662245628
            ],
            [
              80.2058628132531,
              13.0838810707759
            ],
            [
              80.206062716255,
              13.0838727403584
            ],
            [
              80.2060664091421,
              13.0839578941467
            ]
          ]
        ]
      }
    },
    {
      "type": "Feature",
      "properties": {
        "building_id": "B194",
        "parcel_id": "P000194",
        "demo_ulpin": "DEMO-TN-CHN-000194",
        "height": 12.8,
        "floors": 4,
        "is_primary": false,
        "is_mapped": false,
        "data_status": "REAL FOOTPRINT / SYNTHETIC HEIGHT",
        "source": "Google Open Buildings"
      },
      "geometry": {
        "type": "Polygon",
        "coordinates": [
          [
            [
              80.2063163251388,
              13.0843243290315
            ],
            [
              80.206244739287,
              13.0843376693948
            ],
            [
              80.2062381775787,
              13.0843038345078
            ],
            [
              80.2063097634213,
              13.0842904941461
            ],
            [
              80.2063163251388,
              13.0843243290315
            ]
          ]
        ]
      }
    },
    {
      "type": "Feature",
      "properties": {
        "building_id": "B195",
        "parcel_id": "P000195",
        "demo_ulpin": "DEMO-TN-CHN-000195",
        "height": 9.600000000000001,
        "floors": 3,
        "is_primary": false,
        "is_mapped": false,
        "data_status": "REAL FOOTPRINT / SYNTHETIC HEIGHT",
        "source": "Google Open Buildings"
      },
      "geometry": {
        "type": "Polygon",
        "coordinates": [
          [
            [
              80.2036749921167,
              13.0844245332297
            ],
            [
              80.2036710902421,
              13.0845491669716
            ],
            [
              80.2035820151436,
              13.084546487285
            ],
            [
              80.2035859170626,
              13.084421853547
            ],
            [
              80.2036749921167,
              13.0844245332297
            ]
          ]
        ]
      }
    },
    {
      "type": "Feature",
      "properties": {
        "building_id": "B196",
        "parcel_id": "P000196",
        "demo_ulpin": "DEMO-TN-CHN-000196",
        "height": 9.600000000000001,
        "floors": 3,
        "is_primary": false,
        "is_mapped": false,
        "data_status": "REAL FOOTPRINT / SYNTHETIC HEIGHT",
        "source": "Google Open Buildings"
      },
      "geometry": {
        "type": "Polygon",
        "coordinates": [
          [
            [
              80.2051885723052,
              13.0836136323706
            ],
            [
              80.2051836122089,
              13.0835320050553
            ],
            [
              80.2054178394954,
              13.0835183282042
            ],
            [
              80.2054227996685,
              13.0835999555192
            ],
            [
              80.2051885723052,
              13.0836136323706
            ]
          ]
        ]
      }
    },
    {
      "type": "Feature",
      "properties": {
        "building_id": "B197",
        "parcel_id": "P000197",
        "demo_ulpin": "DEMO-TN-CHN-000197",
        "height": 12.8,
        "floors": 4,
        "is_primary": false,
        "is_mapped": false,
        "data_status": "REAL FOOTPRINT / SYNTHETIC HEIGHT",
        "source": "Google Open Buildings"
      },
      "geometry": {
        "type": "Polygon",
        "coordinates": [
          [
            [
              80.2048811199611,
              13.0835777379739
            ],
            [
              80.204848588096,
              13.083579340254
            ],
            [
              80.204844361275,
              13.0834968741502
            ],
            [
              80.2048768931296,
              13.0834952718699
            ],
            [
              80.2048811199611,
              13.0835777379739
            ]
          ]
        ]
      }
    },
    {
      "type": "Feature",
      "properties": {
        "building_id": "B198",
        "parcel_id": "P000198",
        "demo_ulpin": "DEMO-TN-CHN-000198",
        "height": 9.600000000000001,
        "floors": 3,
        "is_primary": false,
        "is_mapped": false,
        "data_status": "REAL FOOTPRINT / SYNTHETIC HEIGHT",
        "source": "Google Open Buildings"
      },
      "geometry": {
        "type": "Polygon",
        "coordinates": [
          [
            [
              80.2037062781653,
              13.0854774929324
            ],
            [
              80.2037127609786,
              13.0856014048633
            ],
            [
              80.2035636666001,
              13.0856089002248
            ],
            [
              80.2035571838615,
              13.0854849882942
            ],
            [
              80.2037062781653,
              13.0854774929324
            ]
          ]
        ]
      }
    },
    {
      "type": "Feature",
      "properties": {
        "building_id": "B199",
        "parcel_id": "P000199",
        "demo_ulpin": "DEMO-TN-CHN-000199",
        "height": 6.4,
        "floors": 2,
        "is_primary": false,
        "is_mapped": false,
        "data_status": "REAL FOOTPRINT / SYNTHETIC HEIGHT",
        "source": "Google Open Buildings"
      },
      "geometry": {
        "type": "Polygon",
        "coordinates": [
          [
            [
              80.2047571830098,
              13.0835900498096
            ],
            [
              80.2046264830119,
              13.0835959498139
            ],
            [
              80.2046235830098,
              13.083534949814
            ],
            [
              80.2047543830077,
              13.0835290498097
            ],
            [
              80.2047571830098,
              13.0835900498096
            ]
          ]
        ]
      }
    },
    {
      "type": "Feature",
      "properties": {
        "building_id": "B200",
        "parcel_id": "P000200",
        "demo_ulpin": "DEMO-TN-CHN-000200",
        "height": 16.0,
        "floors": 5,
        "is_primary": false,
        "is_mapped": false,
        "data_status": "REAL FOOTPRINT / SYNTHETIC HEIGHT",
        "source": "Google Open Buildings"
      },
      "geometry": {
        "type": "Polygon",
        "coordinates": [
          [
            [
              80.2038793732112,
              13.0858799318107
            ],
            [
              80.2038848198302,
              13.0859848791816
            ],
            [
              80.2038203973629,
              13.085988091908
            ],
            [
              80.2038149507717,
              13.0858831445372
            ],
            [
              80.2038793732112,
              13.0858799318107
            ]
          ]
        ]
      }
    },
    {
      "type": "Feature",
      "properties": {
        "building_id": "B201",
        "parcel_id": "P000201",
        "demo_ulpin": "DEMO-TN-CHN-000201",
        "height": 12.8,
        "floors": 4,
        "is_primary": false,
        "is_mapped": false,
        "data_status": "REAL FOOTPRINT / SYNTHETIC HEIGHT",
        "source": "Google Open Buildings"
      },
      "geometry": {
        "type": "Polygon",
        "coordinates": [
          [
            [
              80.205032247467,
              13.0865221234868
            ],
            [
              80.2048793338091,
              13.0865301160109
            ],
            [
              80.2048809855482,
              13.0865604819004
            ],
            [
              80.2047943087655,
              13.0865650123004
            ],
            [
              80.2047870274993,
              13.086431151145
            ],
            [
              80.2050266178282,
              13.0864186282196
            ],
            [
              80.205032247467,
              13.0865221234868
            ]
          ]
        ]
      }
    },
    {
      "type": "Feature",
      "properties": {
        "building_id": "B202",
        "parcel_id": "P000202",
        "demo_ulpin": "DEMO-TN-CHN-000202",
        "height": 12.8,
        "floors": 4,
        "is_primary": false,
        "is_mapped": false,
        "data_status": "REAL FOOTPRINT / SYNTHETIC HEIGHT",
        "source": "Google Open Buildings"
      },
      "geometry": {
        "type": "Polygon",
        "coordinates": [
          [
            [
              80.2061713830123,
              13.0840865497766
            ],
            [
              80.2062547830108,
              13.0840786497739
            ],
            [
              80.2062659830146,
              13.0841924497735
            ],
            [
              80.2061824830161,
              13.0842003497763
            ],
            [
              80.2061713830123,
              13.0840865497766
            ]
          ]
        ]
      }
    },
    {
      "type": "Feature",
      "properties": {
        "building_id": "B203",
        "parcel_id": "P000203",
        "demo_ulpin": "DEMO-TN-CHN-000203",
        "height": 6.4,
        "floors": 2,
        "is_primary": false,
        "is_mapped": false,
        "data_status": "REAL FOOTPRINT / SYNTHETIC HEIGHT",
        "source": "Google Open Buildings"
      },
      "geometry": {
        "type": "Polygon",
        "coordinates": [
          [
            [
              80.203985766524,
              13.0860077588826
            ],
            [
              80.2039844696485,
              13.0860839992599
            ],
            [
              80.203880070662,
              13.0860822927967
            ],
            [
              80.2038813675693,
              13.0860060524218
            ],
            [
              80.203985766524,
              13.0860077588826
            ]
          ]
        ]
      }
    },
    {
      "type": "Feature",
      "properties": {
        "building_id": "B204",
        "parcel_id": "P000204",
        "demo_ulpin": "DEMO-TN-CHN-000204",
        "height": 12.8,
        "floors": 4,
        "is_primary": false,
        "is_mapped": false,
        "data_status": "REAL FOOTPRINT / SYNTHETIC HEIGHT",
        "source": "Google Open Buildings"
      },
      "geometry": {
        "type": "Polygon",
        "coordinates": [
          [
            [
              80.2058212285941,
              13.0837345277739
            ],
            [
              80.2055981783335,
              13.0837416427844
            ],
            [
              80.2055943727834,
              13.0836270016334
            ],
            [
              80.2058174229407,
              13.0836198866201
            ],
            [
              80.2058212285941,
              13.0837345277739
            ]
          ]
        ]
      }
    },
    {
      "type": "Feature",
      "properties": {
        "building_id": "B205",
        "parcel_id": "P000205",
        "demo_ulpin": "DEMO-TN-CHN-000205",
        "height": 16.0,
        "floors": 5,
        "is_primary": false,
        "is_mapped": false,
        "data_status": "REAL FOOTPRINT / SYNTHETIC HEIGHT",
        "source": "Google Open Buildings"
      },
      "geometry": {
        "type": "Polygon",
        "coordinates": [
          [
            [
              80.2064231264009,
              13.085545152748
            ],
            [
              80.2064324506039,
              13.0857375716861
            ],
            [
              80.2062817720588,
              13.0857445877831
            ],
            [
              80.2062724479732,
              13.0855521688461
            ],
            [
              80.2064231264009,
              13.085545152748
            ]
          ]
        ]
      }
    },
    {
      "type": "Feature",
      "properties": {
        "building_id": "B206",
        "parcel_id": "P000206",
        "demo_ulpin": "DEMO-TN-CHN-000206",
        "height": 12.8,
        "floors": 4,
        "is_primary": false,
        "is_mapped": false,
        "data_status": "REAL FOOTPRINT / SYNTHETIC HEIGHT",
        "source": "Google Open Buildings"
      },
      "geometry": {
        "type": "Polygon",
        "coordinates": [
          [
            [
              80.203728152558,
              13.08571359832
            ],
            [
              80.2037539726391,
              13.0857147846297
            ],
            [
              80.2037503189372,
              13.085791199137
            ],
            [
              80.2036248895077,
              13.0857854362256
            ],
            [
              80.2036307898676,
              13.0856620357764
            ],
            [
              80.2037303991586,
              13.0856666123723
            ],
            [
              80.203728152558,
              13.08571359832
            ]
          ]
        ]
      }
    },
    {
      "type": "Feature",
      "properties": {
        "building_id": "B207",
        "parcel_id": "P000207",
        "demo_ulpin": "DEMO-TN-CHN-000207",
        "height": 16.0,
        "floors": 5,
        "is_primary": false,
        "is_mapped": false,
        "data_status": "REAL FOOTPRINT / SYNTHETIC HEIGHT",
        "source": "Google Open Buildings"
      },
      "geometry": {
        "type": "Polygon",
        "coordinates": [
          [
            [
              80.2037607830576,
              13.0843239498607
            ],
            [
              80.2036230830598,
              13.0843311498652
            ],
            [
              80.2036161830555,
              13.0842051498654
            ],
            [
              80.2037539830533,
              13.0841979498609
            ],
            [
              80.2037607830576,
              13.0843239498607
            ]
          ]
        ]
      }
    },
    {
      "type": "Feature",
      "properties": {
        "building_id": "B208",
        "parcel_id": "P000208",
        "demo_ulpin": "DEMO-TN-CHN-000208",
        "height": 9.600000000000001,
        "floors": 3,
        "is_primary": false,
        "is_mapped": false,
        "data_status": "REAL FOOTPRINT / SYNTHETIC HEIGHT",
        "source": "Google Open Buildings"
      },
      "geometry": {
        "type": "Polygon",
        "coordinates": [
          [
            [
              80.2051303323381,
              13.083439825585
            ],
            [
              80.2051350358201,
              13.0835321720715
            ],
            [
              80.2049902330826,
              13.0835392591002
            ],
            [
              80.2049855296554,
              13.0834469126139
            ],
            [
              80.2051303323381,
              13.083439825585
            ]
          ]
        ]
      }
    },
    {
      "type": "Feature",
      "properties": {
        "building_id": "B209",
        "parcel_id": "P000209",
        "demo_ulpin": "DEMO-TN-CHN-000209",
        "height": 12.8,
        "floors": 4,
        "is_primary": false,
        "is_mapped": false,
        "data_status": "REAL FOOTPRINT / SYNTHETIC HEIGHT",
        "source": "Google Open Buildings"
      },
      "geometry": {
        "type": "Polygon",
        "coordinates": [
          [
            [
              80.2048473661116,
              13.083459513606
            ],
            [
              80.204850926874,
              13.0835239271875
            ],
            [
              80.2047543458855,
              13.0835290575314
            ],
            [
              80.2047507851481,
              13.0834646439501
            ],
            [
              80.2048473661116,
              13.083459513606
            ]
          ]
        ]
      }
    },
    {
      "type": "Feature",
      "properties": {
        "building_id": "B210",
        "parcel_id": "P000210",
        "demo_ulpin": "DEMO-TN-CHN-000210",
        "height": 16.0,
        "floors": 5,
        "is_primary": false,
        "is_mapped": false,
        "data_status": "REAL FOOTPRINT / SYNTHETIC HEIGHT",
        "source": "Google Open Buildings"
      },
      "geometry": {
        "type": "Polygon",
        "coordinates": [
          [
            [
              80.2039865229735,
              13.0838411319159
            ],
            [
              80.2039917026918,
              13.0839500354217
            ],
            [
              80.203922546652,
              13.0839531961155
            ],
            [
              80.203917366964,
              13.0838442926102
            ],
            [
              80.2039865229735,
              13.0838411319159
            ]
          ]
        ]
      }
    },
    {
      "type": "Feature",
      "properties": {
        "building_id": "B211",
        "parcel_id": "P000211",
        "demo_ulpin": "DEMO-TN-CHN-000211",
        "height": 12.8,
        "floors": 4,
        "is_primary": false,
        "is_mapped": false,
        "data_status": "REAL FOOTPRINT / SYNTHETIC HEIGHT",
        "source": "Google Open Buildings"
      },
      "geometry": {
        "type": "Polygon",
        "coordinates": [
          [
            [
              80.2065772691415,
              13.0847975700105
            ],
            [
              80.2065810053158,
              13.0849036506229
            ],
            [
              80.2064512833905,
              13.0849080408515
            ],
            [
              80.2064475472719,
              13.0848019602403
            ],
            [
              80.2065772691415,
              13.0847975700105
            ]
          ]
        ]
      }
    },
    {
      "type": "Feature",
      "properties": {
        "building_id": "B212",
        "parcel_id": "P000212",
        "demo_ulpin": "DEMO-TN-CHN-000212",
        "height": 12.8,
        "floors": 4,
        "is_primary": false,
        "is_mapped": false,
        "data_status": "REAL FOOTPRINT / SYNTHETIC HEIGHT",
        "source": "Google Open Buildings"
      },
      "geometry": {
        "type": "Polygon",
        "coordinates": [
          [
            [
              80.2065189979897,
              13.0853440405332
            ],
            [
              80.2065275817641,
              13.0855234601181
            ],
            [
              80.2063959455074,
              13.0855295116496
            ],
            [
              80.2063873618286,
              13.0853500920656
            ],
            [
              80.2065189979897,
              13.0853440405332
            ]
          ]
        ]
      }
    },
    {
      "type": "Feature",
      "properties": {
        "building_id": "B213",
        "parcel_id": "P000213",
        "demo_ulpin": "DEMO-TN-CHN-000213",
        "height": 9.600000000000001,
        "floors": 3,
        "is_primary": false,
        "is_mapped": false,
        "data_status": "REAL FOOTPRINT / SYNTHETIC HEIGHT",
        "source": "Google Open Buildings"
      },
      "geometry": {
        "type": "Polygon",
        "coordinates": [
          [
            [
              80.2061898076393,
              13.0860940632922
            ],
            [
              80.2060408652105,
              13.0861009769148
            ],
            [
              80.2060360007188,
              13.0860002757253
            ],
            [
              80.2061849430867,
              13.0859933621021
            ],
            [
              80.2061898076393,
              13.0860940632922
            ]
          ]
        ]
      }
    },
    {
      "type": "Feature",
      "properties": {
        "building_id": "B214",
        "parcel_id": "P000214",
        "demo_ulpin": "DEMO-TN-CHN-000214",
        "height": 6.4,
        "floors": 2,
        "is_primary": false,
        "is_mapped": false,
        "data_status": "REAL FOOTPRINT / SYNTHETIC HEIGHT",
        "source": "Google Open Buildings"
      },
      "geometry": {
        "type": "Polygon",
        "coordinates": [
          [
            [
              80.2039245911613,
              13.0838537330757
            ],
            [
              80.2039326958866,
              13.084018345194
            ],
            [
              80.2038744137059,
              13.0840211025976
            ],
            [
              80.2038663090195,
              13.0838564904797
            ],
            [
              80.2039245911613,
              13.0838537330757
            ]
          ]
        ]
      }
    },
    {
      "type": "Feature",
      "properties": {
        "building_id": "B215",
        "parcel_id": "P000215",
        "demo_ulpin": "DEMO-TN-CHN-000215",
        "height": 16.0,
        "floors": 5,
        "is_primary": false,
        "is_mapped": false,
        "data_status": "REAL FOOTPRINT / SYNTHETIC HEIGHT",
        "source": "Google Open Buildings"
      },
      "geometry": {
        "type": "Polygon",
        "coordinates": [
          [
            [
              80.2035379890753,
              13.0847130778512
            ],
            [
              80.2035435288586,
              13.0848842527864
            ],
            [
              80.2034169733531,
              13.0848881884336
            ],
            [
              80.2034114336574,
              13.0847170135007
            ],
            [
              80.2035379890753,
              13.0847130778512
            ]
          ]
        ]
      }
    },
    {
      "type": "Feature",
      "properties": {
        "building_id": "B216",
        "parcel_id": "P000216",
        "demo_ulpin": "DEMO-TN-CHN-000216",
        "height": 9.600000000000001,
        "floors": 3,
        "is_primary": false,
        "is_mapped": false,
        "data_status": "REAL FOOTPRINT / SYNTHETIC HEIGHT",
        "source": "Google Open Buildings"
      },
      "geometry": {
        "type": "Polygon",
        "coordinates": [
          [
            [
              80.203820397363,
              13.0859880919083
            ],
            [
              80.2037529567556,
              13.0859914551309
            ],
            [
              80.2037481137996,
              13.0858981383905
            ],
            [
              80.2038155543818,
              13.0858947751679
            ],
            [
              80.203820397363,
              13.0859880919083
            ]
          ]
        ]
      }
    },
    {
      "type": "Feature",
      "properties": {
        "building_id": "B217",
        "parcel_id": "P000217",
        "demo_ulpin": "DEMO-TN-CHN-000217",
        "height": 16.0,
        "floors": 5,
        "is_primary": false,
        "is_mapped": false,
        "data_status": "REAL FOOTPRINT / SYNTHETIC HEIGHT",
        "source": "Google Open Buildings"
      },
      "geometry": {
        "type": "Polygon",
        "coordinates": [
          [
            [
              80.2052280113848,
              13.0835125058257
            ],
            [
              80.2052258902701,
              13.0834775991567
            ],
            [
              80.2054146946308,
              13.0834665745932
            ],
            [
              80.2054168157721,
              13.0835014812622
            ],
            [
              80.2052280113848,
              13.0835125058257
            ]
          ]
        ]
      }
    },
    {
      "type": "Feature",
      "properties": {
        "building_id": "B218",
        "parcel_id": "P000218",
        "demo_ulpin": "DEMO-TN-CHN-000218",
        "height": 12.8,
        "floors": 4,
        "is_primary": false,
        "is_mapped": false,
        "data_status": "REAL FOOTPRINT / SYNTHETIC HEIGHT",
        "source": "Google Open Buildings"
      },
      "geometry": {
        "type": "Polygon",
        "coordinates": [
          [
            [
              80.2043884322569,
              13.0863941644948
            ],
            [
              80.2043581397042,
              13.0863946848259
            ],
            [
              80.2043586357821,
              13.0864224364122
            ],
            [
              80.2041230837917,
              13.0864264823375
            ],
            [
              80.2041221752164,
              13.0863756521521
            ],
            [
              80.2041418550198,
              13.0863753141329
            ],
            [
              80.2041407067278,
              13.0863110733142
            ],
            [
              80.2043868713529,
              13.0863068450719
            ],
            [
              80.2043884322569,
              13.0863941644948
            ]
          ]
        ]
      }
    },
    {
      "type": "Feature",
      "properties": {
        "building_id": "B219",
        "parcel_id": "P000219",
        "demo_ulpin": "DEMO-TN-CHN-000219",
        "height": 6.4,
        "floors": 2,
        "is_primary": false,
        "is_mapped": false,
        "data_status": "REAL FOOTPRINT / SYNTHETIC HEIGHT",
        "source": "Google Open Buildings"
      },
      "geometry": {
        "type": "Polygon",
        "coordinates": [
          [
            [
              80.2064832270781,
              13.0842945317057
            ],
            [
              80.2064922278432,
              13.0844499875894
            ],
            [
              80.206373118425,
              13.0844566143936
            ],
            [
              80.2063688785874,
              13.0843833858325
            ],
            [
              80.206405956177,
              13.0843813229788
            ],
            [
              80.206403627065,
              13.0843410956922
            ],
            [
              80.2063665494809,
              13.0843431585455
            ],
            [
              80.206364117735,
              13.0843011585114
            ],
            [
              80.2064832270781,
              13.0842945317057
            ]
          ]
        ]
      }
    },
    {
      "type": "Feature",
      "properties": {
        "building_id": "B220",
        "parcel_id": "P000220",
        "demo_ulpin": "DEMO-TN-CHN-000220",
        "height": 12.8,
        "floors": 4,
        "is_primary": false,
        "is_mapped": false,
        "data_status": "REAL FOOTPRINT / SYNTHETIC HEIGHT",
        "source": "Google Open Buildings"
      },
      "geometry": {
        "type": "Polygon",
        "coordinates": [
          [
            [
              80.2063367493506,
              13.0859863154502
            ],
            [
              80.2061849430854,
              13.0859933620991
            ],
            [
              80.2061793896099,
              13.0858783994665
            ],
            [
              80.2063311958046,
              13.0858713528168
            ],
            [
              80.2063367493506,
              13.0859863154502
            ]
          ]
        ]
      }
    },
    {
      "type": "Feature",
      "properties": {
        "building_id": "B221",
        "parcel_id": "P000221",
        "demo_ulpin": "DEMO-TN-CHN-000221",
        "height": 12.8,
        "floors": 4,
        "is_primary": false,
        "is_mapped": false,
        "data_status": "REAL FOOTPRINT / SYNTHETIC HEIGHT",
        "source": "Google Open Buildings"
      },
      "geometry": {
        "type": "Polygon",
        "coordinates": [
          [
            [
              80.2048498626041,
              13.083456731527
            ],
            [
              80.2047511860196,
              13.0834611729405
            ],
            [
              80.2047534696747,
              13.0835099276076
            ],
            [
              80.2046718949645,
              13.0835135992398
            ],
            [
              80.2046687274685,
              13.0834459746133
            ],
            [
              80.2046950376211,
              13.0834447904106
            ],
            [
              80.2046932459687,
              13.0834065395135
            ],
            [
              80.2048471792245,
              13.0833994434552
            ],
            [
              80.2048498626041,
              13.083456731527
            ]
          ]
        ]
      }
    },
    {
      "type": "Feature",
      "properties": {
        "building_id": "B222",
        "parcel_id": "P000222",
        "demo_ulpin": "DEMO-TN-CHN-000222",
        "height": 6.4,
        "floors": 2,
        "is_primary": false,
        "is_mapped": false,
        "data_status": "REAL FOOTPRINT / SYNTHETIC HEIGHT",
        "source": "Google Open Buildings"
      },
      "geometry": {
        "type": "Polygon",
        "coordinates": [
          [
            [
              80.203466606181,
              13.0849188338341
            ],
            [
              80.2034712694028,
              13.0850339122294
            ],
            [
              80.2033910730328,
              13.0850370349324
            ],
            [
              80.2033880777938,
              13.0849631182186
            ],
            [
              80.2033511102146,
              13.0849645576621
            ],
            [
              80.2033494422752,
              13.0849233959815
            ],
            [
              80.203466606181,
              13.0849188338341
            ]
          ]
        ]
      }
    },
    {
      "type": "Feature",
      "properties": {
        "building_id": "B223",
        "parcel_id": "P000223",
        "demo_ulpin": "DEMO-TN-CHN-000223",
        "height": 6.4,
        "floors": 2,
        "is_primary": false,
        "is_mapped": false,
        "data_status": "REAL FOOTPRINT / SYNTHETIC HEIGHT",
        "source": "Google Open Buildings"
      },
      "geometry": {
        "type": "Polygon",
        "coordinates": [
          [
            [
              80.206383604819,
              13.0840635601919
            ],
            [
              80.2063919763563,
              13.0842403610178
            ],
            [
              80.2062994029604,
              13.0842445730699
            ],
            [
              80.2062910314891,
              13.0840677722449
            ],
            [
              80.206383604819,
              13.0840635601919
            ]
          ]
        ]
      }
    },
    {
      "type": "Feature",
      "properties": {
        "building_id": "B224",
        "parcel_id": "P000224",
        "demo_ulpin": "DEMO-TN-CHN-000224",
        "height": 9.600000000000001,
        "floors": 3,
        "is_primary": false,
        "is_mapped": false,
        "data_status": "REAL FOOTPRINT / SYNTHETIC HEIGHT",
        "source": "Google Open Buildings"
      },
      "geometry": {
        "type": "Polygon",
        "coordinates": [
          [
            [
              80.2036945830427,
              13.0839461498565
            ],
            [
              80.2038214830411,
              13.0839510498524
            ],
            [
              80.2038160830458,
              13.0840859498526
            ],
            [
              80.2036891830474,
              13.0840810498567
            ],
            [
              80.2036945830427,
              13.0839461498565
            ]
          ]
        ]
      }
    },
    {
      "type": "Feature",
      "properties": {
        "building_id": "B225",
        "parcel_id": "P000225",
        "demo_ulpin": "DEMO-TN-CHN-000225",
        "height": 16.0,
        "floors": 5,
        "is_primary": false,
        "is_mapped": false,
        "data_status": "REAL FOOTPRINT / SYNTHETIC HEIGHT",
        "source": "Google Open Buildings"
      },
      "geometry": {
        "type": "Polygon",
        "coordinates": [
          [
            [
              80.2037475101928,
              13.0858865077604
            ],
            [
              80.2037529567556,
              13.0859914551308
            ],
            [
              80.2036878103776,
              13.0859947039247
            ],
            [
              80.2036823638424,
              13.0858897565546
            ],
            [
              80.2037475101928,
              13.0858865077604
            ]
          ]
        ]
      }
    },
    {
      "type": "Feature",
      "properties": {
        "building_id": "B226",
        "parcel_id": "P000226",
        "demo_ulpin": "DEMO-TN-CHN-000226",
        "height": 16.0,
        "floors": 5,
        "is_primary": false,
        "is_mapped": false,
        "data_status": "REAL FOOTPRINT / SYNTHETIC HEIGHT",
        "source": "Google Open Buildings"
      },
      "geometry": {
        "type": "Polygon",
        "coordinates": [
          [
            [
              80.2050580984103,
              13.0866410408872
            ],
            [
              80.2049251840597,
              13.0866491017328
            ],
            [
              80.2049192442465,
              13.0865549895985
            ],
            [
              80.2050521585465,
              13.0865469287532
            ],
            [
              80.2050580984103,
              13.0866410408872
            ]
          ]
        ]
      }
    },
    {
      "type": "Feature",
      "properties": {
        "building_id": "B227",
        "parcel_id": "P000227",
        "demo_ulpin": "DEMO-TN-CHN-000227",
        "height": 16.0,
        "floors": 5,
        "is_primary": false,
        "is_mapped": false,
        "data_status": "REAL FOOTPRINT / SYNTHETIC HEIGHT",
        "source": "Google Open Buildings"
      },
      "geometry": {
        "type": "Polygon",
        "coordinates": [
          [
            [
              80.2047695675771,
              13.0866032407107
            ],
            [
              80.204696181038,
              13.0866076508727
            ],
            [
              80.204692911569,
              13.086555372756
            ],
            [
              80.2047662980926,
              13.0865509625941
            ],
            [
              80.2047695675771,
              13.0866032407107
            ]
          ]
        ]
      }
    },
    {
      "type": "Feature",
      "properties": {
        "building_id": "B228",
        "parcel_id": "P000228",
        "demo_ulpin": "DEMO-TN-CHN-000228",
        "height": 6.4,
        "floors": 2,
        "is_primary": false,
        "is_mapped": false,
        "data_status": "REAL FOOTPRINT / SYNTHETIC HEIGHT",
        "source": "Google Open Buildings"
      },
      "geometry": {
        "type": "Polygon",
        "coordinates": [
          [
            [
              80.2066328638072,
              13.0846043123403
            ],
            [
              80.2066317183802,
              13.0847455499833
            ],
            [
              80.2065214140047,
              13.0847446903579
            ],
            [
              80.2065218239942,
              13.0846941391887
            ],
            [
              80.2064986298334,
              13.0846939584261
            ],
            [
              80.2064993653422,
              13.0846032719569
            ],
            [
              80.2066328638072,
              13.0846043123403
            ]
          ]
        ]
      }
    },
    {
      "type": "Feature",
      "properties": {
        "building_id": "B229",
        "parcel_id": "P000229",
        "demo_ulpin": "DEMO-TN-CHN-000229",
        "height": 16.0,
        "floors": 5,
        "is_primary": false,
        "is_mapped": false,
        "data_status": "REAL FOOTPRINT / SYNTHETIC HEIGHT",
        "source": "Google Open Buildings"
      },
      "geometry": {
        "type": "Polygon",
        "coordinates": [
          [
            [
              80.2035929963346,
              13.0856822769788
            ],
            [
              80.2036007485263,
              13.0857803760885
            ],
            [
              80.2035434889071,
              13.085784724094
            ],
            [
              80.2035357367381,
              13.0856866249837
            ],
            [
              80.2035929963346,
              13.0856822769788
            ]
          ]
        ]
      }
    },
    {
      "type": "Feature",
      "properties": {
        "building_id": "B230",
        "parcel_id": "P000230",
        "demo_ulpin": "DEMO-TN-CHN-000230",
        "height": 9.600000000000001,
        "floors": 3,
        "is_primary": false,
        "is_mapped": false,
        "data_status": "REAL FOOTPRINT / SYNTHETIC HEIGHT",
        "source": "Google Open Buildings"
      },
      "geometry": {
        "type": "Polygon",
        "coordinates": [
          [
            [
              80.2054392044239,
              13.083438999447
            ],
            [
              80.2053654604873,
              13.0834433054881
            ],
            [
              80.2053670435319,
              13.0834693570221
            ],
            [
              80.2052258902693,
              13.083477599155
            ],
            [
              80.2052243072399,
              13.0834515476208
            ],
            [
              80.2051788843676,
              13.0834541999083
            ],
            [
              80.2051745252033,
              13.0833824619634
            ],
            [
              80.2054348451841,
              13.0833672614994
            ],
            [
              80.2054392044239,
              13.083438999447
            ]
          ]
        ]
      }
    },
    {
      "type": "Feature",
      "properties": {
        "building_id": "B231",
        "parcel_id": "P000231",
        "demo_ulpin": "DEMO-TN-CHN-000231",
        "height": 12.8,
        "floors": 4,
        "is_primary": false,
        "is_mapped": false,
        "data_status": "REAL FOOTPRINT / SYNTHETIC HEIGHT",
        "source": "Google Open Buildings"
      },
      "geometry": {
        "type": "Polygon",
        "coordinates": [
          [
            [
              80.2035371830659,
              13.0844015498736
            ],
            [
              80.2035332830716,
              13.0845634498738
            ],
            [
              80.2034163830731,
              13.0845607498776
            ],
            [
              80.2034172830718,
              13.0845205498775
            ],
            [
              80.203399583072,
              13.0845200498781
            ],
            [
              80.2034004830708,
              13.0844853498781
            ],
            [
              80.2034181830705,
              13.0844857498775
            ],
            [
              80.2034201830675,
              13.0843988498775
            ],
            [
              80.2035371830659,
              13.0844015498736
            ]
          ]
        ]
      }
    },
    {
      "type": "Feature",
      "properties": {
        "building_id": "B232",
        "parcel_id": "P000232",
        "demo_ulpin": "DEMO-TN-CHN-000232",
        "height": 16.0,
        "floors": 5,
        "is_primary": false,
        "is_mapped": false,
        "data_status": "REAL FOOTPRINT / SYNTHETIC HEIGHT",
        "source": "Google Open Buildings"
      },
      "geometry": {
        "type": "Polygon",
        "coordinates": [
          [
            [
              80.204613043971,
              13.0865007936845
            ],
            [
              80.2046085826122,
              13.0866093359592
            ],
            [
              80.2045267003622,
              13.0866061019606
            ],
            [
              80.2045311617565,
              13.0864975596895
            ],
            [
              80.204613043971,
              13.0865007936845
            ]
          ]
        ]
      }
    },
    {
      "type": "Feature",
      "properties": {
        "building_id": "B233",
        "parcel_id": "P000233",
        "demo_ulpin": "DEMO-TN-CHN-000233",
        "height": 6.4,
        "floors": 2,
        "is_primary": false,
        "is_mapped": false,
        "data_status": "REAL FOOTPRINT / SYNTHETIC HEIGHT",
        "source": "Google Open Buildings"
      },
      "geometry": {
        "type": "Polygon",
        "coordinates": [
          [
            [
              80.205154280457,
              13.0865399913384
            ],
            [
              80.2051634554648,
              13.0866853606338
            ],
            [
              80.2051005068384,
              13.0866891783068
            ],
            [
              80.205097318524,
              13.0866386622952
            ],
            [
              80.2050580984104,
              13.0866410408874
            ],
            [
              80.2050521117691,
              13.0865461876035
            ],
            [
              80.205154280457,
              13.0865399913384
            ]
          ]
        ]
      }
    },
    {
      "type": "Feature",
      "properties": {
        "building_id": "B234",
        "parcel_id": "P000234",
        "demo_ulpin": "DEMO-TN-CHN-000234",
        "height": 9.600000000000001,
        "floors": 3,
        "is_primary": false,
        "is_mapped": false,
        "data_status": "REAL FOOTPRINT / SYNTHETIC HEIGHT",
        "source": "Google Open Buildings"
      },
      "geometry": {
        "type": "Polygon",
        "coordinates": [
          [
            [
              80.2065259873217,
              13.0855527690927
            ],
            [
              80.2065347117873,
              13.0857328100129
            ],
            [
              80.2064324506039,
              13.085737571686
            ],
            [
              80.2064237262126,
              13.0855575307665
            ],
            [
              80.2065259873217,
              13.0855527690927
            ]
          ]
        ]
      }
    },
    {
      "type": "Feature",
      "properties": {
        "building_id": "B235",
        "parcel_id": "P000235",
        "demo_ulpin": "DEMO-TN-CHN-000235",
        "height": 9.600000000000001,
        "floors": 3,
        "is_primary": false,
        "is_mapped": false,
        "data_status": "REAL FOOTPRINT / SYNTHETIC HEIGHT",
        "source": "Google Open Buildings"
      },
      "geometry": {
        "type": "Polygon",
        "coordinates": [
          [
            [
              80.2060124004388,
              13.0862067623415
            ],
            [
              80.2060221471374,
              13.0863970187276
            ],
            [
              80.2058961955287,
              13.0864032188498
            ],
            [
              80.2058864489326,
              13.0862129624643
            ],
            [
              80.2060124004388,
              13.0862067623415
            ]
          ]
        ]
      }
    },
    {
      "type": "Feature",
      "properties": {
        "building_id": "B236",
        "parcel_id": "P000236",
        "demo_ulpin": "DEMO-TN-CHN-000236",
        "height": 6.4,
        "floors": 2,
        "is_primary": false,
        "is_mapped": false,
        "data_status": "REAL FOOTPRINT / SYNTHETIC HEIGHT",
        "source": "Google Open Buildings"
      },
      "geometry": {
        "type": "Polygon",
        "coordinates": [
          [
            [
              80.2052660831354,
              13.086479949869
            ],
            [
              80.2052928831441,
              13.0867433498681
            ],
            [
              80.2052487831449,
              13.0867476498695
            ],
            [
              80.2052433831431,
              13.0866939498697
            ],
            [
              80.2052003831439,
              13.0866981498711
            ],
            [
              80.205179083137,
              13.0864884498718
            ],
            [
              80.2052660831354,
              13.086479949869
            ]
          ]
        ]
      }
    },
    {
      "type": "Feature",
      "properties": {
        "building_id": "B237",
        "parcel_id": "P000237",
        "demo_ulpin": "DEMO-TN-CHN-000237",
        "height": 12.8,
        "floors": 4,
        "is_primary": false,
        "is_mapped": false,
        "data_status": "REAL FOOTPRINT / SYNTHETIC HEIGHT",
        "source": "Google Open Buildings"
      },
      "geometry": {
        "type": "Polygon",
        "coordinates": [
          [
            [
              80.2051129096636,
              13.0833413048592
            ],
            [
              80.2051174824959,
              13.0834081718033
            ],
            [
              80.2049974123522,
              13.083416062194
            ],
            [
              80.2049928395523,
              13.0833491952497
            ],
            [
              80.2051129096636,
              13.0833413048592
            ]
          ]
        ]
      }
    },
    {
      "type": "Feature",
      "properties": {
        "building_id": "B238",
        "parcel_id": "P000238",
        "demo_ulpin": "DEMO-TN-CHN-000238",
        "height": 9.600000000000001,
        "floors": 3,
        "is_primary": false,
        "is_mapped": false,
        "data_status": "REAL FOOTPRINT / SYNTHETIC HEIGHT",
        "source": "Google Open Buildings"
      },
      "geometry": {
        "type": "Polygon",
        "coordinates": [
          [
            [
              80.205523947756,
              13.086595024733
            ],
            [
              80.205517792238,
              13.0865956262779
            ],
            [
              80.2055249889799,
              13.0866663902585
            ],
            [
              80.2053138134121,
              13.0866870271895
            ],
            [
              80.2053066167304,
              13.0866162632076
            ],
            [
              80.2052802217905,
              13.086618842616
            ],
            [
              80.2052737716578,
              13.0865554192535
            ],
            [
              80.2053001665906,
              13.0865528398453
            ],
            [
              80.2052924928287,
              13.0864773847401
            ],
            [
              80.2055098237334,
              13.0864561462712
            ],
            [
              80.205523947756,
              13.086595024733
            ]
          ]
        ]
      }
    },
    {
      "type": "Feature",
      "properties": {
        "building_id": "B239",
        "parcel_id": "P000239",
        "demo_ulpin": "DEMO-TN-CHN-000239",
        "height": 12.8,
        "floors": 4,
        "is_primary": false,
        "is_mapped": false,
        "data_status": "REAL FOOTPRINT / SYNTHETIC HEIGHT",
        "source": "Google Open Buildings"
      },
      "geometry": {
        "type": "Polygon",
        "coordinates": [
          [
            [
              80.2035273743487,
              13.085578135774
            ],
            [
              80.2033912298617,
              13.0855849800173
            ],
            [
              80.2033838246361,
              13.0854434336518
            ],
            [
              80.2035199690471,
              13.0854365894077
            ],
            [
              80.2035273743487,
              13.085578135774
            ]
          ]
        ]
      }
    },
    {
      "type": "Feature",
      "properties": {
        "building_id": "B240",
        "parcel_id": "P000240",
        "demo_ulpin": "DEMO-TN-CHN-000240",
        "height": 16.0,
        "floors": 5,
        "is_primary": false,
        "is_mapped": false,
        "data_status": "REAL FOOTPRINT / SYNTHETIC HEIGHT",
        "source": "Google Open Buildings"
      },
      "geometry": {
        "type": "Polygon",
        "coordinates": [
          [
            [
              80.2033880777941,
              13.0849631182193
            ],
            [
              80.2033910730331,
              13.0850370349331
            ],
            [
              80.2033541054428,
              13.0850384743765
            ],
            [
              80.2033511102149,
              13.0849645576628
            ],
            [
              80.2033880777941,
              13.0849631182193
            ]
          ]
        ]
      }
    },
    {
      "type": "Feature",
      "properties": {
        "building_id": "B241",
        "parcel_id": "P000241",
        "demo_ulpin": "DEMO-TN-CHN-000241",
        "height": 16.0,
        "floors": 5,
        "is_primary": false,
        "is_mapped": false,
        "data_status": "REAL FOOTPRINT / SYNTHETIC HEIGHT",
        "source": "Google Open Buildings"
      },
      "geometry": {
        "type": "Polygon",
        "coordinates": [
          [
            [
              80.2036823638425,
              13.0858897565547
            ],
            [
              80.2036878103776,
              13.0859947039248
            ],
            [
              80.2036517813522,
              13.0859965006543
            ],
            [
              80.2036463348323,
              13.0858915532842
            ],
            [
              80.2036823638425,
              13.0858897565547
            ]
          ]
        ]
      }
    },
    {
      "type": "Feature",
      "properties": {
        "building_id": "B242",
        "parcel_id": "P000242",
        "demo_ulpin": "DEMO-TN-CHN-000242",
        "height": 16.0,
        "floors": 5,
        "is_primary": false,
        "is_mapped": false,
        "data_status": "REAL FOOTPRINT / SYNTHETIC HEIGHT",
        "source": "Google Open Buildings"
      },
      "geometry": {
        "type": "Polygon",
        "coordinates": [
          [
            [
              80.2057150240577,
              13.0834624706896
            ],
            [
              80.2057146870335,
              13.0834832317014
            ],
            [
              80.2058323530001,
              13.0834850671753
            ],
            [
              80.2058307885261,
              13.0835814429382
            ],
            [
              80.2057308779709,
              13.0835798844334
            ],
            [
              80.2057305654331,
              13.0835991370841
            ],
            [
              80.2056574219167,
              13.0835979960928
            ],
            [
              80.2056577344603,
              13.0835787434433
            ],
            [
              80.2056250614081,
              13.0835782337588
            ],
            [
              80.2056269629938,
              13.0834610969886
            ],
            [
              80.2057150240577,
              13.0834624706896
            ]
          ]
        ]
      }
    },
    {
      "type": "Feature",
      "properties": {
        "building_id": "B243",
        "parcel_id": "P000243",
        "demo_ulpin": "DEMO-TN-CHN-000243",
        "height": 9.600000000000001,
        "floors": 3,
        "is_primary": false,
        "is_mapped": false,
        "data_status": "REAL FOOTPRINT / SYNTHETIC HEIGHT",
        "source": "Google Open Buildings"
      },
      "geometry": {
        "type": "Polygon",
        "coordinates": [
          [
            [
              80.2038368110348,
              13.0860060998415
            ],
            [
              80.2038469272966,
              13.0861843486075
            ],
            [
              80.2037336532787,
              13.0861905259752
            ],
            [
              80.2037235371,
              13.0860122772091
            ],
            [
              80.2038368110348,
              13.0860060998415
            ]
          ]
        ]
      }
    },
    {
      "type": "Feature",
      "properties": {
        "building_id": "B244",
        "parcel_id": "P000244",
        "demo_ulpin": "DEMO-TN-CHN-000244",
        "height": 9.600000000000001,
        "floors": 3,
        "is_primary": false,
        "is_mapped": false,
        "data_status": "REAL FOOTPRINT / SYNTHETIC HEIGHT",
        "source": "Google Open Buildings"
      },
      "geometry": {
        "type": "Polygon",
        "coordinates": [
          [
            [
              80.2059405511534,
              13.0836354302939
            ],
            [
              80.20594284757,
              13.0836047028355
            ],
            [
              80.205985536776,
              13.0836077685518
            ],
            [
              80.2059775152747,
              13.0837151013543
            ],
            [
              80.2059060232103,
              13.083709967161
            ],
            [
              80.2059074185993,
              13.0836912960461
            ],
            [
              80.205936221437,
              13.0836933645203
            ],
            [
              80.2059374650795,
              13.0836767238355
            ],
            [
              80.2059086622436,
              13.0836746553616
            ],
            [
              80.2059117483221,
              13.0836333618204
            ],
            [
              80.2059405511534,
              13.0836354302939
            ]
          ]
        ]
      }
    },
    {
      "type": "Feature",
      "properties": {
        "building_id": "B245",
        "parcel_id": "P000245",
        "demo_ulpin": "DEMO-TN-CHN-000245",
        "height": 12.8,
        "floors": 4,
        "is_primary": false,
        "is_mapped": false,
        "data_status": "REAL FOOTPRINT / SYNTHETIC HEIGHT",
        "source": "Google Open Buildings"
      },
      "geometry": {
        "type": "Polygon",
        "coordinates": [
          [
            [
              80.2043727686724,
              13.086547869951
            ],
            [
              80.20429010027,
              13.0865516179298
            ],
            [
              80.2042851607352,
              13.0864469267626
            ],
            [
              80.2043678291027,
              13.0864431787834
            ],
            [
              80.2043727686724,
              13.086547869951
            ]
          ]
        ]
      }
    },
    {
      "type": "Feature",
      "properties": {
        "building_id": "B246",
        "parcel_id": "P000246",
        "demo_ulpin": "DEMO-TN-CHN-000246",
        "height": 6.4,
        "floors": 2,
        "is_primary": false,
        "is_mapped": false,
        "data_status": "REAL FOOTPRINT / SYNTHETIC HEIGHT",
        "source": "Google Open Buildings"
      },
      "geometry": {
        "type": "Polygon",
        "coordinates": [
          [
            [
              80.2056967831272,
              13.0864527498525
            ],
            [
              80.2056938831319,
              13.0865890498526
            ],
            [
              80.2055483831339,
              13.0865860498573
            ],
            [
              80.2055495831319,
              13.0865263498573
            ],
            [
              80.2055627831317,
              13.0865266498569
            ],
            [
              80.205564383129,
              13.0864500498568
            ],
            [
              80.2056967831272,
              13.0864527498525
            ]
          ]
        ]
      }
    },
    {
      "type": "Feature",
      "properties": {
        "building_id": "B247",
        "parcel_id": "P000247",
        "demo_ulpin": "DEMO-TN-CHN-000247",
        "height": 6.4,
        "floors": 2,
        "is_primary": false,
        "is_mapped": false,
        "data_status": "REAL FOOTPRINT / SYNTHETIC HEIGHT",
        "source": "Google Open Buildings"
      },
      "geometry": {
        "type": "Polygon",
        "coordinates": [
          [
            [
              80.2044651827405,
              13.0864851237593
            ],
            [
              80.2044666264832,
              13.0865109358099
            ],
            [
              80.2045219128428,
              13.0865079643752
            ],
            [
              80.2045286908855,
              13.0866291455792
            ],
            [
              80.2044410295686,
              13.0866338570383
            ],
            [
              80.204434251569,
              13.0865126758347
            ],
            [
              80.2043976323113,
              13.0865146439714
            ],
            [
              80.2043961885761,
              13.0864888319206
            ],
            [
              80.2044651827405,
              13.0864851237593
            ]
          ]
        ]
      }
    },
    {
      "type": "Feature",
      "properties": {
        "building_id": "B248",
        "parcel_id": "P000248",
        "demo_ulpin": "DEMO-TN-CHN-000248",
        "height": 6.4,
        "floors": 2,
        "is_primary": false,
        "is_mapped": false,
        "data_status": "REAL FOOTPRINT / SYNTHETIC HEIGHT",
        "source": "Google Open Buildings"
      },
      "geometry": {
        "type": "Polygon",
        "coordinates": [
          [
            [
              80.2066517637317,
              13.0853379370034
            ],
            [
              80.2066603476026,
              13.0855173565892
            ],
            [
              80.206527581764,
              13.0855234601178
            ],
            [
              80.2065189979895,
              13.0853440405329
            ],
            [
              80.2066517637317,
              13.0853379370034
            ]
          ]
        ]
      }
    },
    {
      "type": "Feature",
      "properties": {
        "building_id": "B249",
        "parcel_id": "P000249",
        "demo_ulpin": "DEMO-TN-CHN-000249",
        "height": 16.0,
        "floors": 5,
        "is_primary": false,
        "is_mapped": false,
        "data_status": "REAL FOOTPRINT / SYNTHETIC HEIGHT",
        "source": "Google Open Buildings"
      },
      "geometry": {
        "type": "Polygon",
        "coordinates": [
          [
            [
              80.2063929054338,
              13.0858684883087
            ],
            [
              80.2063984590085,
              13.0859834509422
            ],
            [
              80.2063367493505,
              13.0859863154499
            ],
            [
              80.2063311958045,
              13.0858713528166
            ],
            [
              80.2063929054338,
              13.0858684883087
            ]
          ]
        ]
      }
    },
    {
      "type": "Feature",
      "properties": {
        "building_id": "B250",
        "parcel_id": "P000250",
        "demo_ulpin": "DEMO-TN-CHN-000250",
        "height": 6.4,
        "floors": 2,
        "is_primary": false,
        "is_mapped": false,
        "data_status": "REAL FOOTPRINT / SYNTHETIC HEIGHT",
        "source": "Google Open Buildings"
      },
      "geometry": {
        "type": "Polygon",
        "coordinates": [
          [
            [
              80.2035357367382,
              13.0856866249838
            ],
            [
              80.2035434889071,
              13.0857847240942
            ],
            [
              80.2034932973439,
              13.0857885353767
            ],
            [
              80.2034855451948,
              13.0856904362658
            ],
            [
              80.2035357367382,
              13.0856866249838
            ]
          ]
        ]
      }
    },
    {
      "type": "Feature",
      "properties": {
        "building_id": "B251",
        "parcel_id": "P000251",
        "demo_ulpin": "DEMO-TN-CHN-000251",
        "height": 12.8,
        "floors": 4,
        "is_primary": false,
        "is_mapped": false,
        "data_status": "REAL FOOTPRINT / SYNTHETIC HEIGHT",
        "source": "Google Open Buildings"
      },
      "geometry": {
        "type": "Polygon",
        "coordinates": [
          [
            [
              80.2036959563082,
              13.0840820789674
            ],
            [
              80.2035793848636,
              13.0840883271214
            ],
            [
              80.2035753152294,
              13.0840153668435
            ],
            [
              80.2036918866401,
              13.0840091186894
            ],
            [
              80.2036959563082,
              13.0840820789674
            ]
          ]
        ]
      }
    },
    {
      "type": "Feature",
      "properties": {
        "building_id": "B252",
        "parcel_id": "P000252",
        "demo_ulpin": "DEMO-TN-CHN-000252",
        "height": 9.600000000000001,
        "floors": 3,
        "is_primary": false,
        "is_mapped": false,
        "data_status": "REAL FOOTPRINT / SYNTHETIC HEIGHT",
        "source": "Google Open Buildings"
      },
      "geometry": {
        "type": "Polygon",
        "coordinates": [
          [
            [
              80.206341613966,
              13.0860870166434
            ],
            [
              80.2062757409834,
              13.086090074391
            ],
            [
              80.2062708763959,
              13.0859893732005
            ],
            [
              80.2063367493517,
              13.0859863154528
            ],
            [
              80.206341613966,
              13.0860870166434
            ]
          ]
        ]
      }
    },
    {
      "type": "Feature",
      "properties": {
        "building_id": "B253",
        "parcel_id": "P000253",
        "demo_ulpin": "DEMO-TN-CHN-000253",
        "height": 12.8,
        "floors": 4,
        "is_primary": false,
        "is_mapped": false,
        "data_status": "REAL FOOTPRINT / SYNTHETIC HEIGHT",
        "source": "Google Open Buildings"
      },
      "geometry": {
        "type": "Polygon",
        "coordinates": [
          [
            [
              80.2035498934355,
              13.0843564602488
            ],
            [
              80.2034266622493,
              13.0843632548748
            ],
            [
              80.2034179373084,
              13.0842111975433
            ],
            [
              80.2035411684188,
              13.0842044029167
            ],
            [
              80.2035498934355,
              13.0843564602488
            ]
          ]
        ]
      }
    },
    {
      "type": "Feature",
      "properties": {
        "building_id": "B254",
        "parcel_id": "P000254",
        "demo_ulpin": "DEMO-TN-CHN-000254",
        "height": 12.8,
        "floors": 4,
        "is_primary": false,
        "is_mapped": false,
        "data_status": "REAL FOOTPRINT / SYNTHETIC HEIGHT",
        "source": "Google Open Buildings"
      },
      "geometry": {
        "type": "Polygon",
        "coordinates": [
          [
            [
              80.2067640043774,
              13.0848974572044
            ],
            [
              80.2065810053157,
              13.0849036506226
            ],
            [
              80.2065772691414,
              13.0847975700103
            ],
            [
              80.2067602681246,
              13.0847913765904
            ],
            [
              80.2067640043774,
              13.0848974572044
            ]
          ]
        ]
      }
    },
    {
      "type": "Feature",
      "properties": {
        "building_id": "B255",
        "parcel_id": "P000255",
        "demo_ulpin": "DEMO-TN-CHN-000255",
        "height": 12.8,
        "floors": 4,
        "is_primary": false,
        "is_mapped": false,
        "data_status": "REAL FOOTPRINT / SYNTHETIC HEIGHT",
        "source": "Google Open Buildings"
      },
      "geometry": {
        "type": "Polygon",
        "coordinates": [
          [
            [
              80.2062914560074,
              13.0838412924961
            ],
            [
              80.2062948984216,
              13.0839085717833
            ],
            [
              80.2062043781203,
              13.083913022353
            ],
            [
              80.2062009357304,
              13.083845743066
            ],
            [
              80.2062914560074,
              13.0838412924961
            ]
          ]
        ]
      }
    },
    {
      "type": "Feature",
      "properties": {
        "building_id": "B256",
        "parcel_id": "P000256",
        "demo_ulpin": "DEMO-TN-CHN-000256",
        "height": 12.8,
        "floors": 4,
        "is_primary": false,
        "is_mapped": false,
        "data_status": "REAL FOOTPRINT / SYNTHETIC HEIGHT",
        "source": "Google Open Buildings"
      },
      "geometry": {
        "type": "Polygon",
        "coordinates": [
          [
            [
              80.2065157850223,
              13.0840666267499
            ],
            [
              80.2065241220338,
              13.0842424416747
            ],
            [
              80.2063926320756,
              13.0842484331409
            ],
            [
              80.2063842951583,
              13.0840726182173
            ],
            [
              80.2065157850223,
              13.0840666267499
            ]
          ]
        ]
      }
    },
    {
      "type": "Feature",
      "properties": {
        "building_id": "B257",
        "parcel_id": "P000257",
        "demo_ulpin": "DEMO-TN-CHN-000257",
        "height": 9.600000000000001,
        "floors": 3,
        "is_primary": false,
        "is_mapped": false,
        "data_status": "REAL FOOTPRINT / SYNTHETIC HEIGHT",
        "source": "Google Open Buildings"
      },
      "geometry": {
        "type": "Polygon",
        "coordinates": [
          [
            [
              80.2036465705181,
              13.0858891974572
            ],
            [
              80.2036522640931,
              13.0859981913254
            ],
            [
              80.2035719166495,
              13.0860022243948
            ],
            [
              80.20356622311,
              13.085893230527
            ],
            [
              80.2036465705181,
              13.0858891974572
            ]
          ]
        ]
      }
    },
    {
      "type": "Feature",
      "properties": {
        "building_id": "B258",
        "parcel_id": "P000258",
        "demo_ulpin": "DEMO-TN-CHN-000258",
        "height": 12.8,
        "floors": 4,
        "is_primary": false,
        "is_mapped": false,
        "data_status": "REAL FOOTPRINT / SYNTHETIC HEIGHT",
        "source": "Google Open Buildings"
      },
      "geometry": {
        "type": "Polygon",
        "coordinates": [
          [
            [
              80.2061054413255,
              13.0862258044046
            ],
            [
              80.206113054064,
              13.0863744047125
            ],
            [
              80.2060240960603,
              13.0863787838179
            ],
            [
              80.2060164833754,
              13.0862301835104
            ],
            [
              80.2061054413255,
              13.0862258044046
            ]
          ]
        ]
      }
    },
    {
      "type": "Feature",
      "properties": {
        "building_id": "B259",
        "parcel_id": "P000259",
        "demo_ulpin": "DEMO-TN-CHN-000259",
        "height": 9.600000000000001,
        "floors": 3,
        "is_primary": false,
        "is_mapped": false,
        "data_status": "REAL FOOTPRINT / SYNTHETIC HEIGHT",
        "source": "Google Open Buildings"
      },
      "geometry": {
        "type": "Polygon",
        "coordinates": [
          [
            [
              80.2064142356366,
              13.0839027043384
            ],
            [
              80.2064180126051,
              13.0839765215149
            ],
            [
              80.2062081550274,
              13.0839868395299
            ],
            [
              80.2062043781211,
              13.0839130223547
            ],
            [
              80.2064142356366,
              13.0839027043384
            ]
          ]
        ]
      }
    },
    {
      "type": "Feature",
      "properties": {
        "building_id": "B260",
        "parcel_id": "P000260",
        "demo_ulpin": "DEMO-TN-CHN-000260",
        "height": 9.600000000000001,
        "floors": 3,
        "is_primary": false,
        "is_mapped": false,
        "data_status": "REAL FOOTPRINT / SYNTHETIC HEIGHT",
        "source": "Google Open Buildings"
      },
      "geometry": {
        "type": "Polygon",
        "coordinates": [
          [
            [
              80.2037396678444,
              13.0838832996156
            ],
            [
              80.2037426114414,
              13.083941399849
            ],
            [
              80.203687992943,
              13.0839440589118
            ],
            [
              80.203685049359,
              13.0838859586786
            ],
            [
              80.2037396678444,
              13.0838832996156
            ]
          ]
        ]
      }
    },
    {
      "type": "Feature",
      "properties": {
        "building_id": "B261",
        "parcel_id": "P000261",
        "demo_ulpin": "DEMO-TN-CHN-000261",
        "height": 12.8,
        "floors": 4,
        "is_primary": false,
        "is_mapped": false,
        "data_status": "REAL FOOTPRINT / SYNTHETIC HEIGHT",
        "source": "Google Open Buildings"
      },
      "geometry": {
        "type": "Polygon",
        "coordinates": [
          [
            [
              80.2066311908825,
              13.0855354644137
            ],
            [
              80.2066359087045,
              13.0856328220804
            ],
            [
              80.2065301052841,
              13.0856377487361
            ],
            [
              80.2065253875041,
              13.0855403910725
            ],
            [
              80.2066311908825,
              13.0855354644137
            ]
          ]
        ]
      }
    },
    {
      "type": "Feature",
      "properties": {
        "building_id": "B262",
        "parcel_id": "P000262",
        "demo_ulpin": "DEMO-TN-CHN-000262",
        "height": 12.8,
        "floors": 4,
        "is_primary": false,
        "is_mapped": false,
        "data_status": "REAL FOOTPRINT / SYNTHETIC HEIGHT",
        "source": "Google Open Buildings"
      },
      "geometry": {
        "type": "Polygon",
        "coordinates": [
          [
            [
              80.2033494422753,
              13.0849233959818
            ],
            [
              80.2033541054426,
              13.085038474376
            ],
            [
              80.2032772374668,
              13.0850414674427
            ],
            [
              80.2032725743352,
              13.0849263890491
            ],
            [
              80.2033494422753,
              13.0849233959818
            ]
          ]
        ]
      }
    },
    {
      "type": "Feature",
      "properties": {
        "building_id": "B263",
        "parcel_id": "P000263",
        "demo_ulpin": "DEMO-TN-CHN-000263",
        "height": 12.8,
        "floors": 4,
        "is_primary": false,
        "is_mapped": false,
        "data_status": "REAL FOOTPRINT / SYNTHETIC HEIGHT",
        "source": "Google Open Buildings"
      },
      "geometry": {
        "type": "Polygon",
        "coordinates": [
          [
            [
              80.2036879929438,
              13.0839440589135
            ],
            [
              80.203691332774,
              13.0840099802092
            ],
            [
              80.203619104219,
              13.0840134965862
            ],
            [
              80.2036157644078,
              13.0839475752907
            ],
            [
              80.2036879929438,
              13.0839440589135
            ]
          ]
        ]
      }
    },
    {
      "type": "Feature",
      "properties": {
        "building_id": "B264",
        "parcel_id": "P000264",
        "demo_ulpin": "DEMO-TN-CHN-000264",
        "height": 12.8,
        "floors": 4,
        "is_primary": false,
        "is_mapped": false,
        "data_status": "REAL FOOTPRINT / SYNTHETIC HEIGHT",
        "source": "Google Open Buildings"
      },
      "geometry": {
        "type": "Polygon",
        "coordinates": [
          [
            [
              80.2061024062932,
              13.0836885690166
            ],
            [
              80.206048883854,
              13.0836847253376
            ],
            [
              80.2060462448402,
              13.0837200371402
            ],
            [
              80.2059775152747,
              13.0837151013541
            ],
            [
              80.205985536776,
              13.0836077685517
            ],
            [
              80.2061077887359,
              13.0836165480109
            ],
            [
              80.2061024062932,
              13.0836885690166
            ]
          ]
        ]
      }
    },
    {
      "type": "Feature",
      "properties": {
        "building_id": "B265",
        "parcel_id": "P000265",
        "demo_ulpin": "DEMO-TN-CHN-000265",
        "height": 16.0,
        "floors": 5,
        "is_primary": false,
        "is_mapped": false,
        "data_status": "REAL FOOTPRINT / SYNTHETIC HEIGHT",
        "source": "Google Open Buildings"
      },
      "geometry": {
        "type": "Polygon",
        "coordinates": [
          [
            [
              80.2042952357458,
              13.0865544164829
            ],
            [
              80.2041486660893,
              13.086562293894
            ],
            [
              80.2041431705281,
              13.0864640388341
            ],
            [
              80.2042897401265,
              13.0864561614229
            ],
            [
              80.2042952357458,
              13.0865544164829
            ]
          ]
        ]
      }
    },
    {
      "type": "Feature",
      "properties": {
        "building_id": "B266",
        "parcel_id": "P000266",
        "demo_ulpin": "DEMO-TN-CHN-000266",
        "height": 6.4,
        "floors": 2,
        "is_primary": false,
        "is_mapped": false,
        "data_status": "REAL FOOTPRINT / SYNTHETIC HEIGHT",
        "source": "Google Open Buildings"
      },
      "geometry": {
        "type": "Polygon",
        "coordinates": [
          [
            [
              80.2038469272978,
              13.0861843486101
            ],
            [
              80.2038488312414,
              13.0862178961277
            ],
            [
              80.2037355572079,
              13.086224073495
            ],
            [
              80.2037336532798,
              13.0861905259778
            ],
            [
              80.2038469272978,
              13.0861843486101
            ]
          ]
        ]
      }
    },
    {
      "type": "Feature",
      "properties": {
        "building_id": "B267",
        "parcel_id": "P000267",
        "demo_ulpin": "DEMO-TN-CHN-000267",
        "height": 16.0,
        "floors": 5,
        "is_primary": false,
        "is_mapped": false,
        "data_status": "REAL FOOTPRINT / SYNTHETIC HEIGHT",
        "source": "Google Open Buildings"
      },
      "geometry": {
        "type": "Polygon",
        "coordinates": [
          [
            [
              80.2048888033266,
              13.0868009762528
            ],
            [
              80.2047833044008,
              13.0868073743655
            ],
            [
              80.204770232786,
              13.0866002619522
            ],
            [
              80.2048757316232,
              13.0865938638399
            ],
            [
              80.2048888033266,
              13.0868009762528
            ]
          ]
        ]
      }
    },
    {
      "type": "Feature",
      "properties": {
        "building_id": "B268",
        "parcel_id": "P000268",
        "demo_ulpin": "DEMO-TN-CHN-000268",
        "height": 12.8,
        "floors": 4,
        "is_primary": false,
        "is_mapped": false,
        "data_status": "REAL FOOTPRINT / SYNTHETIC HEIGHT",
        "source": "Google Open Buildings"
      },
      "geometry": {
        "type": "Polygon",
        "coordinates": [
          [
            [
              80.2052318565065,
              13.0832617701076
            ],
            [
              80.2052304599377,
              13.0833427022367
            ],
            [
              80.2051887312633,
              13.0833420102942
            ],
            [
              80.205190127846,
              13.0832610781662
            ],
            [
              80.2052318565065,
              13.0832617701076
            ]
          ]
        ]
      }
    },
    {
      "type": "Feature",
      "properties": {
        "building_id": "B269",
        "parcel_id": "P000269",
        "demo_ulpin": "DEMO-TN-CHN-000269",
        "height": 6.4,
        "floors": 2,
        "is_primary": false,
        "is_mapped": false,
        "data_status": "REAL FOOTPRINT / SYNTHETIC HEIGHT",
        "source": "Google Open Buildings"
      },
      "geometry": {
        "type": "Polygon",
        "coordinates": [
          [
            [
              80.2066521830137,
              13.084263949766
            ],
            [
              80.2066558830158,
              13.0843270497659
            ],
            [
              80.2066978830152,
              13.0843247497645
            ],
            [
              80.2067016830174,
              13.0843914497644
            ],
            [
              80.2066596830181,
              13.0843937497658
            ],
            [
              80.2066623830197,
              13.0844405497657
            ],
            [
              80.2065118830221,
              13.0844488497706
            ],
            [
              80.2065076830196,
              13.0843756497707
            ],
            [
              80.20648798302,
              13.0843767497714
            ],
            [
              80.2064819830165,
              13.0842734497716
            ],
            [
              80.2066521830137,
              13.084263949766
            ]
          ]
        ]
      }
    },
    {
      "type": "Feature",
      "properties": {
        "building_id": "B270",
        "parcel_id": "P000270",
        "demo_ulpin": "DEMO-TN-CHN-000270",
        "height": 16.0,
        "floors": 5,
        "is_primary": false,
        "is_mapped": false,
        "data_status": "REAL FOOTPRINT / SYNTHETIC HEIGHT",
        "source": "Google Open Buildings"
      },
      "geometry": {
        "type": "Polygon",
        "coordinates": [
          [
            [
              80.2050973185252,
              13.0866386622979
            ],
            [
              80.2051005068396,
              13.0866891783095
            ],
            [
              80.2051634554659,
              13.0866853606364
            ],
            [
              80.2051683377172,
              13.0867627152413
            ],
            [
              80.2050661689373,
              13.0867689115068
            ],
            [
              80.2050580984115,
              13.0866410408901
            ],
            [
              80.2050973185252,
              13.0866386622979
            ]
          ]
        ]
      }
    },
    {
      "type": "Feature",
      "properties": {
        "building_id": "B271",
        "parcel_id": "P000271",
        "demo_ulpin": "DEMO-TN-CHN-000271",
        "height": 9.600000000000001,
        "floors": 3,
        "is_primary": false,
        "is_mapped": false,
        "data_status": "REAL FOOTPRINT / SYNTHETIC HEIGHT",
        "source": "Google Open Buildings"
      },
      "geometry": {
        "type": "Polygon",
        "coordinates": [
          [
            [
              80.206289639046,
              13.083841381828
            ],
            [
              80.2062009357295,
              13.083845743064
            ],
            [
              80.2062043781194,
              13.083913022351
            ],
            [
              80.2061822315961,
              13.0839141112139
            ],
            [
              80.2061728051512,
              13.0837298770556
            ],
            [
              80.2062836549321,
              13.0837244269564
            ],
            [
              80.206289639046,
              13.083841381828
            ]
          ]
        ]
      }
    },
    {
      "type": "Feature",
      "properties": {
        "building_id": "B272",
        "parcel_id": "P000272",
        "demo_ulpin": "DEMO-TN-CHN-000272",
        "height": 12.8,
        "floors": 4,
        "is_primary": false,
        "is_mapped": false,
        "data_status": "REAL FOOTPRINT / SYNTHETIC HEIGHT",
        "source": "Google Open Buildings"
      },
      "geometry": {
        "type": "Polygon",
        "coordinates": [
          [
            [
              80.2063984590097,
              13.0859834509451
            ],
            [
              80.2064038891626,
              13.0860958586254
            ],
            [
              80.2063421794763,
              13.0860987231324
            ],
            [
              80.2063367493517,
              13.0859863154528
            ],
            [
              80.2063984590097,
              13.0859834509451
            ]
          ]
        ]
      }
    },
    {
      "type": "Feature",
      "properties": {
        "building_id": "B273",
        "parcel_id": "P000273",
        "demo_ulpin": "DEMO-TN-CHN-000273",
        "height": 9.600000000000001,
        "floors": 3,
        "is_primary": false,
        "is_mapped": false,
        "data_status": "REAL FOOTPRINT / SYNTHETIC HEIGHT",
        "source": "Google Open Buildings"
      },
      "geometry": {
        "type": "Polygon",
        "coordinates": [
          [
            [
              80.2049965531284,
              13.0866484438718
            ],
            [
              80.2050147308829,
              13.0867619716272
            ],
            [
              80.2050510008887,
              13.0867563912266
            ],
            [
              80.2050541931602,
              13.0867763282846
            ],
            [
              80.2049462564061,
              13.0867929351121
            ],
            [
              80.204924886422,
              13.0866594702949
            ],
            [
              80.2049965531284,
              13.0866484438718
            ]
          ]
        ]
      }
    },
    {
      "type": "Feature",
      "properties": {
        "building_id": "B274",
        "parcel_id": "P000274",
        "demo_ulpin": "DEMO-TN-CHN-000274",
        "height": 9.600000000000001,
        "floors": 3,
        "is_primary": false,
        "is_mapped": false,
        "data_status": "REAL FOOTPRINT / SYNTHETIC HEIGHT",
        "source": "Google Open Buildings"
      },
      "geometry": {
        "type": "Polygon",
        "coordinates": [
          [
            [
              80.2066405152489,
              13.0857278833555
            ],
            [
              80.2065347117877,
              13.0857328100137
            ],
            [
              80.2065301052852,
              13.0856377487385
            ],
            [
              80.2066359087056,
              13.0856328220828
            ],
            [
              80.2066405152489,
              13.0857278833555
            ]
          ]
        ]
      }
    },
    {
      "type": "Feature",
      "properties": {
        "building_id": "B275",
        "parcel_id": "P000275",
        "demo_ulpin": "DEMO-TN-CHN-000275",
        "height": 12.8,
        "floors": 4,
        "is_primary": false,
        "is_mapped": false,
        "data_status": "REAL FOOTPRINT / SYNTHETIC HEIGHT",
        "source": "Google Open Buildings"
      },
      "geometry": {
        "type": "Polygon",
        "coordinates": [
          [
            [
              80.2047744866182,
              13.0866321310007
            ],
            [
              80.2047731172306,
              13.0867851630219
            ],
            [
              80.2047206664756,
              13.086784712017
            ],
            [
              80.2047220358972,
              13.0866316799979
            ],
            [
              80.2047744866182,
              13.0866321310007
            ]
          ]
        ]
      }
    },
    {
      "type": "Feature",
      "properties": {
        "building_id": "B276",
        "parcel_id": "P000276",
        "demo_ulpin": "DEMO-TN-CHN-000276",
        "height": 9.600000000000001,
        "floors": 3,
        "is_primary": false,
        "is_mapped": false,
        "data_status": "REAL FOOTPRINT / SYNTHETIC HEIGHT",
        "source": "Google Open Buildings"
      },
      "geometry": {
        "type": "Polygon",
        "coordinates": [
          [
            [
              80.203685049359,
              13.0838859586787
            ],
            [
              80.2036879929431,
              13.083944058912
            ],
            [
              80.2036157644071,
              13.0839475752891
            ],
            [
              80.2036128208399,
              13.0838894750562
            ],
            [
              80.203685049359,
              13.0838859586787
            ]
          ]
        ]
      }
    },
    {
      "type": "Feature",
      "properties": {
        "building_id": "B277",
        "parcel_id": "P000277",
        "demo_ulpin": "DEMO-TN-CHN-000277",
        "height": 6.4,
        "floors": 2,
        "is_primary": false,
        "is_mapped": false,
        "data_status": "REAL FOOTPRINT / SYNTHETIC HEIGHT",
        "source": "Google Open Buildings"
      },
      "geometry": {
        "type": "Polygon",
        "coordinates": [
          [
            [
              80.2065288061203,
              13.085977400296
            ],
            [
              80.2063984590084,
              13.0859834509421
            ],
            [
              80.2063933643059,
              13.0858779872634
            ],
            [
              80.2065237113622,
              13.0858719366152
            ],
            [
              80.2065288061203,
              13.085977400296
            ]
          ]
        ]
      }
    },
    {
      "type": "Feature",
      "properties": {
        "building_id": "B278",
        "parcel_id": "P000278",
        "demo_ulpin": "DEMO-TN-CHN-000278",
        "height": 6.4,
        "floors": 2,
        "is_primary": false,
        "is_mapped": false,
        "data_status": "REAL FOOTPRINT / SYNTHETIC HEIGHT",
        "source": "Google Open Buildings"
      },
      "geometry": {
        "type": "Polygon",
        "coordinates": [
          [
            [
              80.2037240885568,
              13.0860163031047
            ],
            [
              80.2037132080363,
              13.0862181705161
            ],
            [
              80.2036330896678,
              13.0862140209893
            ],
            [
              80.203637204835,
              13.0861376723962
            ],
            [
              80.2035966800612,
              13.0861355735099
            ],
            [
              80.2036034455001,
              13.0860100547014
            ],
            [
              80.2037240885568,
              13.0860163031047
            ]
          ]
        ]
      }
    },
    {
      "type": "Feature",
      "properties": {
        "building_id": "B279",
        "parcel_id": "P000279",
        "demo_ulpin": "DEMO-TN-CHN-000279",
        "height": 16.0,
        "floors": 5,
        "is_primary": false,
        "is_mapped": false,
        "data_status": "REAL FOOTPRINT / SYNTHETIC HEIGHT",
        "source": "Google Open Buildings"
      },
      "geometry": {
        "type": "Polygon",
        "coordinates": [
          [
            [
              80.2052425944007,
              13.0867026342548
            ],
            [
              80.2052408668561,
              13.0867466779509
            ],
            [
              80.20518261358,
              13.0867444823841
            ],
            [
              80.205184341135,
              13.0867004386891
            ],
            [
              80.2052425944007,
              13.0867026342548
            ]
          ]
        ]
      }
    },
    {
      "type": "Feature",
      "properties": {
        "building_id": "B280",
        "parcel_id": "P000280",
        "demo_ulpin": "DEMO-TN-CHN-000280",
        "height": 6.4,
        "floors": 2,
        "is_primary": false,
        "is_mapped": false,
        "data_status": "REAL FOOTPRINT / SYNTHETIC HEIGHT",
        "source": "Google Open Buildings"
      },
      "geometry": {
        "type": "Polygon",
        "coordinates": [
          [
            [
              80.20673503889,
              13.084627868819
            ],
            [
              80.2067322361687,
              13.0846999564837
            ],
            [
              80.2066728382624,
              13.0846977373768
            ],
            [
              80.2066756410009,
              13.0846256497137
            ],
            [
              80.20673503889,
              13.084627868819
            ]
          ]
        ]
      }
    },
    {
      "type": "Feature",
      "properties": {
        "building_id": "B281",
        "parcel_id": "P000281",
        "demo_ulpin": "DEMO-TN-CHN-000281",
        "height": 12.8,
        "floors": 4,
        "is_primary": false,
        "is_mapped": false,
        "data_status": "REAL FOOTPRINT / SYNTHETIC HEIGHT",
        "source": "Google Open Buildings"
      },
      "geometry": {
        "type": "Polygon",
        "coordinates": [
          [
            [
              80.2035745775272,
              13.0860043463841
            ],
            [
              80.2035166505487,
              13.0860064896753
            ],
            [
              80.2035122724889,
              13.0858927885765
            ],
            [
              80.2035701994408,
              13.0858906452848
            ],
            [
              80.2035745775272,
              13.0860043463841
            ]
          ]
        ]
      }
    },
    {
      "type": "Feature",
      "properties": {
        "building_id": "B282",
        "parcel_id": "P000282",
        "demo_ulpin": "DEMO-TN-CHN-000282",
        "height": 9.600000000000001,
        "floors": 3,
        "is_primary": false,
        "is_mapped": false,
        "data_status": "REAL FOOTPRINT / SYNTHETIC HEIGHT",
        "source": "Google Open Buildings"
      },
      "geometry": {
        "type": "Polygon",
        "coordinates": [
          [
            [
              80.2033368833832,
              13.084890500578
            ],
            [
              80.2032099101464,
              13.0848951078729
            ],
            [
              80.2032035357728,
              13.0847263000412
            ],
            [
              80.2033305089218,
              13.0847216927444
            ],
            [
              80.2033368833832,
              13.084890500578
            ]
          ]
        ]
      }
    },
    {
      "type": "Feature",
      "properties": {
        "building_id": "B283",
        "parcel_id": "P000283",
        "demo_ulpin": "DEMO-TN-CHN-000283",
        "height": 16.0,
        "floors": 5,
        "is_primary": false,
        "is_mapped": false,
        "data_status": "REAL FOOTPRINT / SYNTHETIC HEIGHT",
        "source": "Google Open Buildings"
      },
      "geometry": {
        "type": "Polygon",
        "coordinates": [
          [
            [
              80.2039945833651,
              13.0863785568969
            ],
            [
              80.2040143110608,
              13.0863776512052
            ],
            [
              80.2040179454465,
              13.0864537201129
            ],
            [
              80.2039153250058,
              13.0864584313631
            ],
            [
              80.2039093437367,
              13.086333240306
            ],
            [
              80.2039922364338,
              13.086329434747
            ],
            [
              80.2039945833651,
              13.0863785568969
            ]
          ]
        ]
      }
    },
    {
      "type": "Feature",
      "properties": {
        "building_id": "B284",
        "parcel_id": "P000284",
        "demo_ulpin": "DEMO-TN-CHN-000284",
        "height": 6.4,
        "floors": 2,
        "is_primary": false,
        "is_mapped": false,
        "data_status": "REAL FOOTPRINT / SYNTHETIC HEIGHT",
        "source": "Google Open Buildings"
      },
      "geometry": {
        "type": "Polygon",
        "coordinates": [
          [
            [
              80.2035682480169,
              13.0838916450303
            ],
            [
              80.2035651046653,
              13.0838296012143
            ],
            [
              80.2038024424997,
              13.0838180466067
            ],
            [
              80.2038055859109,
              13.0838800904234
            ],
            [
              80.2035682480169,
              13.0838916450303
            ]
          ]
        ]
      }
    },
    {
      "type": "Feature",
      "properties": {
        "building_id": "B285",
        "parcel_id": "P000285",
        "demo_ulpin": "DEMO-TN-CHN-000285",
        "height": 12.8,
        "floors": 4,
        "is_primary": false,
        "is_mapped": false,
        "data_status": "REAL FOOTPRINT / SYNTHETIC HEIGHT",
        "source": "Google Open Buildings"
      },
      "geometry": {
        "type": "Polygon",
        "coordinates": [
          [
            [
              80.2047162987274,
              13.0866392598491
            ],
            [
              80.2047142834403,
              13.0867885842091
            ],
            [
              80.2046371497389,
              13.0867875838969
            ],
            [
              80.2046391650724,
              13.0866382595406
            ],
            [
              80.2047162987274,
              13.0866392598491
            ]
          ]
        ]
      }
    },
    {
      "type": "Feature",
      "properties": {
        "building_id": "B286",
        "parcel_id": "P000286",
        "demo_ulpin": "DEMO-TN-CHN-000286",
        "height": 16.0,
        "floors": 5,
        "is_primary": false,
        "is_mapped": false,
        "data_status": "REAL FOOTPRINT / SYNTHETIC HEIGHT",
        "source": "Google Open Buildings"
      },
      "geometry": {
        "type": "Polygon",
        "coordinates": [
          [
            [
              80.203802442499,
              13.083818046605
            ],
            [
              80.2036819059769,
              13.0838239148592
            ],
            [
              80.2036786529274,
              13.0837597063935
            ],
            [
              80.2037991894179,
              13.0837538381393
            ],
            [
              80.203802442499,
              13.083818046605
            ]
          ]
        ]
      }
    },
    {
      "type": "Feature",
      "properties": {
        "building_id": "B287",
        "parcel_id": "P000287",
        "demo_ulpin": "DEMO-TN-CHN-000287",
        "height": 12.8,
        "floors": 4,
        "is_primary": false,
        "is_mapped": false,
        "data_status": "REAL FOOTPRINT / SYNTHETIC HEIGHT",
        "source": "Google Open Buildings"
      },
      "geometry": {
        "type": "Polygon",
        "coordinates": [
          [
            [
              80.2051559829867,
              13.0831892497885
            ],
            [
              80.2051611829907,
              13.0833082497883
            ],
            [
              80.2049727829937,
              13.0833161497945
            ],
            [
              80.2049675829896,
              13.0831971497946
            ],
            [
              80.2051559829867,
              13.0831892497885
            ]
          ]
        ]
      }
    },
    {
      "type": "Feature",
      "properties": {
        "building_id": "B288",
        "parcel_id": "P000288",
        "demo_ulpin": "DEMO-TN-CHN-000288",
        "height": 12.8,
        "floors": 4,
        "is_primary": false,
        "is_mapped": false,
        "data_status": "REAL FOOTPRINT / SYNTHETIC HEIGHT",
        "source": "Google Open Buildings"
      },
      "geometry": {
        "type": "Polygon",
        "coordinates": [
          [
            [
              80.2053865450955,
              13.0832492072284
            ],
            [
              80.2053847426307,
              13.0833209880909
            ],
            [
              80.2053473967877,
              13.0833200869484
            ],
            [
              80.2053479275564,
              13.0832989498838
            ],
            [
              80.205257628531,
              13.0832967709772
            ],
            [
              80.2052589002559,
              13.0832461271819
            ],
            [
              80.2053865450955,
              13.0832492072284
            ]
          ]
        ]
      }
    },
    {
      "type": "Feature",
      "properties": {
        "building_id": "B289",
        "parcel_id": "P000289",
        "demo_ulpin": "DEMO-TN-CHN-000289",
        "height": 12.8,
        "floors": 4,
        "is_primary": false,
        "is_mapped": false,
        "data_status": "REAL FOOTPRINT / SYNTHETIC HEIGHT",
        "source": "Google Open Buildings"
      },
      "geometry": {
        "type": "Polygon",
        "coordinates": [
          [
            [
              80.2034674743848,
              13.0858033610933
            ],
            [
              80.2033605166513,
              13.0858076204518
            ],
            [
              80.2033571392852,
              13.0857261254336
            ],
            [
              80.2034216134389,
              13.0857235578955
            ],
            [
              80.2034201734106,
              13.0856888105685
            ],
            [
              80.2034626569487,
              13.0856871187476
            ],
            [
              80.2034674743848,
              13.0858033610933
            ]
          ]
        ]
      }
    },
    {
      "type": "Feature",
      "properties": {
        "building_id": "B290",
        "parcel_id": "P000290",
        "demo_ulpin": "DEMO-TN-CHN-000290",
        "height": 6.4,
        "floors": 2,
        "is_primary": false,
        "is_mapped": false,
        "data_status": "REAL FOOTPRINT / SYNTHETIC HEIGHT",
        "source": "Google Open Buildings"
      },
      "geometry": {
        "type": "Polygon",
        "coordinates": [
          [
            [
              80.2060861057548,
              13.0835983525281
            ],
            [
              80.2058832680581,
              13.0836064447618
            ],
            [
              80.2058784357287,
              13.0834900504837
            ],
            [
              80.2060812733297,
              13.0834819582483
            ],
            [
              80.2060861057548,
              13.0835983525281
            ]
          ]
        ]
      }
    },
    {
      "type": "Feature",
      "properties": {
        "building_id": "B291",
        "parcel_id": "P000291",
        "demo_ulpin": "DEMO-TN-CHN-000291",
        "height": 16.0,
        "floors": 5,
        "is_primary": false,
        "is_mapped": false,
        "data_status": "REAL FOOTPRINT / SYNTHETIC HEIGHT",
        "source": "Google Open Buildings"
      },
      "geometry": {
        "type": "Polygon",
        "coordinates": [
          [
            [
              80.2033927609342,
              13.0845675062453
            ],
            [
              80.2033310730087,
              13.0845709075102
            ],
            [
              80.2033324737288,
              13.0845953192633
            ],
            [
              80.2033035991224,
              13.0845969113071
            ],
            [
              80.2033021984053,
              13.0845724995536
            ],
            [
              80.2032350737782,
              13.0845762005555
            ],
            [
              80.2032306199172,
              13.084498578107
            ],
            [
              80.2032592873285,
              13.0844969974944
            ],
            [
              80.2032548987085,
              13.0844205122059
            ],
            [
              80.2033839183637,
              13.0844133985079
            ],
            [
              80.2033927609342,
              13.0845675062453
            ]
          ]
        ]
      }
    },
    {
      "type": "Feature",
      "properties": {
        "building_id": "B292",
        "parcel_id": "P000292",
        "demo_ulpin": "DEMO-TN-CHN-000292",
        "height": 12.8,
        "floors": 4,
        "is_primary": false,
        "is_mapped": false,
        "data_status": "REAL FOOTPRINT / SYNTHETIC HEIGHT",
        "source": "Google Open Buildings"
      },
      "geometry": {
        "type": "Polygon",
        "coordinates": [
          [
            [
              80.206196979973,
              13.0862212982277
            ],
            [
              80.2062071889918,
              13.0864205763601
            ],
            [
              80.2061156502711,
              13.0864250825368
            ],
            [
              80.2061054413257,
              13.086225804405
            ],
            [
              80.206196979973,
              13.0862212982277
            ]
          ]
        ]
      }
    },
    {
      "type": "Feature",
      "properties": {
        "building_id": "B293",
        "parcel_id": "P000293",
        "demo_ulpin": "DEMO-TN-CHN-000293",
        "height": 12.8,
        "floors": 4,
        "is_primary": false,
        "is_mapped": false,
        "data_status": "REAL FOOTPRINT / SYNTHETIC HEIGHT",
        "source": "Google Open Buildings"
      },
      "geometry": {
        "type": "Polygon",
        "coordinates": [
          [
            [
              80.2065613529711,
              13.0840645503848
            ],
            [
              80.2065696900148,
              13.0842403653099
            ],
            [
              80.2065241220337,
              13.0842424416745
            ],
            [
              80.2065157850223,
              13.0840666267497
            ],
            [
              80.2065613529711,
              13.0840645503848
            ]
          ]
        ]
      }
    },
    {
      "type": "Feature",
      "properties": {
        "building_id": "B294",
        "parcel_id": "P000294",
        "demo_ulpin": "DEMO-TN-CHN-000294",
        "height": 6.4,
        "floors": 2,
        "is_primary": false,
        "is_mapped": false,
        "data_status": "REAL FOOTPRINT / SYNTHETIC HEIGHT",
        "source": "Google Open Buildings"
      },
      "geometry": {
        "type": "Polygon",
        "coordinates": [
          [
            [
              80.2058511829836,
              13.0833512497688
            ],
            [
              80.205851682985,
              13.0833942497688
            ],
            [
              80.2058574829849,
              13.0833941497686
            ],
            [
              80.2058580829865,
              13.0834388497686
            ],
            [
              80.2056041829902,
              13.0834417497769
            ],
            [
              80.2056030829872,
              13.0833540497769
            ],
            [
              80.2058511829836,
              13.0833512497688
            ]
          ]
        ]
      }
    },
    {
      "type": "Feature",
      "properties": {
        "building_id": "B295",
        "parcel_id": "P000295",
        "demo_ulpin": "DEMO-TN-CHN-000295",
        "height": 6.4,
        "floors": 2,
        "is_primary": false,
        "is_mapped": false,
        "data_status": "REAL FOOTPRINT / SYNTHETIC HEIGHT",
        "source": "Google Open Buildings"
      },
      "geometry": {
        "type": "Polygon",
        "coordinates": [
          [
            [
              80.2064142356358,
              13.0839027043366
            ],
            [
              80.2062948984215,
              13.0839085717831
            ],
            [
              80.2062914560073,
              13.0838412924959
            ],
            [
              80.2064107931891,
              13.0838354250493
            ],
            [
              80.2064142356358,
              13.0839027043366
            ]
          ]
        ]
      }
    },
    {
      "type": "Feature",
      "properties": {
        "building_id": "B296",
        "parcel_id": "P000296",
        "demo_ulpin": "DEMO-TN-CHN-000296",
        "height": 6.4,
        "floors": 2,
        "is_primary": false,
        "is_mapped": false,
        "data_status": "REAL FOOTPRINT / SYNTHETIC HEIGHT",
        "source": "Google Open Buildings"
      },
      "geometry": {
        "type": "Polygon",
        "coordinates": [
          [
            [
              80.2033595926572,
              13.0855107378177
            ],
            [
              80.2033630253012,
              13.085565758416
            ],
            [
              80.2033352178413,
              13.0855674254639
            ],
            [
              80.2033383327339,
              13.0856173530223
            ],
            [
              80.2033068157418,
              13.0856192424504
            ],
            [
              80.203300268225,
              13.0855142942931
            ],
            [
              80.2033595926572,
              13.0855107378177
            ]
          ]
        ]
      }
    },
    {
      "type": "Feature",
      "properties": {
        "building_id": "B297",
        "parcel_id": "P000297",
        "demo_ulpin": "DEMO-TN-CHN-000297",
        "height": 6.4,
        "floors": 2,
        "is_primary": false,
        "is_mapped": false,
        "data_status": "REAL FOOTPRINT / SYNTHETIC HEIGHT",
        "source": "Google Open Buildings"
      },
      "geometry": {
        "type": "Polygon",
        "coordinates": [
          [
            [
              80.2064638412559,
              13.0859885885205
            ],
            [
              80.2064608395856,
              13.0860574592007
            ],
            [
              80.2064418057078,
              13.0860566620541
            ],
            [
              80.2064404924073,
              13.0860867945057
            ],
            [
              80.2064047935322,
              13.0860852994182
            ],
            [
              80.2064091085224,
              13.0859862962882
            ],
            [
              80.2064638412559,
              13.0859885885205
            ]
          ]
        ]
      }
    },
    {
      "type": "Feature",
      "properties": {
        "building_id": "B298",
        "parcel_id": "P000298",
        "demo_ulpin": "DEMO-TN-CHN-000298",
        "height": 9.600000000000001,
        "floors": 3,
        "is_primary": false,
        "is_mapped": false,
        "data_status": "REAL FOOTPRINT / SYNTHETIC HEIGHT",
        "source": "Google Open Buildings"
      },
      "geometry": {
        "type": "Polygon",
        "coordinates": [
          [
            [
              80.2056750128346,
              13.0865886450946
            ],
            [
              80.2056747237298,
              13.0866022861373
            ],
            [
              80.2057536489469,
              13.0866038934501
            ],
            [
              80.2057516511132,
              13.0866981599639
            ],
            [
              80.2055591905932,
              13.086694240458
            ],
            [
              80.2055614776086,
              13.0865863329073
            ],
            [
              80.2056750128346,
              13.0865886450946
            ]
          ]
        ]
      }
    },
    {
      "type": "Feature",
      "properties": {
        "building_id": "B299",
        "parcel_id": "P000299",
        "demo_ulpin": "DEMO-TN-CHN-000299",
        "height": 16.0,
        "floors": 5,
        "is_primary": false,
        "is_mapped": false,
        "data_status": "REAL FOOTPRINT / SYNTHETIC HEIGHT",
        "source": "Google Open Buildings"
      },
      "geometry": {
        "type": "Polygon",
        "coordinates": [
          [
            [
              80.2067662525964,
              13.0846541468605
            ],
            [
              80.2067660001033,
              13.0847331103832
            ],
            [
              80.2067300795121,
              13.0847330000098
            ],
            [
              80.2067303320168,
              13.0846540364878
            ],
            [
              80.2067662525964,
              13.0846541468605
            ]
          ]
        ]
      }
    },
    {
      "type": "Feature",
      "properties": {
        "building_id": "B300",
        "parcel_id": "P000300",
        "demo_ulpin": "DEMO-TN-CHN-000300",
        "height": 6.4,
        "floors": 2,
        "is_primary": false,
        "is_mapped": false,
        "data_status": "REAL FOOTPRINT / SYNTHETIC HEIGHT",
        "source": "Google Open Buildings"
      },
      "geometry": {
        "type": "Polygon",
        "coordinates": [
          [
            [
              80.2062639791506,
              13.0836589253012
            ],
            [
              80.2062673715662,
              13.0837252275534
            ],
            [
              80.2061476854685,
              13.0837311120941
            ],
            [
              80.2061442930843,
              13.0836648098423
            ],
            [
              80.2062639791506,
              13.0836589253012
            ]
          ]
        ]
      }
    }
  ]
}