{
  "type": "FeatureCollection",
  "features": [
    {
      "type": "Feature",
      "properties": {
        "unit_id": "B001-F01-U01",
        "floor_id": "B001-F01",
        "building_id": "B001",
        "parcel_id": "P000001",
        "demo_ulpin": "DEMO-TN-CHN-000001",
        "property_3d_id": "3D-CHN-P000001-B001-F01-U01",
        "area_sqm": 75.0,
        "z_min": 0.0,
        "z_max": 3.2,
        "height": 3.2,
        "volume_m3": 240.0,
        "data_status": "DEMO / SYNTHETIC"
      },
      "geometry": {
        "type": "Polygon",
        "coordinates": [
          [
            [
              80.2081883001928,
              13.0868950626255
            ],
            [
              80.20842446653515,
              13.0868950626255
            ],
            [
              80.20842446653515,
              13.086619798486108
            ],
            [
              80.2083042417177,
              13.086628433927
            ],
            [
              80.2083057046014,
              13.086648004435
            ],
            [
              80.2082069795574,
              13.0866550955308
            ],
            [
              80.2082154964129,
              13.0867690349071
            ],
            [
              80.2081790752967,
              13.086771650906
            ],
            [
              80.2081883001928,
              13.0868950626255
            ]
          ]
        ]
      }
    },
    {
      "type": "Feature",
      "properties": {
        "unit_id": "B001-F01-U02",
        "floor_id": "B001-F01",
        "building_id": "B001",
        "parcel_id": "P000001",
        "demo_ulpin": "DEMO-TN-CHN-000001",
        "property_3d_id": "3D-CHN-P000001-B001-F01-U02",
        "area_sqm": 75.0,
        "z_min": 0.0,
        "z_max": 3.2,
        "height": 3.2,
        "volume_m3": 240.0,
        "data_status": "DEMO / SYNTHETIC"
      },
      "geometry": {
        "type": "Polygon",
        "coordinates": [
          [
            [
              80.20842446653515,
              13.086619798486108
            ],
            [
              80.20842446653515,
              13.0868950626255
            ],
            [
              80.20865041196575,
              13.0868950626255
            ],
            [
              80.2086302018847,
              13.0866246965904
            ],
            [
              80.208560193606,
              13.0866297251486
            ],
            [
              80.2085587307018,
              13.0866101546347
            ],
            [
              80.20842446653515,
              13.086619798486108
            ]
          ]
        ]
      }
    },
    {
      "type": "Feature",
      "properties": {
        "unit_id": "B001-F01-U03",
        "floor_id": "B001-F01",
        "building_id": "B001",
        "parcel_id": "P000001",
        "demo_ulpin": "DEMO-TN-CHN-000001",
        "property_3d_id": "3D-CHN-P000001-B001-F01-U03",
        "area_sqm": 75.0,
        "z_min": 0.0,
        "z_max": 3.2,
        "height": 3.2,
        "volume_m3": 240.0,
        "data_status": "DEMO / SYNTHETIC"
      },
      "geometry": {
        "type": "Polygon",
        "coordinates": [
          [
            [
              80.20842446653515,
              13.087172830197787
            ],
            [
              80.20842446653515,
              13.0868950626255
            ],
            [
              80.2081883001928,
              13.0868950626255
            ],
            [
              80.2082003118645,
              13.087055756149
            ],
            [
              80.2082367330191,
              13.0870531401494
            ],
            [
              80.2082444937971,
              13.0871569644426
            ],
            [
              80.2083229150136,
              13.0871513317149
            ],
            [
              80.2083250557576,
              13.0871799706163
            ],
            [
              80.20842446653515,
              13.087172830197787
            ]
          ]
        ]
      }
    },
    {
      "type": "Feature",
      "properties": {
        "unit_id": "B001-F01-U04",
        "floor_id": "B001-F01",
        "building_id": "B001",
        "parcel_id": "P000001",
        "demo_ulpin": "DEMO-TN-CHN-000001",
        "property_3d_id": "3D-CHN-P000001-B001-F01-U04",
        "area_sqm": 75.0,
        "z_min": 0.0,
        "z_max": 3.2,
        "height": 3.2,
        "volume_m3": 240.0,
        "data_status": "DEMO / SYNTHETIC"
      },
      "geometry": {
        "type": "Polygon",
        "coordinates": [
          [
            [
              80.2086698577736,
              13.0871552043811
            ],
            [
              80.20865041196575,
              13.0868950626255
            ],
            [
              80.20842446653515,
              13.0868950626255
            ],
            [
              80.20842446653515,
              13.087172830197787
            ],
            [
              80.2086698577736,
              13.0871552043811
            ]
          ]
        ]
      }
    },
    {
      "type": "Feature",
      "properties": {
        "unit_id": "B001-F02-U01",
        "floor_id": "B001-F02",
        "building_id": "B001",
        "parcel_id": "P000001",
        "demo_ulpin": "DEMO-TN-CHN-000001",
        "property_3d_id": "3D-CHN-P000001-B001-F02-U01",
        "area_sqm": 75.0,
        "z_min": 3.2,
        "z_max": 6.4,
        "height": 3.2,
        "volume_m3": 240.0,
        "data_status": "DEMO / SYNTHETIC"
      },
      "geometry": {
        "type": "Polygon",
        "coordinates": [
          [
            [
              80.2081883001928,
              13.0868950626255
            ],
            [
              80.20842446653515,
              13.0868950626255
            ],
            [
              80.20842446653515,
              13.086619798486108
            ],
            [
              80.2083042417177,
              13.086628433927
            ],
            [
              80.2083057046014,
              13.086648004435
            ],
            [
              80.2082069795574,
              13.0866550955308
            ],
            [
              80.2082154964129,
              13.0867690349071
            ],
            [
              80.2081790752967,
              13.086771650906
            ],
            [
              80.2081883001928,
              13.0868950626255
            ]
          ]
        ]
      }
    },
    {
      "type": "Feature",
      "properties": {
        "unit_id": "B001-F02-U02",
        "floor_id": "B001-F02",
        "building_id": "B001",
        "parcel_id": "P000001",
        "demo_ulpin": "DEMO-TN-CHN-000001",
        "property_3d_id": "3D-CHN-P000001-B001-F02-U02",
        "area_sqm": 75.0,
        "z_min": 3.2,
        "z_max": 6.4,
        "height": 3.2,
        "volume_m3": 240.0,
        "data_status": "DEMO / SYNTHETIC"
      },
      "geometry": {
        "type": "Polygon",
        "coordinates": [
          [
            [
              80.20842446653515,
              13.086619798486108
            ],
            [
              80.20842446653515,
              13.0868950626255
            ],
            [
              80.20865041196575,
              13.0868950626255
            ],
            [
              80.2086302018847,
              13.0866246965904
            ],
            [
              80.208560193606,
              13.0866297251486
            ],
            [
              80.2085587307018,
              13.0866101546347
            ],
            [
              80.20842446653515,
              13.086619798486108
            ]
          ]
        ]
      }
    },
    {
      "type": "Feature",
      "properties": {
        "unit_id": "B001-F02-U03",
        "floor_id": "B001-F02",
        "building_id": "B001",
        "parcel_id": "P000001",
        "demo_ulpin": "DEMO-TN-CHN-000001",
        "property_3d_id": "3D-CHN-P000001-B001-F02-U03",
        "area_sqm": 75.0,
        "z_min": 3.2,
        "z_max": 6.4,
        "height": 3.2,
        "volume_m3": 240.0,
        "data_status": "DEMO / SYNTHETIC"
      },
      "geometry": {
        "type": "Polygon",
        "coordinates": [
          [
            [
              80.20842446653515,
              13.087172830197787
            ],
            [
              80.20842446653515,
              13.0868950626255
            ],
            [
              80.2081883001928,
              13.0868950626255
            ],
            [
              80.2082003118645,
              13.087055756149
            ],
            [
              80.2082367330191,
              13.0870531401494
            ],
            [
              80.2082444937971,
              13.0871569644426
            ],
            [
              80.2083229150136,
              13.0871513317149
            ],
            [
              80.2083250557576,
              13.0871799706163
            ],
            [
              80.20842446653515,
              13.087172830197787
            ]
          ]
        ]
      }
    },
    {
      "type": "Feature",
      "properties": {
        "unit_id": "B001-F02-U04",
        "floor_id": "B001-F02",
        "building_id": "B001",
        "parcel_id": "P000001",
        "demo_ulpin": "DEMO-TN-CHN-000001",
        "property_3d_id": "3D-CHN-P000001-B001-F02-U04",
        "area_sqm": 75.0,
        "z_min": 3.2,
        "z_max": 6.4,
        "height": 3.2,
        "volume_m3": 240.0,
        "data_status": "DEMO / SYNTHETIC"
      },
      "geometry": {
        "type": "Polygon",
        "coordinates": [
          [
            [
              80.2086698577736,
              13.0871552043811
            ],
            [
              80.20865041196575,
              13.0868950626255
            ],
            [
              80.20842446653515,
              13.0868950626255
            ],
            [
              80.20842446653515,
              13.087172830197787
            ],
            [
              80.2086698577736,
              13.0871552043811
            ]
          ]
        ]
      }
    },
    {
      "type": "Feature",
      "properties": {
        "unit_id": "B001-F03-U01",
        "floor_id": "B001-F03",
        "building_id": "B001",
        "parcel_id": "P000001",
        "demo_ulpin": "DEMO-TN-CHN-000001",
        "property_3d_id": "3D-CHN-P000001-B001-F03-U01",
        "area_sqm": 75.0,
        "z_min": 6.4,
        "z_max": 9.600000000000001,
        "height": 3.200000000000001,
        "volume_m3": 240.00000000000009,
        "data_status": "DEMO / SYNTHETIC"
      },
      "geometry": {
        "type": "Polygon",
        "coordinates": [
          [
            [
              80.2081883001928,
              13.0868950626255
            ],
            [
              80.20842446653515,
              13.0868950626255
            ],
            [
              80.20842446653515,
              13.086619798486108
            ],
            [
              80.2083042417177,
              13.086628433927
            ],
            [
              80.2083057046014,
              13.086648004435
            ],
            [
              80.2082069795574,
              13.0866550955308
            ],
            [
              80.2082154964129,
              13.0867690349071
            ],
            [
              80.2081790752967,
              13.086771650906
            ],
            [
              80.2081883001928,
              13.0868950626255
            ]
          ]
        ]
      }
    },
    {
      "type": "Feature",
      "properties": {
        "unit_id": "B001-F03-U02",
        "floor_id": "B001-F03",
        "building_id": "B001",
        "parcel_id": "P000001",
        "demo_ulpin": "DEMO-TN-CHN-000001",
        "property_3d_id": "3D-CHN-P000001-B001-F03-U02",
        "area_sqm": 75.0,
        "z_min": 6.4,
        "z_max": 9.600000000000001,
        "height": 3.200000000000001,
        "volume_m3": 240.00000000000009,
        "data_status": "DEMO / SYNTHETIC"
      },
      "geometry": {
        "type": "Polygon",
        "coordinates": [
          [
            [
              80.20842446653515,
              13.086619798486108
            ],
            [
              80.20842446653515,
              13.0868950626255
            ],
            [
              80.20865041196575,
              13.0868950626255
            ],
            [
              80.2086302018847,
              13.0866246965904
            ],
            [
              80.208560193606,
              13.0866297251486
            ],
            [
              80.2085587307018,
              13.0866101546347
            ],
            [
              80.20842446653515,
              13.086619798486108
            ]
          ]
        ]
      }
    },
    {
      "type": "Feature",
      "properties": {
        "unit_id": "B001-F03-U03",
        "floor_id": "B001-F03",
        "building_id": "B001",
        "parcel_id": "P000001",
        "demo_ulpin": "DEMO-TN-CHN-000001",
        "property_3d_id": "3D-CHN-P000001-B001-F03-U03",
        "area_sqm": 75.0,
        "z_min": 6.4,
        "z_max": 9.600000000000001,
        "height": 3.200000000000001,
        "volume_m3": 240.00000000000009,
        "data_status": "DEMO / SYNTHETIC"
      },
      "geometry": {
        "type": "Polygon",
        "coordinates": [
          [
            [
              80.20842446653515,
              13.087172830197787
            ],
            [
              80.20842446653515,
              13.0868950626255
            ],
            [
              80.2081883001928,
              13.0868950626255
            ],
            [
              80.2082003118645,
              13.087055756149
            ],
            [
              80.2082367330191,
              13.0870531401494
            ],
            [
              80.2082444937971,
              13.0871569644426
            ],
            [
              80.2083229150136,
              13.0871513317149
            ],
            [
              80.2083250557576,
              13.0871799706163
            ],
            [
              80.20842446653515,
              13.087172830197787
            ]
          ]
        ]
      }
    },
    {
      "type": "Feature",
      "properties": {
        "unit_id": "B001-F03-U04",
        "floor_id": "B001-F03",
        "building_id": "B001",
        "parcel_id": "P000001",
        "demo_ulpin": "DEMO-TN-CHN-000001",
        "property_3d_id": "3D-CHN-P000001-B001-F03-U04",
        "area_sqm": 75.0,
        "z_min": 6.4,
        "z_max": 9.600000000000001,
        "height": 3.200000000000001,
        "volume_m3": 240.00000000000009,
        "data_status": "DEMO / SYNTHETIC"
      },
      "geometry": {
        "type": "Polygon",
        "coordinates": [
          [
            [
              80.2086698577736,
              13.0871552043811
            ],
            [
              80.20865041196575,
              13.0868950626255
            ],
            [
              80.20842446653515,
              13.0868950626255
            ],
            [
              80.20842446653515,
              13.087172830197787
            ],
            [
              80.2086698577736,
              13.0871552043811
            ]
          ]
        ]
      }
    },
    {
      "type": "Feature",
      "properties": {
        "unit_id": "B001-F04-U01",
        "floor_id": "B001-F04",
        "building_id": "B001",
        "parcel_id": "P000001",
        "demo_ulpin": "DEMO-TN-CHN-000001",
        "property_3d_id": "3D-CHN-P000001-B001-F04-U01",
        "area_sqm": 75.0,
        "z_min": 9.600000000000001,
        "z_max": 12.8,
        "height": 3.1999999999999993,
        "volume_m3": 239.99999999999994,
        "data_status": "DEMO / SYNTHETIC"
      },
      "geometry": {
        "type": "Polygon",
        "coordinates": [
          [
            [
              80.2081883001928,
              13.0868950626255
            ],
            [
              80.20842446653515,
              13.0868950626255
            ],
            [
              80.20842446653515,
              13.086619798486108
            ],
            [
              80.2083042417177,
              13.086628433927
            ],
            [
              80.2083057046014,
              13.086648004435
            ],
            [
              80.2082069795574,
              13.0866550955308
            ],
            [
              80.2082154964129,
              13.0867690349071
            ],
            [
              80.2081790752967,
              13.086771650906
            ],
            [
              80.2081883001928,
              13.0868950626255
            ]
          ]
        ]
      }
    },
    {
      "type": "Feature",
      "properties": {
        "unit_id": "B001-F04-U02",
        "floor_id": "B001-F04",
        "building_id": "B001",
        "parcel_id": "P000001",
        "demo_ulpin": "DEMO-TN-CHN-000001",
        "property_3d_id": "3D-CHN-P000001-B001-F04-U02",
        "area_sqm": 75.0,
        "z_min": 9.600000000000001,
        "z_max": 12.8,
        "height": 3.1999999999999993,
        "volume_m3": 239.99999999999994,
        "data_status": "DEMO / SYNTHETIC"
      },
      "geometry": {
        "type": "Polygon",
        "coordinates": [
          [
            [
              80.20842446653515,
              13.086619798486108
            ],
            [
              80.20842446653515,
              13.0868950626255
            ],
            [
              80.20865041196575,
              13.0868950626255
            ],
            [
              80.2086302018847,
              13.0866246965904
            ],
            [
              80.208560193606,
              13.0866297251486
            ],
            [
              80.2085587307018,
              13.0866101546347
            ],
            [
              80.20842446653515,
              13.086619798486108
            ]
          ]
        ]
      }
    },
    {
      "type": "Feature",
      "properties": {
        "unit_id": "B001-F04-U03",
        "floor_id": "B001-F04",
        "building_id": "B001",
        "parcel_id": "P000001",
        "demo_ulpin": "DEMO-TN-CHN-000001",
        "property_3d_id": "3D-CHN-P000001-B001-F04-U03",
        "area_sqm": 75.0,
        "z_min": 9.600000000000001,
        "z_max": 12.8,
        "height": 3.1999999999999993,
        "volume_m3": 239.99999999999994,
        "data_status": "DEMO / SYNTHETIC"
      },
      "geometry": {
        "type": "Polygon",
        "coordinates": [
          [
            [
              80.20842446653515,
              13.087172830197787
            ],
            [
              80.20842446653515,
              13.0868950626255
            ],
            [
              80.2081883001928,
              13.0868950626255
            ],
            [
              80.2082003118645,
              13.087055756149
            ],
            [
              80.2082367330191,
              13.0870531401494
            ],
            [
              80.2082444937971,
              13.0871569644426
            ],
            [
              80.2083229150136,
              13.0871513317149
            ],
            [
              80.2083250557576,
              13.0871799706163
            ],
            [
              80.20842446653515,
              13.087172830197787
            ]
          ]
        ]
      }
    },
    {
      "type": "Feature",
      "properties": {
        "unit_id": "B001-F04-U04",
        "floor_id": "B001-F04",
        "building_id": "B001",
        "parcel_id": "P000001",
        "demo_ulpin": "DEMO-TN-CHN-000001",
        "property_3d_id": "3D-CHN-P000001-B001-F04-U04",
        "area_sqm": 75.0,
        "z_min": 9.600000000000001,
        "z_max": 12.8,
        "height": 3.1999999999999993,
        "volume_m3": 239.99999999999994,
        "data_status": "DEMO / SYNTHETIC"
      },
      "geometry": {
        "type": "Polygon",
        "coordinates": [
          [
            [
              80.2086698577736,
              13.0871552043811
            ],
            [
              80.20865041196575,
              13.0868950626255
            ],
            [
              80.20842446653515,
              13.0868950626255
            ],
            [
              80.20842446653515,
              13.087172830197787
            ],
            [
              80.2086698577736,
              13.0871552043811
            ]
          ]
        ]
      }
    },
    {
      "type": "Feature",
      "properties": {
        "unit_id": "B002-F01-U01",
        "floor_id": "B002-F01",
        "building_id": "B002",
        "parcel_id": "P000002",
        "demo_ulpin": "DEMO-TN-CHN-000002",
        "property_3d_id": "3D-CHN-P000002-B002-F01-U01",
        "area_sqm": 75.0,
        "z_min": 0.0,
        "z_max": 3.2,
        "height": 3.2,
        "volume_m3": 240.0,
        "data_status": "DEMO / SYNTHETIC"
      },
      "geometry": {
        "type": "Polygon",
        "coordinates": [
          [
            [
              80.2067570829107,
              13.0820268497071
            ],
            [
              80.2067666829148,
              13.0821497497067
            ],
            [
              80.2068124829141,
              13.0821462497053
            ],
            [
              80.20681526385312,
              13.08217894969965
            ],
            [
              80.20691903290819,
              13.08217894969965
            ],
            [
              80.20691903290819,
              13.08194300167912
            ],
            [
              80.2068856829061,
              13.0819460497029
            ],
            [
              80.2067515829084,
              13.0819561497072
            ],
            [
              80.2067517829085,
              13.0819583497072
            ],
            [
              80.2067505829085,
              13.0819584497073
            ],
            [
              80.2067570829107,
              13.0820268497071
            ]
          ]
        ]
      }
    },
    {
      "type": "Feature",
      "properties": {
        "unit_id": "B002-F01-U02",
        "floor_id": "B002-F01",
        "building_id": "B002",
        "parcel_id": "P000002",
        "demo_ulpin": "DEMO-TN-CHN-000002",
        "property_3d_id": "3D-CHN-P000002-B002-F01-U02",
        "area_sqm": 75.0,
        "z_min": 0.0,
        "z_max": 3.2,
        "height": 3.2,
        "volume_m3": 240.0,
        "data_status": "DEMO / SYNTHETIC"
      },
      "geometry": {
        "type": "Polygon",
        "coordinates": [
          [
            [
              80.2070727829028,
              13.0819289496968
            ],
            [
              80.20691903290819,
              13.08194300167912
            ],
            [
              80.20691903290819,
              13.08217894969965
            ],
            [
              80.20705191034159,
              13.08217894969965
            ],
            [
              80.2070446829087,
              13.0820870496977
            ],
            [
              80.2070874829079,
              13.0820830496963
            ],
            [
              80.2070727829028,
              13.0819289496968
            ]
          ]
        ]
      }
    },
    {
      "type": "Feature",
      "properties": {
        "unit_id": "B002-F01-U03",
        "floor_id": "B002-F01",
        "building_id": "B002",
        "parcel_id": "P000002",
        "demo_ulpin": "DEMO-TN-CHN-000002",
        "property_3d_id": "3D-CHN-P000002-B002-F01-U03",
        "area_sqm": 75.0,
        "z_min": 0.0,
        "z_max": 3.2,
        "height": 3.2,
        "volume_m3": 240.0,
        "data_status": "DEMO / SYNTHETIC"
      },
      "geometry": {
        "type": "Polygon",
        "coordinates": [
          [
            [
              80.20691903290819,
              13.082427011666267
            ],
            [
              80.20691903290819,
              13.08217894969965
            ],
            [
              80.20681526385312,
              13.08217894969965
            ],
            [
              80.2068298829208,
              13.0823508497047
            ],
            [
              80.2068862829199,
              13.0823466497028
            ],
            [
              80.2068926829226,
              13.0824278497026
            ],
            [
              80.2068955829225,
              13.0824276497025
            ],
            [
              80.2068956829226,
              13.0824289497025
            ],
            [
              80.20691903290819,
              13.082427011666267
            ]
          ]
        ]
      }
    },
    {
      "type": "Feature",
      "properties": {
        "unit_id": "B002-F01-U04",
        "floor_id": "B002-F01",
        "building_id": "B002",
        "parcel_id": "P000002",
        "demo_ulpin": "DEMO-TN-CHN-000002",
        "property_3d_id": "3D-CHN-P000002-B002-F01-U04",
        "area_sqm": 75.0,
        "z_min": 0.0,
        "z_max": 3.2,
        "height": 3.2,
        "volume_m3": 240.0,
        "data_status": "DEMO / SYNTHETIC"
      },
      "geometry": {
        "type": "Polygon",
        "coordinates": [
          [
            [
              80.2070703829196,
              13.0824144496968
            ],
            [
              80.2070702829195,
              13.0824130496968
            ],
            [
              80.2070730829195,
              13.0824127496967
            ],
            [
              80.2070569829139,
              13.0822434496973
            ],
            [
              80.20705191034159,
              13.08217894969965
            ],
            [
              80.20691903290819,
              13.08217894969965
            ],
            [
              80.20691903290819,
              13.082427011666267
            ],
            [
              80.2070703829196,
              13.0824144496968
            ]
          ]
        ]
      }
    },
    {
      "type": "Feature",
      "properties": {
        "unit_id": "B002-F02-U01",
        "floor_id": "B002-F02",
        "building_id": "B002",
        "parcel_id": "P000002",
        "demo_ulpin": "DEMO-TN-CHN-000002",
        "property_3d_id": "3D-CHN-P000002-B002-F02-U01",
        "area_sqm": 75.0,
        "z_min": 3.2,
        "z_max": 6.4,
        "height": 3.2,
        "volume_m3": 240.0,
        "data_status": "DEMO / SYNTHETIC"
      },
      "geometry": {
        "type": "Polygon",
        "coordinates": [
          [
            [
              80.2067570829107,
              13.0820268497071
            ],
            [
              80.2067666829148,
              13.0821497497067
            ],
            [
              80.2068124829141,
              13.0821462497053
            ],
            [
              80.20681526385312,
              13.08217894969965
            ],
            [
              80.20691903290819,
              13.08217894969965
            ],
            [
              80.20691903290819,
              13.08194300167912
            ],
            [
              80.2068856829061,
              13.0819460497029
            ],
            [
              80.2067515829084,
              13.0819561497072
            ],
            [
              80.2067517829085,
              13.0819583497072
            ],
            [
              80.2067505829085,
              13.0819584497073
            ],
            [
              80.2067570829107,
              13.0820268497071
            ]
          ]
        ]
      }
    },
    {
      "type": "Feature",
      "properties": {
        "unit_id": "B002-F02-U02",
        "floor_id": "B002-F02",
        "building_id": "B002",
        "parcel_id": "P000002",
        "demo_ulpin": "DEMO-TN-CHN-000002",
        "property_3d_id": "3D-CHN-P000002-B002-F02-U02",
        "area_sqm": 75.0,
        "z_min": 3.2,
        "z_max": 6.4,
        "height": 3.2,
        "volume_m3": 240.0,
        "data_status": "DEMO / SYNTHETIC"
      },
      "geometry": {
        "type": "Polygon",
        "coordinates": [
          [
            [
              80.2070727829028,
              13.0819289496968
            ],
            [
              80.20691903290819,
              13.08194300167912
            ],
            [
              80.20691903290819,
              13.08217894969965
            ],
            [
              80.20705191034159,
              13.08217894969965
            ],
            [
              80.2070446829087,
              13.0820870496977
            ],
            [
              80.2070874829079,
              13.0820830496963
            ],
            [
              80.2070727829028,
              13.0819289496968
            ]
          ]
        ]
      }
    },
    {
      "type": "Feature",
      "properties": {
        "unit_id": "B002-F02-U03",
        "floor_id": "B002-F02",
        "building_id": "B002",
        "parcel_id": "P000002",
        "demo_ulpin": "DEMO-TN-CHN-000002",
        "property_3d_id": "3D-CHN-P000002-B002-F02-U03",
        "area_sqm": 75.0,
        "z_min": 3.2,
        "z_max": 6.4,
        "height": 3.2,
        "volume_m3": 240.0,
        "data_status": "DEMO / SYNTHETIC"
      },
      "geometry": {
        "type": "Polygon",
        "coordinates": [
          [
            [
              80.20691903290819,
              13.082427011666267
            ],
            [
              80.20691903290819,
              13.08217894969965
            ],
            [
              80.20681526385312,
              13.08217894969965
            ],
            [
              80.2068298829208,
              13.0823508497047
            ],
            [
              80.2068862829199,
              13.0823466497028
            ],
            [
              80.2068926829226,
              13.0824278497026
            ],
            [
              80.2068955829225,
              13.0824276497025
            ],
            [
              80.2068956829226,
              13.0824289497025
            ],
            [
              80.20691903290819,
              13.082427011666267
            ]
          ]
        ]
      }
    },
    {
      "type": "Feature",
      "properties": {
        "unit_id": "B002-F02-U04",
        "floor_id": "B002-F02",
        "building_id": "B002",
        "parcel_id": "P000002",
        "demo_ulpin": "DEMO-TN-CHN-000002",
        "property_3d_id": "3D-CHN-P000002-B002-F02-U04",
        "area_sqm": 75.0,
        "z_min": 3.2,
        "z_max": 6.4,
        "height": 3.2,
        "volume_m3": 240.0,
        "data_status": "DEMO / SYNTHETIC"
      },
      "geometry": {
        "type": "Polygon",
        "coordinates": [
          [
            [
              80.2070703829196,
              13.0824144496968
            ],
            [
              80.2070702829195,
              13.0824130496968
            ],
            [
              80.2070730829195,
              13.0824127496967
            ],
            [
              80.2070569829139,
              13.0822434496973
            ],
            [
              80.20705191034159,
              13.08217894969965
            ],
            [
              80.20691903290819,
              13.08217894969965
            ],
            [
              80.20691903290819,
              13.082427011666267
            ],
            [
              80.2070703829196,
              13.0824144496968
            ]
          ]
        ]
      }
    },
    {
      "type": "Feature",
      "properties": {
        "unit_id": "B002-F03-U01",
        "floor_id": "B002-F03",
        "building_id": "B002",
        "parcel_id": "P000002",
        "demo_ulpin": "DEMO-TN-CHN-000002",
        "property_3d_id": "3D-CHN-P000002-B002-F03-U01",
        "area_sqm": 75.0,
        "z_min": 6.4,
        "z_max": 9.600000000000001,
        "height": 3.200000000000001,
        "volume_m3": 240.00000000000009,
        "data_status": "DEMO / SYNTHETIC"
      },
      "geometry": {
        "type": "Polygon",
        "coordinates": [
          [
            [
              80.2067570829107,
              13.0820268497071
            ],
            [
              80.2067666829148,
              13.0821497497067
            ],
            [
              80.2068124829141,
              13.0821462497053
            ],
            [
              80.20681526385312,
              13.08217894969965
            ],
            [
              80.20691903290819,
              13.08217894969965
            ],
            [
              80.20691903290819,
              13.08194300167912
            ],
            [
              80.2068856829061,
              13.0819460497029
            ],
            [
              80.2067515829084,
              13.0819561497072
            ],
            [
              80.2067517829085,
              13.0819583497072
            ],
            [
              80.2067505829085,
              13.0819584497073
            ],
            [
              80.2067570829107,
              13.0820268497071
            ]
          ]
        ]
      }
    },
    {
      "type": "Feature",
      "properties": {
        "unit_id": "B002-F03-U02",
        "floor_id": "B002-F03",
        "building_id": "B002",
        "parcel_id": "P000002",
        "demo_ulpin": "DEMO-TN-CHN-000002",
        "property_3d_id": "3D-CHN-P000002-B002-F03-U02",
        "area_sqm": 75.0,
        "z_min": 6.4,
        "z_max": 9.600000000000001,
        "height": 3.200000000000001,
        "volume_m3": 240.00000000000009,
        "data_status": "DEMO / SYNTHETIC"
      },
      "geometry": {
        "type": "Polygon",
        "coordinates": [
          [
            [
              80.2070727829028,
              13.0819289496968
            ],
            [
              80.20691903290819,
              13.08194300167912
            ],
            [
              80.20691903290819,
              13.08217894969965
            ],
            [
              80.20705191034159,
              13.08217894969965
            ],
            [
              80.2070446829087,
              13.0820870496977
            ],
            [
              80.2070874829079,
              13.0820830496963
            ],
            [
              80.2070727829028,
              13.0819289496968
            ]
          ]
        ]
      }
    },
    {
      "type": "Feature",
      "properties": {
        "unit_id": "B002-F03-U03",
        "floor_id": "B002-F03",
        "building_id": "B002",
        "parcel_id": "P000002",
        "demo_ulpin": "DEMO-TN-CHN-000002",
        "property_3d_id": "3D-CHN-P000002-B002-F03-U03",
        "area_sqm": 75.0,
        "z_min": 6.4,
        "z_max": 9.600000000000001,
        "height": 3.200000000000001,
        "volume_m3": 240.00000000000009,
        "data_status": "DEMO / SYNTHETIC"
      },
      "geometry": {
        "type": "Polygon",
        "coordinates": [
          [
            [
              80.20691903290819,
              13.082427011666267
            ],
            [
              80.20691903290819,
              13.08217894969965
            ],
            [
              80.20681526385312,
              13.08217894969965
            ],
            [
              80.2068298829208,
              13.0823508497047
            ],
            [
              80.2068862829199,
              13.0823466497028
            ],
            [
              80.2068926829226,
              13.0824278497026
            ],
            [
              80.2068955829225,
              13.0824276497025
            ],
            [
              80.2068956829226,
              13.0824289497025
            ],
            [
              80.20691903290819,
              13.082427011666267
            ]
          ]
        ]
      }
    },
    {
      "type": "Feature",
      "properties": {
        "unit_id": "B002-F03-U04",
        "floor_id": "B002-F03",
        "building_id": "B002",
        "parcel_id": "P000002",
        "demo_ulpin": "DEMO-TN-CHN-000002",
        "property_3d_id": "3D-CHN-P000002-B002-F03-U04",
        "area_sqm": 75.0,
        "z_min": 6.4,
        "z_max": 9.600000000000001,
        "height": 3.200000000000001,
        "volume_m3": 240.00000000000009,
        "data_status": "DEMO / SYNTHETIC"
      },
      "geometry": {
        "type": "Polygon",
        "coordinates": [
          [
            [
              80.2070703829196,
              13.0824144496968
            ],
            [
              80.2070702829195,
              13.0824130496968
            ],
            [
              80.2070730829195,
              13.0824127496967
            ],
            [
              80.2070569829139,
              13.0822434496973
            ],
            [
              80.20705191034159,
              13.08217894969965
            ],
            [
              80.20691903290819,
              13.08217894969965
            ],
            [
              80.20691903290819,
              13.082427011666267
            ],
            [
              80.2070703829196,
              13.0824144496968
            ]
          ]
        ]
      }
    },
    {
      "type": "Feature",
      "properties": {
        "unit_id": "B003-F01-U01",
        "floor_id": "B003-F01",
        "building_id": "B003",
        "parcel_id": "P000003",
        "demo_ulpin": "DEMO-TN-CHN-000003",
        "property_3d_id": "3D-CHN-P000003-B003-F01-U01",
        "area_sqm": 75.0,
        "z_min": 0.0,
        "z_max": 3.2,
        "height": 3.2,
        "volume_m3": 240.0,
        "data_status": "DEMO / SYNTHETIC"
      },
      "geometry": {
        "type": "Polygon",
        "coordinates": [
          [
            [
              80.2088666831277,
              13.0874628497748
            ],
            [
              80.2088875831273,
              13.0874612497741
            ],
            [
              80.2088901831284,
              13.087494049774
            ],
            [
              80.2088692831288,
              13.0874956497747
            ],
            [
              80.2088766831319,
              13.0875896497745
            ],
            [
              80.2089358831309,
              13.0875851497726
            ],
            [
              80.2089368831313,
              13.0875977497725
            ],
            [
              80.208898583132,
              13.0876006497738
            ],
            [
              80.2089042497319,
              13.087672749770999
            ],
            [
              80.20897388313341,
              13.087672749770999
            ],
            [
              80.20897388313341,
              13.087359293166754
            ],
            [
              80.2088591831245,
              13.0873679497751
            ],
            [
              80.2088666831277,
              13.0874628497748
            ]
          ]
        ]
      }
    },
    {
      "type": "Feature",
      "properties": {
        "unit_id": "B003-F01-U02",
        "floor_id": "B003-F01",
        "building_id": "B003",
        "parcel_id": "P000003",
        "demo_ulpin": "DEMO-TN-CHN-000003",
        "property_3d_id": "3D-CHN-P000003-B003-F01-U02",
        "area_sqm": 75.0,
        "z_min": 0.0,
        "z_max": 3.2,
        "height": 3.2,
        "volume_m3": 240.0,
        "data_status": "DEMO / SYNTHETIC"
      },
      "geometry": {
        "type": "Polygon",
        "coordinates": [
          [
            [
              80.2090393831215,
              13.0873543497692
            ],
            [
              80.20897388313341,
              13.087359293166754
            ],
            [
              80.20897388313341,
              13.087672749770999
            ],
            [
              80.2090644170389,
              13.087672749770999
            ],
            [
              80.2090393831215,
              13.0873543497692
            ]
          ]
        ]
      }
    },
    {
      "type": "Feature",
      "properties": {
        "unit_id": "B003-F01-U03",
        "floor_id": "B003-F01",
        "building_id": "B003",
        "parcel_id": "P000003",
        "demo_ulpin": "DEMO-TN-CHN-000003",
        "property_3d_id": "3D-CHN-P000003-B003-F01-U03",
        "area_sqm": 75.0,
        "z_min": 0.0,
        "z_max": 3.2,
        "height": 3.2,
        "volume_m3": 240.0,
        "data_status": "DEMO / SYNTHETIC"
      },
      "geometry": {
        "type": "Polygon",
        "coordinates": [
          [
            [
              80.2089520831378,
              13.087791149772
            ],
            [
              80.2089503831371,
              13.0877704497721
            ],
            [
              80.20897388313341,
              13.087768682416197
            ],
            [
              80.20897388313341,
              13.087672749770999
            ],
            [
              80.2089042497319,
              13.087672749770999
            ],
            [
              80.2089137831384,
              13.0877940497733
            ],
            [
              80.2088928831388,
              13.087795649774
            ],
            [
              80.2088993831415,
              13.0878783497737
            ],
            [
              80.2089202831412,
              13.0878767497731
            ],
            [
              80.208929283145,
              13.0879911497728
            ],
            [
              80.20897388313341,
              13.087987790073479
            ],
            [
              80.20897388313341,
              13.087789510267466
            ],
            [
              80.2089520831378,
              13.087791149772
            ]
          ]
        ]
      }
    },
    {
      "type": "Feature",
      "properties": {
        "unit_id": "B003-F01-U04",
        "floor_id": "B003-F01",
        "building_id": "B003",
        "parcel_id": "P000003",
        "demo_ulpin": "DEMO-TN-CHN-000003",
        "property_3d_id": "3D-CHN-P000003-B003-F01-U04",
        "area_sqm": 75.0,
        "z_min": 0.0,
        "z_max": 3.2,
        "height": 3.2,
        "volume_m3": 240.0,
        "data_status": "DEMO / SYNTHETIC"
      },
      "geometry": {
        "type": "Polygon",
        "coordinates": [
          [
            [
              80.2090730831357,
              13.0877820497681
            ],
            [
              80.20897388313341,
              13.087789510267466
            ],
            [
              80.20897388313341,
              13.087987790073479
            ],
            [
              80.2090885831423,
              13.0879791497676
            ],
            [
              80.2090730831357,
              13.0877820497681
            ]
          ]
        ]
      }
    },
    {
      "type": "Feature",
      "properties": {
        "unit_id": "B003-F02-U01",
        "floor_id": "B003-F02",
        "building_id": "B003",
        "parcel_id": "P000003",
        "demo_ulpin": "DEMO-TN-CHN-000003",
        "property_3d_id": "3D-CHN-P000003-B003-F02-U01",
        "area_sqm": 75.0,
        "z_min": 3.2,
        "z_max": 6.4,
        "height": 3.2,
        "volume_m3": 240.0,
        "data_status": "DEMO / SYNTHETIC"
      },
      "geometry": {
        "type": "Polygon",
        "coordinates": [
          [
            [
              80.2088666831277,
              13.0874628497748
            ],
            [
              80.2088875831273,
              13.0874612497741
            ],
            [
              80.2088901831284,
              13.087494049774
            ],
            [
              80.2088692831288,
              13.0874956497747
            ],
            [
              80.2088766831319,
              13.0875896497745
            ],
            [
              80.2089358831309,
              13.0875851497726
            ],
            [
              80.2089368831313,
              13.0875977497725
            ],
            [
              80.208898583132,
              13.0876006497738
            ],
            [
              80.2089042497319,
              13.087672749770999
            ],
            [
              80.20897388313341,
              13.087672749770999
            ],
            [
              80.20897388313341,
              13.087359293166754
            ],
            [
              80.2088591831245,
              13.0873679497751
            ],
            [
              80.2088666831277,
              13.0874628497748
            ]
          ]
        ]
      }
    },
    {
      "type": "Feature",
      "properties": {
        "unit_id": "B003-F02-U02",
        "floor_id": "B003-F02",
        "building_id": "B003",
        "parcel_id": "P000003",
        "demo_ulpin": "DEMO-TN-CHN-000003",
        "property_3d_id": "3D-CHN-P000003-B003-F02-U02",
        "area_sqm": 75.0,
        "z_min": 3.2,
        "z_max": 6.4,
        "height": 3.2,
        "volume_m3": 240.0,
        "data_status": "DEMO / SYNTHETIC"
      },
      "geometry": {
        "type": "Polygon",
        "coordinates": [
          [
            [
              80.2090393831215,
              13.0873543497692
            ],
            [
              80.20897388313341,
              13.087359293166754
            ],
            [
              80.20897388313341,
              13.087672749770999
            ],
            [
              80.2090644170389,
              13.087672749770999
            ],
            [
              80.2090393831215,
              13.0873543497692
            ]
          ]
        ]
      }
    },
    {
      "type": "Feature",
      "properties": {
        "unit_id": "B003-F02-U03",
        "floor_id": "B003-F02",
        "building_id": "B003",
        "parcel_id": "P000003",
        "demo_ulpin": "DEMO-TN-CHN-000003",
        "property_3d_id": "3D-CHN-P000003-B003-F02-U03",
        "area_sqm": 75.0,
        "z_min": 3.2,
        "z_max": 6.4,
        "height": 3.2,
        "volume_m3": 240.0,
        "data_status": "DEMO / SYNTHETIC"
      },
      "geometry": {
        "type": "Polygon",
        "coordinates": [
          [
            [
              80.2089520831378,
              13.087791149772
            ],
            [
              80.2089503831371,
              13.0877704497721
            ],
            [
              80.20897388313341,
              13.087768682416197
            ],
            [
              80.20897388313341,
              13.087672749770999
            ],
            [
              80.2089042497319,
              13.087672749770999
            ],
            [
              80.2089137831384,
              13.0877940497733
            ],
            [
              80.2088928831388,
              13.087795649774
            ],
            [
              80.2088993831415,
              13.0878783497737
            ],
            [
              80.2089202831412,
              13.0878767497731
            ],
            [
              80.208929283145,
              13.0879911497728
            ],
            [
              80.20897388313341,
              13.087987790073479
            ],
            [
              80.20897388313341,
              13.087789510267466
            ],
            [
              80.2089520831378,
              13.087791149772
            ]
          ]
        ]
      }
    },
    {
      "type": "Feature",
      "properties": {
        "unit_id": "B003-F02-U04",
        "floor_id": "B003-F02",
        "building_id": "B003",
        "parcel_id": "P000003",
        "demo_ulpin": "DEMO-TN-CHN-000003",
        "property_3d_id": "3D-CHN-P000003-B003-F02-U04",
        "area_sqm": 75.0,
        "z_min": 3.2,
        "z_max": 6.4,
        "height": 3.2,
        "volume_m3": 240.0,
        "data_status": "DEMO / SYNTHETIC"
      },
      "geometry": {
        "type": "Polygon",
        "coordinates": [
          [
            [
              80.2090730831357,
              13.0877820497681
            ],
            [
              80.20897388313341,
              13.087789510267466
            ],
            [
              80.20897388313341,
              13.087987790073479
            ],
            [
              80.2090885831423,
              13.0879791497676
            ],
            [
              80.2090730831357,
              13.0877820497681
            ]
          ]
        ]
      }
    },
    {
      "type": "Feature",
      "properties": {
        "unit_id": "B003-F03-U01",
        "floor_id": "B003-F03",
        "building_id": "B003",
        "parcel_id": "P000003",
        "demo_ulpin": "DEMO-TN-CHN-000003",
        "property_3d_id": "3D-CHN-P000003-B003-F03-U01",
        "area_sqm": 75.0,
        "z_min": 6.4,
        "z_max": 9.600000000000001,
        "height": 3.200000000000001,
        "volume_m3": 240.00000000000009,
        "data_status": "DEMO / SYNTHETIC"
      },
      "geometry": {
        "type": "Polygon",
        "coordinates": [
          [
            [
              80.2088666831277,
              13.0874628497748
            ],
            [
              80.2088875831273,
              13.0874612497741
            ],
            [
              80.2088901831284,
              13.087494049774
            ],
            [
              80.2088692831288,
              13.0874956497747
            ],
            [
              80.2088766831319,
              13.0875896497745
            ],
            [
              80.2089358831309,
              13.0875851497726
            ],
            [
              80.2089368831313,
              13.0875977497725
            ],
            [
              80.208898583132,
              13.0876006497738
            ],
            [
              80.2089042497319,
              13.087672749770999
            ],
            [
              80.20897388313341,
              13.087672749770999
            ],
            [
              80.20897388313341,
              13.087359293166754
            ],
            [
              80.2088591831245,
              13.0873679497751
            ],
            [
              80.2088666831277,
              13.0874628497748
            ]
          ]
        ]
      }
    },
    {
      "type": "Feature",
      "properties": {
        "unit_id": "B003-F03-U02",
        "floor_id": "B003-F03",
        "building_id": "B003",
        "parcel_id": "P000003",
        "demo_ulpin": "DEMO-TN-CHN-000003",
        "property_3d_id": "3D-CHN-P000003-B003-F03-U02",
        "area_sqm": 75.0,
        "z_min": 6.4,
        "z_max": 9.600000000000001,
        "height": 3.200000000000001,
        "volume_m3": 240.00000000000009,
        "data_status": "DEMO / SYNTHETIC"
      },
      "geometry": {
        "type": "Polygon",
        "coordinates": [
          [
            [
              80.2090393831215,
              13.0873543497692
            ],
            [
              80.20897388313341,
              13.087359293166754
            ],
            [
              80.20897388313341,
              13.087672749770999
            ],
            [
              80.2090644170389,
              13.087672749770999
            ],
            [
              80.2090393831215,
              13.0873543497692
            ]
          ]
        ]
      }
    },
    {
      "type": "Feature",
      "properties": {
        "unit_id": "B003-F03-U03",
        "floor_id": "B003-F03",
        "building_id": "B003",
        "parcel_id": "P000003",
        "demo_ulpin": "DEMO-TN-CHN-000003",
        "property_3d_id": "3D-CHN-P000003-B003-F03-U03",
        "area_sqm": 75.0,
        "z_min": 6.4,
        "z_max": 9.600000000000001,
        "height": 3.200000000000001,
        "volume_m3": 240.00000000000009,
        "data_status": "DEMO / SYNTHETIC"
      },
      "geometry": {
        "type": "Polygon",
        "coordinates": [
          [
            [
              80.2089520831378,
              13.087791149772
            ],
            [
              80.2089503831371,
              13.0877704497721
            ],
            [
              80.20897388313341,
              13.087768682416197
            ],
            [
              80.20897388313341,
              13.087672749770999
            ],
            [
              80.2089042497319,
              13.087672749770999
            ],
            [
              80.2089137831384,
              13.0877940497733
            ],
            [
              80.2088928831388,
              13.087795649774
            ],
            [
              80.2088993831415,
              13.0878783497737
            ],
            [
              80.2089202831412,
              13.0878767497731
            ],
            [
              80.208929283145,
              13.0879911497728
            ],
            [
              80.20897388313341,
              13.087987790073479
            ],
            [
              80.20897388313341,
              13.087789510267466
            ],
            [
              80.2089520831378,
              13.087791149772
            ]
          ]
        ]
      }
    },
    {
      "type": "Feature",
      "properties": {
        "unit_id": "B003-F03-U04",
        "floor_id": "B003-F03",
        "building_id": "B003",
        "parcel_id": "P000003",
        "demo_ulpin": "DEMO-TN-CHN-000003",
        "property_3d_id": "3D-CHN-P000003-B003-F03-U04",
        "area_sqm": 75.0,
        "z_min": 6.4,
        "z_max": 9.600000000000001,
        "height": 3.200000000000001,
        "volume_m3": 240.00000000000009,
        "data_status": "DEMO / SYNTHETIC"
      },
      "geometry": {
        "type": "Polygon",
        "coordinates": [
          [
            [
              80.2090730831357,
              13.0877820497681
            ],
            [
              80.20897388313341,
              13.087789510267466
            ],
            [
              80.20897388313341,
              13.087987790073479
            ],
            [
              80.2090885831423,
              13.0879791497676
            ],
            [
              80.2090730831357,
              13.0877820497681
            ]
          ]
        ]
      }
    },
    {
      "type": "Feature",
      "properties": {
        "unit_id": "B003-F04-U01",
        "floor_id": "B003-F04",
        "building_id": "B003",
        "parcel_id": "P000003",
        "demo_ulpin": "DEMO-TN-CHN-000003",
        "property_3d_id": "3D-CHN-P000003-B003-F04-U01",
        "area_sqm": 75.0,
        "z_min": 9.600000000000001,
        "z_max": 12.8,
        "height": 3.1999999999999993,
        "volume_m3": 239.99999999999994,
        "data_status": "DEMO / SYNTHETIC"
      },
      "geometry": {
        "type": "Polygon",
        "coordinates": [
          [
            [
              80.2088666831277,
              13.0874628497748
            ],
            [
              80.2088875831273,
              13.0874612497741
            ],
            [
              80.2088901831284,
              13.087494049774
            ],
            [
              80.2088692831288,
              13.0874956497747
            ],
            [
              80.2088766831319,
              13.0875896497745
            ],
            [
              80.2089358831309,
              13.0875851497726
            ],
            [
              80.2089368831313,
              13.0875977497725
            ],
            [
              80.208898583132,
              13.0876006497738
            ],
            [
              80.2089042497319,
              13.087672749770999
            ],
            [
              80.20897388313341,
              13.087672749770999
            ],
            [
              80.20897388313341,
              13.087359293166754
            ],
            [
              80.2088591831245,
              13.0873679497751
            ],
            [
              80.2088666831277,
              13.0874628497748
            ]
          ]
        ]
      }
    },
    {
      "type": "Feature",
      "properties": {
        "unit_id": "B003-F04-U02",
        "floor_id": "B003-F04",
        "building_id": "B003",
        "parcel_id": "P000003",
        "demo_ulpin": "DEMO-TN-CHN-000003",
        "property_3d_id": "3D-CHN-P000003-B003-F04-U02",
        "area_sqm": 75.0,
        "z_min": 9.600000000000001,
        "z_max": 12.8,
        "height": 3.1999999999999993,
        "volume_m3": 239.99999999999994,
        "data_status": "DEMO / SYNTHETIC"
      },
      "geometry": {
        "type": "Polygon",
        "coordinates": [
          [
            [
              80.2090393831215,
              13.0873543497692
            ],
            [
              80.20897388313341,
              13.087359293166754
            ],
            [
              80.20897388313341,
              13.087672749770999
            ],
            [
              80.2090644170389,
              13.087672749770999
            ],
            [
              80.2090393831215,
              13.0873543497692
            ]
          ]
        ]
      }
    },
    {
      "type": "Feature",
      "properties": {
        "unit_id": "B003-F04-U03",
        "floor_id": "B003-F04",
        "building_id": "B003",
        "parcel_id": "P000003",
        "demo_ulpin": "DEMO-TN-CHN-000003",
        "property_3d_id": "3D-CHN-P000003-B003-F04-U03",
        "area_sqm": 75.0,
        "z_min": 9.600000000000001,
        "z_max": 12.8,
        "height": 3.1999999999999993,
        "volume_m3": 239.99999999999994,
        "data_status": "DEMO / SYNTHETIC"
      },
      "geometry": {
        "type": "Polygon",
        "coordinates": [
          [
            [
              80.2089520831378,
              13.087791149772
            ],
            [
              80.2089503831371,
              13.0877704497721
            ],
            [
              80.20897388313341,
              13.087768682416197
            ],
            [
              80.20897388313341,
              13.087672749770999
            ],
            [
              80.2089042497319,
              13.087672749770999
            ],
            [
              80.2089137831384,
              13.0877940497733
            ],
            [
              80.2088928831388,
              13.087795649774
            ],
            [
              80.2088993831415,
              13.0878783497737
            ],
            [
              80.2089202831412,
              13.0878767497731
            ],
            [
              80.208929283145,
              13.0879911497728
            ],
            [
              80.20897388313341,
              13.087987790073479
            ],
            [
              80.20897388313341,
              13.087789510267466
            ],
            [
              80.2089520831378,
              13.087791149772
            ]
          ]
        ]
      }
    },
    {
      "type": "Feature",
      "properties": {
        "unit_id": "B003-F04-U04",
        "floor_id": "B003-F04",
        "building_id": "B003",
        "parcel_id": "P000003",
        "demo_ulpin": "DEMO-TN-CHN-000003",
        "property_3d_id": "3D-CHN-P000003-B003-F04-U04",
        "area_sqm": 75.0,
        "z_min": 9.600000000000001,
        "z_max": 12.8,
        "height": 3.1999999999999993,
        "volume_m3": 239.99999999999994,
        "data_status": "DEMO / SYNTHETIC"
      },
      "geometry": {
        "type": "Polygon",
        "coordinates": [
          [
            [
              80.2090730831357,
              13.0877820497681
            ],
            [
              80.20897388313341,
              13.087789510267466
            ],
            [
              80.20897388313341,
              13.087987790073479
            ],
            [
              80.2090885831423,
              13.0879791497676
            ],
            [
              80.2090730831357,
              13.0877820497681
            ]
          ]
        ]
      }
    },
    {
      "type": "Feature",
      "properties": {
        "unit_id": "B004-F01-U01",
        "floor_id": "B004-F01",
        "building_id": "B004",
        "parcel_id": "P000004",
        "demo_ulpin": "DEMO-TN-CHN-000004",
        "property_3d_id": "3D-CHN-P000004-B004-F01-U01",
        "area_sqm": 75.0,
        "z_min": 0.0,
        "z_max": 3.2,
        "height": 3.2,
        "volume_m3": 240.0,
        "data_status": "DEMO / SYNTHETIC"
      },
      "geometry": {
        "type": "Polygon",
        "coordinates": [
          [
            [
              80.20427675941828,
              13.08984664997295
            ],
            [
              80.20455183329555,
              13.08984664997295
            ],
            [
              80.20455183329555,
              13.089772100797992
            ],
            [
              80.2045016832965,
              13.0897855499762
            ],
            [
              80.2044960832958,
              13.0897653499763
            ],
            [
              80.204403283298,
              13.0897897499794
            ],
            [
              80.2044019832979,
              13.0897851499794
            ],
            [
              80.204269483301,
              13.0898206499837
            ],
            [
              80.20427675941828,
              13.08984664997295
            ]
          ]
        ]
      }
    },
    {
      "type": "Feature",
      "properties": {
        "unit_id": "B004-F01-U02",
        "floor_id": "B004-F01",
        "building_id": "B004",
        "parcel_id": "P000004",
        "demo_ulpin": "DEMO-TN-CHN-000004",
        "property_3d_id": "3D-CHN-P000004-B004-F01-U02",
        "area_sqm": 75.0,
        "z_min": 0.0,
        "z_max": 3.2,
        "height": 3.2,
        "volume_m3": 240.0,
        "data_status": "DEMO / SYNTHETIC"
      },
      "geometry": {
        "type": "Polygon",
        "coordinates": [
          [
            [
              80.2048234832889,
              13.0896992499657
            ],
            [
              80.20455183329555,
              13.089772100797992
            ],
            [
              80.20455183329555,
              13.08984664997295
            ],
            [
              80.20482180204594,
              13.08984664997295
            ],
            [
              80.2048212832939,
              13.0898447499657
            ],
            [
              80.2048278832938,
              13.0898430499655
            ],
            [
              80.2048012832909,
              13.0897479499664
            ],
            [
              80.2048341832901,
              13.0897392499653
            ],
            [
              80.2048234832889,
              13.0896992499657
            ]
          ]
        ]
      }
    },
    {
      "type": "Feature",
      "properties": {
        "unit_id": "B004-F01-U03",
        "floor_id": "B004-F01",
        "building_id": "B004",
        "parcel_id": "P000004",
        "demo_ulpin": "DEMO-TN-CHN-000004",
        "property_3d_id": "3D-CHN-P000004-B004-F01-U03",
        "area_sqm": 75.0,
        "z_min": 0.0,
        "z_max": 3.2,
        "height": 3.2,
        "volume_m3": 240.0,
        "data_status": "DEMO / SYNTHETIC"
      },
      "geometry": {
        "type": "Polygon",
        "coordinates": [
          [
            [
              80.20455183329555,
              13.08994826149919
            ],
            [
              80.20455183329555,
              13.08984664997295
            ],
            [
              80.20427675941828,
              13.08984664997295
            ],
            [
              80.2042919833035,
              13.089901049983
            ],
            [
              80.204269883304,
              13.0899069499837
            ],
            [
              80.2042842833056,
              13.0899594499833
            ],
            [
              80.2043624833038,
              13.0899388499807
            ],
            [
              80.2043778833054,
              13.0899940499802
            ],
            [
              80.20455183329555,
              13.08994826149919
            ]
          ]
        ]
      }
    },
    {
      "type": "Feature",
      "properties": {
        "unit_id": "B004-F01-U04",
        "floor_id": "B004-F01",
        "building_id": "B004",
        "parcel_id": "P000004",
        "demo_ulpin": "DEMO-TN-CHN-000004",
        "property_3d_id": "3D-CHN-P000004-B004-F01-U04",
        "area_sqm": 75.0,
        "z_min": 0.0,
        "z_max": 3.2,
        "height": 3.2,
        "volume_m3": 240.0,
        "data_status": "DEMO / SYNTHETIC"
      },
      "geometry": {
        "type": "Polygon",
        "coordinates": [
          [
            [
              80.2048295832948,
              13.0898751499655
            ],
            [
              80.20482180204594,
              13.08984664997295
            ],
            [
              80.20455183329555,
              13.08984664997295
            ],
            [
              80.20455183329555,
              13.08994826149919
            ],
            [
              80.2048295832948,
              13.0898751499655
            ]
          ]
        ]
      }
    },
    {
      "type": "Feature",
      "properties": {
        "unit_id": "B004-F02-U01",
        "floor_id": "B004-F02",
        "building_id": "B004",
        "parcel_id": "P000004",
        "demo_ulpin": "DEMO-TN-CHN-000004",
        "property_3d_id": "3D-CHN-P000004-B004-F02-U01",
        "area_sqm": 75.0,
        "z_min": 3.2,
        "z_max": 6.4,
        "height": 3.2,
        "volume_m3": 240.0,
        "data_status": "DEMO / SYNTHETIC"
      },
      "geometry": {
        "type": "Polygon",
        "coordinates": [
          [
            [
              80.20427675941828,
              13.08984664997295
            ],
            [
              80.20455183329555,
              13.08984664997295
            ],
            [
              80.20455183329555,
              13.089772100797992
            ],
            [
              80.2045016832965,
              13.0897855499762
            ],
            [
              80.2044960832958,
              13.0897653499763
            ],
            [
              80.204403283298,
              13.0897897499794
            ],
            [
              80.2044019832979,
              13.0897851499794
            ],
            [
              80.204269483301,
              13.0898206499837
            ],
            [
              80.20427675941828,
              13.08984664997295
            ]
          ]
        ]
      }
    },
    {
      "type": "Feature",
      "properties": {
        "unit_id": "B004-F02-U02",
        "floor_id": "B004-F02",
        "building_id": "B004",
        "parcel_id": "P000004",
        "demo_ulpin": "DEMO-TN-CHN-000004",
        "property_3d_id": "3D-CHN-P000004-B004-F02-U02",
        "area_sqm": 75.0,
        "z_min": 3.2,
        "z_max": 6.4,
        "height": 3.2,
        "volume_m3": 240.0,
        "data_status": "DEMO / SYNTHETIC"
      },
      "geometry": {
        "type": "Polygon",
        "coordinates": [
          [
            [
              80.2048234832889,
              13.0896992499657
            ],
            [
              80.20455183329555,
              13.089772100797992
            ],
            [
              80.20455183329555,
              13.08984664997295
            ],
            [
              80.20482180204594,
              13.08984664997295
            ],
            [
              80.2048212832939,
              13.0898447499657
            ],
            [
              80.2048278832938,
              13.0898430499655
            ],
            [
              80.2048012832909,
              13.0897479499664
            ],
            [
              80.2048341832901,
              13.0897392499653
            ],
            [
              80.2048234832889,
              13.0896992499657
            ]
          ]
        ]
      }
    },
    {
      "type": "Feature",
      "properties": {
        "unit_id": "B004-F02-U03",
        "floor_id": "B004-F02",
        "building_id": "B004",
        "parcel_id": "P000004",
        "demo_ulpin": "DEMO-TN-CHN-000004",
        "property_3d_id": "3D-CHN-P000004-B004-F02-U03",
        "area_sqm": 75.0,
        "z_min": 3.2,
        "z_max": 6.4,
        "height": 3.2,
        "volume_m3": 240.0,
        "data_status": "DEMO / SYNTHETIC"
      },
      "geometry": {
        "type": "Polygon",
        "coordinates": [
          [
            [
              80.20455183329555,
              13.08994826149919
            ],
            [
              80.20455183329555,
              13.08984664997295
            ],
            [
              80.20427675941828,
              13.08984664997295
            ],
            [
              80.2042919833035,
              13.089901049983
            ],
            [
              80.204269883304,
              13.0899069499837
            ],
            [
              80.2042842833056,
              13.0899594499833
            ],
            [
              80.2043624833038,
              13.0899388499807
            ],
            [
              80.2043778833054,
              13.0899940499802
            ],
            [
              80.20455183329555,
              13.08994826149919
            ]
          ]
        ]
      }
    },
    {
      "type": "Feature",
      "properties": {
        "unit_id": "B004-F02-U04",
        "floor_id": "B004-F02",
        "building_id": "B004",
        "parcel_id": "P000004",
        "demo_ulpin": "DEMO-TN-CHN-000004",
        "property_3d_id": "3D-CHN-P000004-B004-F02-U04",
        "area_sqm": 75.0,
        "z_min": 3.2,
        "z_max": 6.4,
        "height": 3.2,
        "volume_m3": 240.0,
        "data_status": "DEMO / SYNTHETIC"
      },
      "geometry": {
        "type": "Polygon",
        "coordinates": [
          [
            [
              80.2048295832948,
              13.0898751499655
            ],
            [
              80.20482180204594,
              13.08984664997295
            ],
            [
              80.20455183329555,
              13.08984664997295
            ],
            [
              80.20455183329555,
              13.08994826149919
            ],
            [
              80.2048295832948,
              13.0898751499655
            ]
          ]
        ]
      }
    },
    {
      "type": "Feature",
      "properties": {
        "unit_id": "B004-F03-U01",
        "floor_id": "B004-F03",
        "building_id": "B004",
        "parcel_id": "P000004",
        "demo_ulpin": "DEMO-TN-CHN-000004",
        "property_3d_id": "3D-CHN-P000004-B004-F03-U01",
        "area_sqm": 75.0,
        "z_min": 6.4,
        "z_max": 9.600000000000001,
        "height": 3.200000000000001,
        "volume_m3": 240.00000000000009,
        "data_status": "DEMO / SYNTHETIC"
      },
      "geometry": {
        "type": "Polygon",
        "coordinates": [
          [
            [
              80.20427675941828,
              13.08984664997295
            ],
            [
              80.20455183329555,
              13.08984664997295
            ],
            [
              80.20455183329555,
              13.089772100797992
            ],
            [
              80.2045016832965,
              13.0897855499762
            ],
            [
              80.2044960832958,
              13.0897653499763
            ],
            [
              80.204403283298,
              13.0897897499794
            ],
            [
              80.2044019832979,
              13.0897851499794
            ],
            [
              80.204269483301,
              13.0898206499837
            ],
            [
              80.20427675941828,
              13.08984664997295
            ]
          ]
        ]
      }
    },
    {
      "type": "Feature",
      "properties": {
        "unit_id": "B004-F03-U02",
        "floor_id": "B004-F03",
        "building_id": "B004",
        "parcel_id": "P000004",
        "demo_ulpin": "DEMO-TN-CHN-000004",
        "property_3d_id": "3D-CHN-P000004-B004-F03-U02",
        "area_sqm": 75.0,
        "z_min": 6.4,
        "z_max": 9.600000000000001,
        "height": 3.200000000000001,
        "volume_m3": 240.00000000000009,
        "data_status": "DEMO / SYNTHETIC"
      },
      "geometry": {
        "type": "Polygon",
        "coordinates": [
          [
            [
              80.2048234832889,
              13.0896992499657
            ],
            [
              80.20455183329555,
              13.089772100797992
            ],
            [
              80.20455183329555,
              13.08984664997295
            ],
            [
              80.20482180204594,
              13.08984664997295
            ],
            [
              80.2048212832939,
              13.0898447499657
            ],
            [
              80.2048278832938,
              13.0898430499655
            ],
            [
              80.2048012832909,
              13.0897479499664
            ],
            [
              80.2048341832901,
              13.0897392499653
            ],
            [
              80.2048234832889,
              13.0896992499657
            ]
          ]
        ]
      }
    },
    {
      "type": "Feature",
      "properties": {
        "unit_id": "B004-F03-U03",
        "floor_id": "B004-F03",
        "building_id": "B004",
        "parcel_id": "P000004",
        "demo_ulpin": "DEMO-TN-CHN-000004",
        "property_3d_id": "3D-CHN-P000004-B004-F03-U03",
        "area_sqm": 75.0,
        "z_min": 6.4,
        "z_max": 9.600000000000001,
        "height": 3.200000000000001,
        "volume_m3": 240.00000000000009,
        "data_status": "DEMO / SYNTHETIC"
      },
      "geometry": {
        "type": "Polygon",
        "coordinates": [
          [
            [
              80.20455183329555,
              13.08994826149919
            ],
            [
              80.20455183329555,
              13.08984664997295
            ],
            [
              80.20427675941828,
              13.08984664997295
            ],
            [
              80.2042919833035,
              13.089901049983
            ],
            [
              80.204269883304,
              13.0899069499837
            ],
            [
              80.2042842833056,
              13.0899594499833
            ],
            [
              80.2043624833038,
              13.0899388499807
            ],
            [
              80.2043778833054,
              13.0899940499802
            ],
            [
              80.20455183329555,
              13.08994826149919
            ]
          ]
        ]
      }
    },
    {
      "type": "Feature",
      "properties": {
        "unit_id": "B004-F03-U04",
        "floor_id": "B004-F03",
        "building_id": "B004",
        "parcel_id": "P000004",
        "demo_ulpin": "DEMO-TN-CHN-000004",
        "property_3d_id": "3D-CHN-P000004-B004-F03-U04",
        "area_sqm": 75.0,
        "z_min": 6.4,
        "z_max": 9.600000000000001,
        "height": 3.200000000000001,
        "volume_m3": 240.00000000000009,
        "data_status": "DEMO / SYNTHETIC"
      },
      "geometry": {
        "type": "Polygon",
        "coordinates": [
          [
            [
              80.2048295832948,
              13.0898751499655
            ],
            [
              80.20482180204594,
              13.08984664997295
            ],
            [
              80.20455183329555,
              13.08984664997295
            ],
            [
              80.20455183329555,
              13.08994826149919
            ],
            [
              80.2048295832948,
              13.0898751499655
            ]
          ]
        ]
      }
    },
    {
      "type": "Feature",
      "properties": {
        "unit_id": "B004-F04-U01",
        "floor_id": "B004-F04",
        "building_id": "B004",
        "parcel_id": "P000004",
        "demo_ulpin": "DEMO-TN-CHN-000004",
        "property_3d_id": "3D-CHN-P000004-B004-F04-U01",
        "area_sqm": 75.0,
        "z_min": 9.600000000000001,
        "z_max": 12.8,
        "height": 3.1999999999999993,
        "volume_m3": 239.99999999999994,
        "data_status": "DEMO / SYNTHETIC"
      },
      "geometry": {
        "type": "Polygon",
        "coordinates": [
          [
            [
              80.20427675941828,
              13.08984664997295
            ],
            [
              80.20455183329555,
              13.08984664997295
            ],
            [
              80.20455183329555,
              13.089772100797992
            ],
            [
              80.2045016832965,
              13.0897855499762
            ],
            [
              80.2044960832958,
              13.0897653499763
            ],
            [
              80.204403283298,
              13.0897897499794
            ],
            [
              80.2044019832979,
              13.0897851499794
            ],
            [
              80.204269483301,
              13.0898206499837
            ],
            [
              80.20427675941828,
              13.08984664997295
            ]
          ]
        ]
      }
    },
    {
      "type": "Feature",
      "properties": {
        "unit_id": "B004-F04-U02",
        "floor_id": "B004-F04",
        "building_id": "B004",
        "parcel_id": "P000004",
        "demo_ulpin": "DEMO-TN-CHN-000004",
        "property_3d_id": "3D-CHN-P000004-B004-F04-U02",
        "area_sqm": 75.0,
        "z_min": 9.600000000000001,
        "z_max": 12.8,
        "height": 3.1999999999999993,
        "volume_m3": 239.99999999999994,
        "data_status": "DEMO / SYNTHETIC"
      },
      "geometry": {
        "type": "Polygon",
        "coordinates": [
          [
            [
              80.2048234832889,
              13.0896992499657
            ],
            [
              80.20455183329555,
              13.089772100797992
            ],
            [
              80.20455183329555,
              13.08984664997295
            ],
            [
              80.20482180204594,
              13.08984664997295
            ],
            [
              80.2048212832939,
              13.0898447499657
            ],
            [
              80.2048278832938,
              13.0898430499655
            ],
            [
              80.2048012832909,
              13.0897479499664
            ],
            [
              80.2048341832901,
              13.0897392499653
            ],
            [
              80.2048234832889,
              13.0896992499657
            ]
          ]
        ]
      }
    },
    {
      "type": "Feature",
      "properties": {
        "unit_id": "B004-F04-U03",
        "floor_id": "B004-F04",
        "building_id": "B004",
        "parcel_id": "P000004",
        "demo_ulpin": "DEMO-TN-CHN-000004",
        "property_3d_id": "3D-CHN-P000004-B004-F04-U03",
        "area_sqm": 75.0,
        "z_min": 9.600000000000001,
        "z_max": 12.8,
        "height": 3.1999999999999993,
        "volume_m3": 239.99999999999994,
        "data_status": "DEMO / SYNTHETIC"
      },
      "geometry": {
        "type": "Polygon",
        "coordinates": [
          [
            [
              80.20455183329555,
              13.08994826149919
            ],
            [
              80.20455183329555,
              13.08984664997295
            ],
            [
              80.20427675941828,
              13.08984664997295
            ],
            [
              80.2042919833035,
              13.089901049983
            ],
            [
              80.204269883304,
              13.0899069499837
            ],
            [
              80.2042842833056,
              13.0899594499833
            ],
            [
              80.2043624833038,
              13.0899388499807
            ],
            [
              80.2043778833054,
              13.0899940499802
            ],
            [
              80.20455183329555,
              13.08994826149919
            ]
          ]
        ]
      }
    },
    {
      "type": "Feature",
      "properties": {
        "unit_id": "B004-F04-U04",
        "floor_id": "B004-F04",
        "building_id": "B004",
        "parcel_id": "P000004",
        "demo_ulpin": "DEMO-TN-CHN-000004",
        "property_3d_id": "3D-CHN-P000004-B004-F04-U04",
        "area_sqm": 75.0,
        "z_min": 9.600000000000001,
        "z_max": 12.8,
        "height": 3.1999999999999993,
        "volume_m3": 239.99999999999994,
        "data_status": "DEMO / SYNTHETIC"
      },
      "geometry": {
        "type": "Polygon",
        "coordinates": [
          [
            [
              80.2048295832948,
              13.0898751499655
            ],
            [
              80.20482180204594,
              13.08984664997295
            ],
            [
              80.20455183329555,
              13.08984664997295
            ],
            [
              80.20455183329555,
              13.08994826149919
            ],
            [
              80.2048295832948,
              13.0898751499655
            ]
          ]
        ]
      }
    },
    {
      "type": "Feature",
      "properties": {
        "unit_id": "B005-F01-U01",
        "floor_id": "B005-F01",
        "building_id": "B005",
        "parcel_id": "P000005",
        "demo_ulpin": "DEMO-TN-CHN-000005",
        "property_3d_id": "3D-CHN-P000005-B005-F01-U01",
        "area_sqm": 75.0,
        "z_min": 0.0,
        "z_max": 3.2,
        "height": 3.2,
        "volume_m3": 240.0,
        "data_status": "DEMO / SYNTHETIC"
      },
      "geometry": {
        "type": "Polygon",
        "coordinates": [
          [
            [
              80.20429259735613,
              13.08955499996675
            ],
            [
              80.20454543328485,
              13.08955499996675
            ],
            [
              80.20454543328485,
              13.0894692411821
            ],
            [
              80.2042871832877,
              13.0895344499758
            ],
            [
              80.20429259735613,
              13.08955499996675
            ]
          ]
        ]
      }
    },
    {
      "type": "Feature",
      "properties": {
        "unit_id": "B005-F01-U02",
        "floor_id": "B005-F01",
        "building_id": "B005",
        "parcel_id": "P000005",
        "demo_ulpin": "DEMO-TN-CHN-000005",
        "property_3d_id": "3D-CHN-P000005-B005-F01-U02",
        "area_sqm": 75.0,
        "z_min": 0.0,
        "z_max": 3.2,
        "height": 3.2,
        "volume_m3": 240.0,
        "data_status": "DEMO / SYNTHETIC"
      },
      "geometry": {
        "type": "Polygon",
        "coordinates": [
          [
            [
              80.2047846832797,
              13.0895124499595
            ],
            [
              80.2048022832793,
              13.0895079499589
            ],
            [
              80.2047766832764,
              13.0894108499598
            ],
            [
              80.20454543328485,
              13.0894692411821
            ],
            [
              80.20454543328485,
              13.08955499996675
            ],
            [
              80.2047958651641,
              13.08955499996675
            ],
            [
              80.2047846832797,
              13.0895124499595
            ]
          ]
        ]
      }
    },
    {
      "type": "Feature",
      "properties": {
        "unit_id": "B005-F01-U03",
        "floor_id": "B005-F01",
        "building_id": "B005",
        "parcel_id": "P000005",
        "demo_ulpin": "DEMO-TN-CHN-000005",
        "property_3d_id": "3D-CHN-P000005-B005-F01-U03",
        "area_sqm": 75.0,
        "z_min": 0.0,
        "z_max": 3.2,
        "height": 3.2,
        "volume_m3": 240.0,
        "data_status": "DEMO / SYNTHETIC"
      },
      "geometry": {
        "type": "Polygon",
        "coordinates": [
          [
            [
              80.20454543328485,
              13.089649982469773
            ],
            [
              80.20454543328485,
              13.08955499996675
            ],
            [
              80.20429259735613,
              13.08955499996675
            ],
            [
              80.2043194832914,
              13.0896570499747
            ],
            [
              80.204338483291,
              13.0896522499741
            ],
            [
              80.2043507832924,
              13.0896991499737
            ],
            [
              80.20454543328485,
              13.089649982469773
            ]
          ]
        ]
      }
    },
    {
      "type": "Feature",
      "properties": {
        "unit_id": "B005-F01-U04",
        "floor_id": "B005-F01",
        "building_id": "B005",
        "parcel_id": "P000005",
        "demo_ulpin": "DEMO-TN-CHN-000005",
        "property_3d_id": "3D-CHN-P000005-B005-F01-U04",
        "area_sqm": 75.0,
        "z_min": 0.0,
        "z_max": 3.2,
        "height": 3.2,
        "volume_m3": 240.0,
        "data_status": "DEMO / SYNTHETIC"
      },
      "geometry": {
        "type": "Polygon",
        "coordinates": [
          [
            [
              80.2047958651641,
              13.08955499996675
            ],
            [
              80.20454543328485,
              13.08955499996675
            ],
            [
              80.20454543328485,
              13.089649982469773
            ],
            [
              80.204803683282,
              13.0895847499589
            ],
            [
              80.2047958651641,
              13.08955499996675
            ]
          ]
        ]
      }
    },
    {
      "type": "Feature",
      "properties": {
        "unit_id": "B005-F02-U01",
        "floor_id": "B005-F02",
        "building_id": "B005",
        "parcel_id": "P000005",
        "demo_ulpin": "DEMO-TN-CHN-000005",
        "property_3d_id": "3D-CHN-P000005-B005-F02-U01",
        "area_sqm": 75.0,
        "z_min": 3.2,
        "z_max": 6.4,
        "height": 3.2,
        "volume_m3": 240.0,
        "data_status": "DEMO / SYNTHETIC"
      },
      "geometry": {
        "type": "Polygon",
        "coordinates": [
          [
            [
              80.20429259735613,
              13.08955499996675
            ],
            [
              80.20454543328485,
              13.08955499996675
            ],
            [
              80.20454543328485,
              13.0894692411821
            ],
            [
              80.2042871832877,
              13.0895344499758
            ],
            [
              80.20429259735613,
              13.08955499996675
            ]
          ]
        ]
      }
    },
    {
      "type": "Feature",
      "properties": {
        "unit_id": "B005-F02-U02",
        "floor_id": "B005-F02",
        "building_id": "B005",
        "parcel_id": "P000005",
        "demo_ulpin": "DEMO-TN-CHN-000005",
        "property_3d_id": "3D-CHN-P000005-B005-F02-U02",
        "area_sqm": 75.0,
        "z_min": 3.2,
        "z_max": 6.4,
        "height": 3.2,
        "volume_m3": 240.0,
        "data_status": "DEMO / SYNTHETIC"
      },
      "geometry": {
        "type": "Polygon",
        "coordinates": [
          [
            [
              80.2047846832797,
              13.0895124499595
            ],
            [
              80.2048022832793,
              13.0895079499589
            ],
            [
              80.2047766832764,
              13.0894108499598
            ],
            [
              80.20454543328485,
              13.0894692411821
            ],
            [
              80.20454543328485,
              13.08955499996675
            ],
            [
              80.2047958651641,
              13.08955499996675
            ],
            [
              80.2047846832797,
              13.0895124499595
            ]
          ]
        ]
      }
    },
    {
      "type": "Feature",
      "properties": {
        "unit_id": "B005-F02-U03",
        "floor_id": "B005-F02",
        "building_id": "B005",
        "parcel_id": "P000005",
        "demo_ulpin": "DEMO-TN-CHN-000005",
        "property_3d_id": "3D-CHN-P000005-B005-F02-U03",
        "area_sqm": 75.0,
        "z_min": 3.2,
        "z_max": 6.4,
        "height": 3.2,
        "volume_m3": 240.0,
        "data_status": "DEMO / SYNTHETIC"
      },
      "geometry": {
        "type": "Polygon",
        "coordinates": [
          [
            [
              80.20454543328485,
              13.089649982469773
            ],
            [
              80.20454543328485,
              13.08955499996675
            ],
            [
              80.20429259735613,
              13.08955499996675
            ],
            [
              80.2043194832914,
              13.0896570499747
            ],
            [
              80.204338483291,
              13.0896522499741
            ],
            [
              80.2043507832924,
              13.0896991499737
            ],
            [
              80.20454543328485,
              13.089649982469773
            ]
          ]
        ]
      }
    },
    {
      "type": "Feature",
      "properties": {
        "unit_id": "B005-F02-U04",
        "floor_id": "B005-F02",
        "building_id": "B005",
        "parcel_id": "P000005",
        "demo_ulpin": "DEMO-TN-CHN-000005",
        "property_3d_id": "3D-CHN-P000005-B005-F02-U04",
        "area_sqm": 75.0,
        "z_min": 3.2,
        "z_max": 6.4,
        "height": 3.2,
        "volume_m3": 240.0,
        "data_status": "DEMO / SYNTHETIC"
      },
      "geometry": {
        "type": "Polygon",
        "coordinates": [
          [
            [
              80.2047958651641,
              13.08955499996675
            ],
            [
              80.20454543328485,
              13.08955499996675
            ],
            [
              80.20454543328485,
              13.089649982469773
            ],
            [
              80.204803683282,
              13.0895847499589
            ],
            [
              80.2047958651641,
              13.08955499996675
            ]
          ]
        ]
      }
    },
    {
      "type": "Feature",
      "properties": {
        "unit_id": "B006-F01-U01",
        "floor_id": "B006-F01",
        "building_id": "B006",
        "parcel_id": "P000006",
        "demo_ulpin": "DEMO-TN-CHN-000006",
        "property_3d_id": "3D-CHN-P000006-B006-F01-U01",
        "area_sqm": 75.0,
        "z_min": 0.0,
        "z_max": 3.2,
        "height": 3.2,
        "volume_m3": 240.0,
        "data_status": "DEMO / SYNTHETIC"
      },
      "geometry": {
        "type": "Polygon",
        "coordinates": [
          [
            [
              80.20381824081882,
              13.082482268683648
            ],
            [
              80.20402455215205,
              13.082482268683648
            ],
            [
              80.20402455215205,
              13.082385252998355
            ],
            [
              80.2038140467166,
              13.0823949716254
            ],
            [
              80.20381824081882,
              13.082482268683648
            ]
          ]
        ]
      }
    },
    {
      "type": "Feature",
      "properties": {
        "unit_id": "B006-F01-U02",
        "floor_id": "B006-F01",
        "building_id": "B006",
        "parcel_id": "P000006",
        "demo_ulpin": "DEMO-TN-CHN-000006",
        "property_3d_id": "3D-CHN-P000006-B006-F01-U02",
        "area_sqm": 75.0,
        "z_min": 0.0,
        "z_max": 3.2,
        "height": 3.2,
        "volume_m3": 240.0,
        "data_status": "DEMO / SYNTHETIC"
      },
      "geometry": {
        "type": "Polygon",
        "coordinates": [
          [
            [
              80.20402455215205,
              13.082385252998355
            ],
            [
              80.20402455215205,
              13.082482268683648
            ],
            [
              80.2042302873539,
              13.082482268683648
            ],
            [
              80.204225181138,
              13.0823759903478
            ],
            [
              80.20402455215205,
              13.082385252998355
            ]
          ]
        ]
      }
    },
    {
      "type": "Feature",
      "properties": {
        "unit_id": "B006-F01-U03",
        "floor_id": "B006-F01",
        "building_id": "B006",
        "parcel_id": "P000006",
        "demo_ulpin": "DEMO-TN-CHN-000006",
        "property_3d_id": "3D-CHN-P000006-B006-F01-U03",
        "area_sqm": 75.0,
        "z_min": 0.0,
        "z_max": 3.2,
        "height": 3.2,
        "volume_m3": 240.0,
        "data_status": "DEMO / SYNTHETIC"
      },
      "geometry": {
        "type": "Polygon",
        "coordinates": [
          [
            [
              80.2038229595382,
              13.0825804852506
            ],
            [
              80.20402455215205,
              13.082571178179615
            ],
            [
              80.20402455215205,
              13.082482268683648
            ],
            [
              80.20381824081882,
              13.082482268683648
            ],
            [
              80.2038229595382,
              13.0825804852506
            ]
          ]
        ]
      }
    },
    {
      "type": "Feature",
      "properties": {
        "unit_id": "B006-F01-U04",
        "floor_id": "B006-F01",
        "building_id": "B006",
        "parcel_id": "P000006",
        "demo_ulpin": "DEMO-TN-CHN-000006",
        "property_3d_id": "3D-CHN-P000006-B006-F01-U04",
        "area_sqm": 75.0,
        "z_min": 0.0,
        "z_max": 3.2,
        "height": 3.2,
        "volume_m3": 240.0,
        "data_status": "DEMO / SYNTHETIC"
      },
      "geometry": {
        "type": "Polygon",
        "coordinates": [
          [
            [
              80.2042350575875,
              13.0825815540445
            ],
            [
              80.2042302873539,
              13.082482268683648
            ],
            [
              80.20402455215205,
              13.082482268683648
            ],
            [
              80.20402455215205,
              13.082571178179615
            ],
            [
              80.2040826279596,
              13.0825684969521
            ],
            [
              80.2040835912671,
              13.0825885470195
            ],
            [
              80.2042350575875,
              13.0825815540445
            ]
          ]
        ]
      }
    },
    {
      "type": "Feature",
      "properties": {
        "unit_id": "B006-F02-U01",
        "floor_id": "B006-F02",
        "building_id": "B006",
        "parcel_id": "P000006",
        "demo_ulpin": "DEMO-TN-CHN-000006",
        "property_3d_id": "3D-CHN-P000006-B006-F02-U01",
        "area_sqm": 75.0,
        "z_min": 3.2,
        "z_max": 6.4,
        "height": 3.2,
        "volume_m3": 240.0,
        "data_status": "DEMO / SYNTHETIC"
      },
      "geometry": {
        "type": "Polygon",
        "coordinates": [
          [
            [
              80.20381824081882,
              13.082482268683648
            ],
            [
              80.20402455215205,
              13.082482268683648
            ],
            [
              80.20402455215205,
              13.082385252998355
            ],
            [
              80.2038140467166,
              13.0823949716254
            ],
            [
              80.20381824081882,
              13.082482268683648
            ]
          ]
        ]
      }
    },
    {
      "type": "Feature",
      "properties": {
        "unit_id": "B006-F02-U02",
        "floor_id": "B006-F02",
        "building_id": "B006",
        "parcel_id": "P000006",
        "demo_ulpin": "DEMO-TN-CHN-000006",
        "property_3d_id": "3D-CHN-P000006-B006-F02-U02",
        "area_sqm": 75.0,
        "z_min": 3.2,
        "z_max": 6.4,
        "height": 3.2,
        "volume_m3": 240.0,
        "data_status": "DEMO / SYNTHETIC"
      },
      "geometry": {
        "type": "Polygon",
        "coordinates": [
          [
            [
              80.20402455215205,
              13.082385252998355
            ],
            [
              80.20402455215205,
              13.082482268683648
            ],
            [
              80.2042302873539,
              13.082482268683648
            ],
            [
              80.204225181138,
              13.0823759903478
            ],
            [
              80.20402455215205,
              13.082385252998355
            ]
          ]
        ]
      }
    },
    {
      "type": "Feature",
      "properties": {
        "unit_id": "B006-F02-U03",
        "floor_id": "B006-F02",
        "building_id": "B006",
        "parcel_id": "P000006",
        "demo_ulpin": "DEMO-TN-CHN-000006",
        "property_3d_id": "3D-CHN-P000006-B006-F02-U03",
        "area_sqm": 75.0,
        "z_min": 3.2,
        "z_max": 6.4,
        "height": 3.2,
        "volume_m3": 240.0,
        "data_status": "DEMO / SYNTHETIC"
      },
      "geometry": {
        "type": "Polygon",
        "coordinates": [
          [
            [
              80.2038229595382,
              13.0825804852506
            ],
            [
              80.20402455215205,
              13.082571178179615
            ],
            [
              80.20402455215205,
              13.082482268683648
            ],
            [
              80.20381824081882,
              13.082482268683648
            ],
            [
              80.2038229595382,
              13.0825804852506
            ]
          ]
        ]
      }
    },
    {
      "type": "Feature",
      "properties": {
        "unit_id": "B006-F02-U04",
        "floor_id": "B006-F02",
        "building_id": "B006",
        "parcel_id": "P000006",
        "demo_ulpin": "DEMO-TN-CHN-000006",
        "property_3d_id": "3D-CHN-P000006-B006-F02-U04",
        "area_sqm": 75.0,
        "z_min": 3.2,
        "z_max": 6.4,
        "height": 3.2,
        "volume_m3": 240.0,
        "data_status": "DEMO / SYNTHETIC"
      },
      "geometry": {
        "type": "Polygon",
        "coordinates": [
          [
            [
              80.2042350575875,
              13.0825815540445
            ],
            [
              80.2042302873539,
              13.082482268683648
            ],
            [
              80.20402455215205,
              13.082482268683648
            ],
            [
              80.20402455215205,
              13.082571178179615
            ],
            [
              80.2040826279596,
              13.0825684969521
            ],
            [
              80.2040835912671,
              13.0825885470195
            ],
            [
              80.2042350575875,
              13.0825815540445
            ]
          ]
        ]
      }
    },
    {
      "type": "Feature",
      "properties": {
        "unit_id": "B006-F03-U01",
        "floor_id": "B006-F03",
        "building_id": "B006",
        "parcel_id": "P000006",
        "demo_ulpin": "DEMO-TN-CHN-000006",
        "property_3d_id": "3D-CHN-P000006-B006-F03-U01",
        "area_sqm": 75.0,
        "z_min": 6.4,
        "z_max": 9.600000000000001,
        "height": 3.200000000000001,
        "volume_m3": 240.00000000000009,
        "data_status": "DEMO / SYNTHETIC"
      },
      "geometry": {
        "type": "Polygon",
        "coordinates": [
          [
            [
              80.20381824081882,
              13.082482268683648
            ],
            [
              80.20402455215205,
              13.082482268683648
            ],
            [
              80.20402455215205,
              13.082385252998355
            ],
            [
              80.2038140467166,
              13.0823949716254
            ],
            [
              80.20381824081882,
              13.082482268683648
            ]
          ]
        ]
      }
    },
    {
      "type": "Feature",
      "properties": {
        "unit_id": "B006-F03-U02",
        "floor_id": "B006-F03",
        "building_id": "B006",
        "parcel_id": "P000006",
        "demo_ulpin": "DEMO-TN-CHN-000006",
        "property_3d_id": "3D-CHN-P000006-B006-F03-U02",
        "area_sqm": 75.0,
        "z_min": 6.4,
        "z_max": 9.600000000000001,
        "height": 3.200000000000001,
        "volume_m3": 240.00000000000009,
        "data_status": "DEMO / SYNTHETIC"
      },
      "geometry": {
        "type": "Polygon",
        "coordinates": [
          [
            [
              80.20402455215205,
              13.082385252998355
            ],
            [
              80.20402455215205,
              13.082482268683648
            ],
            [
              80.2042302873539,
              13.082482268683648
            ],
            [
              80.204225181138,
              13.0823759903478
            ],
            [
              80.20402455215205,
              13.082385252998355
            ]
          ]
        ]
      }
    },
    {
      "type": "Feature",
      "properties": {
        "unit_id": "B006-F03-U03",
        "floor_id": "B006-F03",
        "building_id": "B006",
        "parcel_id": "P000006",
        "demo_ulpin": "DEMO-TN-CHN-000006",
        "property_3d_id": "3D-CHN-P000006-B006-F03-U03",
        "area_sqm": 75.0,
        "z_min": 6.4,
        "z_max": 9.600000000000001,
        "height": 3.200000000000001,
        "volume_m3": 240.00000000000009,
        "data_status": "DEMO / SYNTHETIC"
      },
      "geometry": {
        "type": "Polygon",
        "coordinates": [
          [
            [
              80.2038229595382,
              13.0825804852506
            ],
            [
              80.20402455215205,
              13.082571178179615
            ],
            [
              80.20402455215205,
              13.082482268683648
            ],
            [
              80.20381824081882,
              13.082482268683648
            ],
            [
              80.2038229595382,
              13.0825804852506
            ]
          ]
        ]
      }
    },
    {
      "type": "Feature",
      "properties": {
        "unit_id": "B006-F03-U04",
        "floor_id": "B006-F03",
        "building_id": "B006",
        "parcel_id": "P000006",
        "demo_ulpin": "DEMO-TN-CHN-000006",
        "property_3d_id": "3D-CHN-P000006-B006-F03-U04",
        "area_sqm": 75.0,
        "z_min": 6.4,
        "z_max": 9.600000000000001,
        "height": 3.200000000000001,
        "volume_m3": 240.00000000000009,
        "data_status": "DEMO / SYNTHETIC"
      },
      "geometry": {
        "type": "Polygon",
        "coordinates": [
          [
            [
              80.2042350575875,
              13.0825815540445
            ],
            [
              80.2042302873539,
              13.082482268683648
            ],
            [
              80.20402455215205,
              13.082482268683648
            ],
            [
              80.20402455215205,
              13.082571178179615
            ],
            [
              80.2040826279596,
              13.0825684969521
            ],
            [
              80.2040835912671,
              13.0825885470195
            ],
            [
              80.2042350575875,
              13.0825815540445
            ]
          ]
        ]
      }
    },
    {
      "type": "Feature",
      "properties": {
        "unit_id": "B006-F04-U01",
        "floor_id": "B006-F04",
        "building_id": "B006",
        "parcel_id": "P000006",
        "demo_ulpin": "DEMO-TN-CHN-000006",
        "property_3d_id": "3D-CHN-P000006-B006-F04-U01",
        "area_sqm": 75.0,
        "z_min": 9.600000000000001,
        "z_max": 12.8,
        "height": 3.1999999999999993,
        "volume_m3": 239.99999999999994,
        "data_status": "DEMO / SYNTHETIC"
      },
      "geometry": {
        "type": "Polygon",
        "coordinates": [
          [
            [
              80.20381824081882,
              13.082482268683648
            ],
            [
              80.20402455215205,
              13.082482268683648
            ],
            [
              80.20402455215205,
              13.082385252998355
            ],
            [
              80.2038140467166,
              13.0823949716254
            ],
            [
              80.20381824081882,
              13.082482268683648
            ]
          ]
        ]
      }
    },
    {
      "type": "Feature",
      "properties": {
        "unit_id": "B006-F04-U02",
        "floor_id": "B006-F04",
        "building_id": "B006",
        "parcel_id": "P000006",
        "demo_ulpin": "DEMO-TN-CHN-000006",
        "property_3d_id": "3D-CHN-P000006-B006-F04-U02",
        "area_sqm": 75.0,
        "z_min": 9.600000000000001,
        "z_max": 12.8,
        "height": 3.1999999999999993,
        "volume_m3": 239.99999999999994,
        "data_status": "DEMO / SYNTHETIC"
      },
      "geometry": {
        "type": "Polygon",
        "coordinates": [
          [
            [
              80.20402455215205,
              13.082385252998355
            ],
            [
              80.20402455215205,
              13.082482268683648
            ],
            [
              80.2042302873539,
              13.082482268683648
            ],
            [
              80.204225181138,
              13.0823759903478
            ],
            [
              80.20402455215205,
              13.082385252998355
            ]
          ]
        ]
      }
    },
    {
      "type": "Feature",
      "properties": {
        "unit_id": "B006-F04-U03",
        "floor_id": "B006-F04",
        "building_id": "B006",
        "parcel_id": "P000006",
        "demo_ulpin": "DEMO-TN-CHN-000006",
        "property_3d_id": "3D-CHN-P000006-B006-F04-U03",
        "area_sqm": 75.0,
        "z_min": 9.600000000000001,
        "z_max": 12.8,
        "height": 3.1999999999999993,
        "volume_m3": 239.99999999999994,
        "data_status": "DEMO / SYNTHETIC"
      },
      "geometry": {
        "type": "Polygon",
        "coordinates": [
          [
            [
              80.2038229595382,
              13.0825804852506
            ],
            [
              80.20402455215205,
              13.082571178179615
            ],
            [
              80.20402455215205,
              13.082482268683648
            ],
            [
              80.20381824081882,
              13.082482268683648
            ],
            [
              80.2038229595382,
              13.0825804852506
            ]
          ]
        ]
      }
    },
    {
      "type": "Feature",
      "properties": {
        "unit_id": "B006-F04-U04",
        "floor_id": "B006-F04",
        "building_id": "B006",
        "parcel_id": "P000006",
        "demo_ulpin": "DEMO-TN-CHN-000006",
        "property_3d_id": "3D-CHN-P000006-B006-F04-U04",
        "area_sqm": 75.0,
        "z_min": 9.600000000000001,
        "z_max": 12.8,
        "height": 3.1999999999999993,
        "volume_m3": 239.99999999999994,
        "data_status": "DEMO / SYNTHETIC"
      },
      "geometry": {
        "type": "Polygon",
        "coordinates": [
          [
            [
              80.2042350575875,
              13.0825815540445
            ],
            [
              80.2042302873539,
              13.082482268683648
            ],
            [
              80.20402455215205,
              13.082482268683648
            ],
            [
              80.20402455215205,
              13.082571178179615
            ],
            [
              80.2040826279596,
              13.0825684969521
            ],
            [
              80.2040835912671,
              13.0825885470195
            ],
            [
              80.2042350575875,
              13.0825815540445
            ]
          ]
        ]
      }
    },
    {
      "type": "Feature",
      "properties": {
        "unit_id": "B006-F05-U01",
        "floor_id": "B006-F05",
        "building_id": "B006",
        "parcel_id": "P000006",
        "demo_ulpin": "DEMO-TN-CHN-000006",
        "property_3d_id": "3D-CHN-P000006-B006-F05-U01",
        "area_sqm": 75.0,
        "z_min": 12.8,
        "z_max": 16.0,
        "height": 3.1999999999999993,
        "volume_m3": 239.99999999999994,
        "data_status": "DEMO / SYNTHETIC"
      },
      "geometry": {
        "type": "Polygon",
        "coordinates": [
          [
            [
              80.20381824081882,
              13.082482268683648
            ],
            [
              80.20402455215205,
              13.082482268683648
            ],
            [
              80.20402455215205,
              13.082385252998355
            ],
            [
              80.2038140467166,
              13.0823949716254
            ],
            [
              80.20381824081882,
              13.082482268683648
            ]
          ]
        ]
      }
    },
    {
      "type": "Feature",
      "properties": {
        "unit_id": "B006-F05-U02",
        "floor_id": "B006-F05",
        "building_id": "B006",
        "parcel_id": "P000006",
        "demo_ulpin": "DEMO-TN-CHN-000006",
        "property_3d_id": "3D-CHN-P000006-B006-F05-U02",
        "area_sqm": 75.0,
        "z_min": 12.8,
        "z_max": 16.0,
        "height": 3.1999999999999993,
        "volume_m3": 239.99999999999994,
        "data_status": "DEMO / SYNTHETIC"
      },
      "geometry": {
        "type": "Polygon",
        "coordinates": [
          [
            [
              80.20402455215205,
              13.082385252998355
            ],
            [
              80.20402455215205,
              13.082482268683648
            ],
            [
              80.2042302873539,
              13.082482268683648
            ],
            [
              80.204225181138,
              13.0823759903478
            ],
            [
              80.20402455215205,
              13.082385252998355
            ]
          ]
        ]
      }
    },
    {
      "type": "Feature",
      "properties": {
        "unit_id": "B006-F05-U03",
        "floor_id": "B006-F05",
        "building_id": "B006",
        "parcel_id": "P000006",
        "demo_ulpin": "DEMO-TN-CHN-000006",
        "property_3d_id": "3D-CHN-P000006-B006-F05-U03",
        "area_sqm": 75.0,
        "z_min": 12.8,
        "z_max": 16.0,
        "height": 3.1999999999999993,
        "volume_m3": 239.99999999999994,
        "data_status": "DEMO / SYNTHETIC"
      },
      "geometry": {
        "type": "Polygon",
        "coordinates": [
          [
            [
              80.2038229595382,
              13.0825804852506
            ],
            [
              80.20402455215205,
              13.082571178179615
            ],
            [
              80.20402455215205,
              13.082482268683648
            ],
            [
              80.20381824081882,
              13.082482268683648
            ],
            [
              80.2038229595382,
              13.0825804852506
            ]
          ]
        ]
      }
    },
    {
      "type": "Feature",
      "properties": {
        "unit_id": "B006-F05-U04",
        "floor_id": "B006-F05",
        "building_id": "B006",
        "parcel_id": "P000006",
        "demo_ulpin": "DEMO-TN-CHN-000006",
        "property_3d_id": "3D-CHN-P000006-B006-F05-U04",
        "area_sqm": 75.0,
        "z_min": 12.8,
        "z_max": 16.0,
        "height": 3.1999999999999993,
        "volume_m3": 239.99999999999994,
        "data_status": "DEMO / SYNTHETIC"
      },
      "geometry": {
        "type": "Polygon",
        "coordinates": [
          [
            [
              80.2042350575875,
              13.0825815540445
            ],
            [
              80.2042302873539,
              13.082482268683648
            ],
            [
              80.20402455215205,
              13.082482268683648
            ],
            [
              80.20402455215205,
              13.082571178179615
            ],
            [
              80.2040826279596,
              13.0825684969521
            ],
            [
              80.2040835912671,
              13.0825885470195
            ],
            [
              80.2042350575875,
              13.0825815540445
            ]
          ]
        ]
      }
    },
    {
      "type": "Feature",
      "properties": {
        "unit_id": "B007-F01-U01",
        "floor_id": "B007-F01",
        "building_id": "B007",
        "parcel_id": "P000007",
        "demo_ulpin": "DEMO-TN-CHN-000007",
        "property_3d_id": "3D-CHN-P000007-B007-F01-U01",
        "area_sqm": 75.0,
        "z_min": 0.0,
        "z_max": 3.2,
        "height": 3.2,
        "volume_m3": 240.0,
        "data_status": "DEMO / SYNTHETIC"
      },
      "geometry": {
        "type": "Polygon",
        "coordinates": [
          [
            [
              80.20437928765736,
              13.0889046999505
            ],
            [
              80.20459633325504,
              13.0889046999505
            ],
            [
              80.20459633325504,
              13.088804159633543
            ],
            [
              80.2044602832531,
              13.0888124499538
            ],
            [
              80.2044629832545,
              13.0888551499537
            ],
            [
              80.2044227832552,
              13.088857549955
            ],
            [
              80.2044214832545,
              13.0888372499551
            ],
            [
              80.2043955832549,
              13.0888388499559
            ],
            [
              80.2043968832556,
              13.0888591499559
            ],
            [
              80.204376483256,
              13.0888603499565
            ],
            [
              80.20437928765736,
              13.0889046999505
            ]
          ]
        ]
      }
    },
    {
      "type": "Feature",
      "properties": {
        "unit_id": "B007-F01-U02",
        "floor_id": "B007-F01",
        "building_id": "B007",
        "parcel_id": "P000007",
        "demo_ulpin": "DEMO-TN-CHN-000007",
        "property_3d_id": "3D-CHN-P000007-B007-F01-U02",
        "area_sqm": 75.0,
        "z_min": 0.0,
        "z_max": 3.2,
        "height": 3.2,
        "volume_m3": 240.0,
        "data_status": "DEMO / SYNTHETIC"
      },
      "geometry": {
        "type": "Polygon",
        "coordinates": [
          [
            [
              80.20459633325504,
              13.088804159633543
            ],
            [
              80.20459633325504,
              13.0889046999505
            ],
            [
              80.2048108432647,
              13.0889046999505
            ],
            [
              80.2048063832489,
              13.0888342499425
            ],
            [
              80.20473878325,
              13.0888383499447
            ],
            [
              80.2047359832486,
              13.0887956499448
            ],
            [
              80.20459633325504,
              13.088804159633543
            ]
          ]
        ]
      }
    },
    {
      "type": "Feature",
      "properties": {
        "unit_id": "B007-F01-U03",
        "floor_id": "B007-F01",
        "building_id": "B007",
        "parcel_id": "P000007",
        "demo_ulpin": "DEMO-TN-CHN-000007",
        "property_3d_id": "3D-CHN-P000007-B007-F01-U03",
        "area_sqm": 75.0,
        "z_min": 0.0,
        "z_max": 3.2,
        "height": 3.2,
        "volume_m3": 240.0,
        "data_status": "DEMO / SYNTHETIC"
      },
      "geometry": {
        "type": "Polygon",
        "coordinates": [
          [
            [
              80.2044324832603,
              13.0890108499547
            ],
            [
              80.2044325832604,
              13.0890123499547
            ],
            [
              80.20459633325504,
              13.08900240371647
            ],
            [
              80.20459633325504,
              13.0889046999505
            ],
            [
              80.20437928765736,
              13.0889046999505
            ],
            [
              80.2043861832611,
              13.0890137499562
            ],
            [
              80.2044324832603,
              13.0890108499547
            ]
          ]
        ]
      }
    },
    {
      "type": "Feature",
      "properties": {
        "unit_id": "B007-F01-U04",
        "floor_id": "B007-F01",
        "building_id": "B007",
        "parcel_id": "P000007",
        "demo_ulpin": "DEMO-TN-CHN-000007",
        "property_3d_id": "3D-CHN-P000007-B007-F01-U04",
        "area_sqm": 75.0,
        "z_min": 0.0,
        "z_max": 3.2,
        "height": 3.2,
        "volume_m3": 240.0,
        "data_status": "DEMO / SYNTHETIC"
      },
      "geometry": {
        "type": "Polygon",
        "coordinates": [
          [
            [
              80.2048161832541,
              13.0889890499422
            ],
            [
              80.2048108432647,
              13.0889046999505
            ],
            [
              80.20459633325504,
              13.0889046999505
            ],
            [
              80.20459633325504,
              13.08900240371647
            ],
            [
              80.2048161832541,
              13.0889890499422
            ]
          ]
        ]
      }
    },
    {
      "type": "Feature",
      "properties": {
        "unit_id": "B007-F02-U01",
        "floor_id": "B007-F02",
        "building_id": "B007",
        "parcel_id": "P000007",
        "demo_ulpin": "DEMO-TN-CHN-000007",
        "property_3d_id": "3D-CHN-P000007-B007-F02-U01",
        "area_sqm": 75.0,
        "z_min": 3.2,
        "z_max": 6.4,
        "height": 3.2,
        "volume_m3": 240.0,
        "data_status": "DEMO / SYNTHETIC"
      },
      "geometry": {
        "type": "Polygon",
        "coordinates": [
          [
            [
              80.20437928765736,
              13.0889046999505
            ],
            [
              80.20459633325504,
              13.0889046999505
            ],
            [
              80.20459633325504,
              13.088804159633543
            ],
            [
              80.2044602832531,
              13.0888124499538
            ],
            [
              80.2044629832545,
              13.0888551499537
            ],
            [
              80.2044227832552,
              13.088857549955
            ],
            [
              80.2044214832545,
              13.0888372499551
            ],
            [
              80.2043955832549,
              13.0888388499559
            ],
            [
              80.2043968832556,
              13.0888591499559
            ],
            [
              80.204376483256,
              13.0888603499565
            ],
            [
              80.20437928765736,
              13.0889046999505
            ]
          ]
        ]
      }
    },
    {
      "type": "Feature",
      "properties": {
        "unit_id": "B007-F02-U02",
        "floor_id": "B007-F02",
        "building_id": "B007",
        "parcel_id": "P000007",
        "demo_ulpin": "DEMO-TN-CHN-000007",
        "property_3d_id": "3D-CHN-P000007-B007-F02-U02",
        "area_sqm": 75.0,
        "z_min": 3.2,
        "z_max": 6.4,
        "height": 3.2,
        "volume_m3": 240.0,
        "data_status": "DEMO / SYNTHETIC"
      },
      "geometry": {
        "type": "Polygon",
        "coordinates": [
          [
            [
              80.20459633325504,
              13.088804159633543
            ],
            [
              80.20459633325504,
              13.0889046999505
            ],
            [
              80.2048108432647,
              13.0889046999505
            ],
            [
              80.2048063832489,
              13.0888342499425
            ],
            [
              80.20473878325,
              13.0888383499447
            ],
            [
              80.2047359832486,
              13.0887956499448
            ],
            [
              80.20459633325504,
              13.088804159633543
            ]
          ]
        ]
      }
    },
    {
      "type": "Feature",
      "properties": {
        "unit_id": "B007-F02-U03",
        "floor_id": "B007-F02",
        "building_id": "B007",
        "parcel_id": "P000007",
        "demo_ulpin": "DEMO-TN-CHN-000007",
        "property_3d_id": "3D-CHN-P000007-B007-F02-U03",
        "area_sqm": 75.0,
        "z_min": 3.2,
        "z_max": 6.4,
        "height": 3.2,
        "volume_m3": 240.0,
        "data_status": "DEMO / SYNTHETIC"
      },
      "geometry": {
        "type": "Polygon",
        "coordinates": [
          [
            [
              80.2044324832603,
              13.0890108499547
            ],
            [
              80.2044325832604,
              13.0890123499547
            ],
            [
              80.20459633325504,
              13.08900240371647
            ],
            [
              80.20459633325504,
              13.0889046999505
            ],
            [
              80.20437928765736,
              13.0889046999505
            ],
            [
              80.2043861832611,
              13.0890137499562
            ],
            [
              80.2044324832603,
              13.0890108499547
            ]
          ]
        ]
      }
    },
    {
      "type": "Feature",
      "properties": {
        "unit_id": "B007-F02-U04",
        "floor_id": "B007-F02",
        "building_id": "B007",
        "parcel_id": "P000007",
        "demo_ulpin": "DEMO-TN-CHN-000007",
        "property_3d_id": "3D-CHN-P000007-B007-F02-U04",
        "area_sqm": 75.0,
        "z_min": 3.2,
        "z_max": 6.4,
        "height": 3.2,
        "volume_m3": 240.0,
        "data_status": "DEMO / SYNTHETIC"
      },
      "geometry": {
        "type": "Polygon",
        "coordinates": [
          [
            [
              80.2048161832541,
              13.0889890499422
            ],
            [
              80.2048108432647,
              13.0889046999505
            ],
            [
              80.20459633325504,
              13.0889046999505
            ],
            [
              80.20459633325504,
              13.08900240371647
            ],
            [
              80.2048161832541,
              13.0889890499422
            ]
          ]
        ]
      }
    },
    {
      "type": "Feature",
      "properties": {
        "unit_id": "B007-F03-U01",
        "floor_id": "B007-F03",
        "building_id": "B007",
        "parcel_id": "P000007",
        "demo_ulpin": "DEMO-TN-CHN-000007",
        "property_3d_id": "3D-CHN-P000007-B007-F03-U01",
        "area_sqm": 75.0,
        "z_min": 6.4,
        "z_max": 9.600000000000001,
        "height": 3.200000000000001,
        "volume_m3": 240.00000000000009,
        "data_status": "DEMO / SYNTHETIC"
      },
      "geometry": {
        "type": "Polygon",
        "coordinates": [
          [
            [
              80.20437928765736,
              13.0889046999505
            ],
            [
              80.20459633325504,
              13.0889046999505
            ],
            [
              80.20459633325504,
              13.088804159633543
            ],
            [
              80.2044602832531,
              13.0888124499538
            ],
            [
              80.2044629832545,
              13.0888551499537
            ],
            [
              80.2044227832552,
              13.088857549955
            ],
            [
              80.2044214832545,
              13.0888372499551
            ],
            [
              80.2043955832549,
              13.0888388499559
            ],
            [
              80.2043968832556,
              13.0888591499559
            ],
            [
              80.204376483256,
              13.0888603499565
            ],
            [
              80.20437928765736,
              13.0889046999505
            ]
          ]
        ]
      }
    },
    {
      "type": "Feature",
      "properties": {
        "unit_id": "B007-F03-U02",
        "floor_id": "B007-F03",
        "building_id": "B007",
        "parcel_id": "P000007",
        "demo_ulpin": "DEMO-TN-CHN-000007",
        "property_3d_id": "3D-CHN-P000007-B007-F03-U02",
        "area_sqm": 75.0,
        "z_min": 6.4,
        "z_max": 9.600000000000001,
        "height": 3.200000000000001,
        "volume_m3": 240.00000000000009,
        "data_status": "DEMO / SYNTHETIC"
      },
      "geometry": {
        "type": "Polygon",
        "coordinates": [
          [
            [
              80.20459633325504,
              13.088804159633543
            ],
            [
              80.20459633325504,
              13.0889046999505
            ],
            [
              80.2048108432647,
              13.0889046999505
            ],
            [
              80.2048063832489,
              13.0888342499425
            ],
            [
              80.20473878325,
              13.0888383499447
            ],
            [
              80.2047359832486,
              13.0887956499448
            ],
            [
              80.20459633325504,
              13.088804159633543
            ]
          ]
        ]
      }
    },
    {
      "type": "Feature",
      "properties": {
        "unit_id": "B007-F03-U03",
        "floor_id": "B007-F03",
        "building_id": "B007",
        "parcel_id": "P000007",
        "demo_ulpin": "DEMO-TN-CHN-000007",
        "property_3d_id": "3D-CHN-P000007-B007-F03-U03",
        "area_sqm": 75.0,
        "z_min": 6.4,
        "z_max": 9.600000000000001,
        "height": 3.200000000000001,
        "volume_m3": 240.00000000000009,
        "data_status": "DEMO / SYNTHETIC"
      },
      "geometry": {
        "type": "Polygon",
        "coordinates": [
          [
            [
              80.2044324832603,
              13.0890108499547
            ],
            [
              80.2044325832604,
              13.0890123499547
            ],
            [
              80.20459633325504,
              13.08900240371647
            ],
            [
              80.20459633325504,
              13.0889046999505
            ],
            [
              80.20437928765736,
              13.0889046999505
            ],
            [
              80.2043861832611,
              13.0890137499562
            ],
            [
              80.2044324832603,
              13.0890108499547
            ]
          ]
        ]
      }
    },
    {
      "type": "Feature",
      "properties": {
        "unit_id": "B007-F03-U04",
        "floor_id": "B007-F03",
        "building_id": "B007",
        "parcel_id": "P000007",
        "demo_ulpin": "DEMO-TN-CHN-000007",
        "property_3d_id": "3D-CHN-P000007-B007-F03-U04",
        "area_sqm": 75.0,
        "z_min": 6.4,
        "z_max": 9.600000000000001,
        "height": 3.200000000000001,
        "volume_m3": 240.00000000000009,
        "data_status": "DEMO / SYNTHETIC"
      },
      "geometry": {
        "type": "Polygon",
        "coordinates": [
          [
            [
              80.2048161832541,
              13.0889890499422
            ],
            [
              80.2048108432647,
              13.0889046999505
            ],
            [
              80.20459633325504,
              13.0889046999505
            ],
            [
              80.20459633325504,
              13.08900240371647
            ],
            [
              80.2048161832541,
              13.0889890499422
            ]
          ]
        ]
      }
    },
    {
      "type": "Feature",
      "properties": {
        "unit_id": "B007-F04-U01",
        "floor_id": "B007-F04",
        "building_id": "B007",
        "parcel_id": "P000007",
        "demo_ulpin": "DEMO-TN-CHN-000007",
        "property_3d_id": "3D-CHN-P000007-B007-F04-U01",
        "area_sqm": 75.0,
        "z_min": 9.600000000000001,
        "z_max": 12.8,
        "height": 3.1999999999999993,
        "volume_m3": 239.99999999999994,
        "data_status": "DEMO / SYNTHETIC"
      },
      "geometry": {
        "type": "Polygon",
        "coordinates": [
          [
            [
              80.20437928765736,
              13.0889046999505
            ],
            [
              80.20459633325504,
              13.0889046999505
            ],
            [
              80.20459633325504,
              13.088804159633543
            ],
            [
              80.2044602832531,
              13.0888124499538
            ],
            [
              80.2044629832545,
              13.0888551499537
            ],
            [
              80.2044227832552,
              13.088857549955
            ],
            [
              80.2044214832545,
              13.0888372499551
            ],
            [
              80.2043955832549,
              13.0888388499559
            ],
            [
              80.2043968832556,
              13.0888591499559
            ],
            [
              80.204376483256,
              13.0888603499565
            ],
            [
              80.20437928765736,
              13.0889046999505
            ]
          ]
        ]
      }
    },
    {
      "type": "Feature",
      "properties": {
        "unit_id": "B007-F04-U02",
        "floor_id": "B007-F04",
        "building_id": "B007",
        "parcel_id": "P000007",
        "demo_ulpin": "DEMO-TN-CHN-000007",
        "property_3d_id": "3D-CHN-P000007-B007-F04-U02",
        "area_sqm": 75.0,
        "z_min": 9.600000000000001,
        "z_max": 12.8,
        "height": 3.1999999999999993,
        "volume_m3": 239.99999999999994,
        "data_status": "DEMO / SYNTHETIC"
      },
      "geometry": {
        "type": "Polygon",
        "coordinates": [
          [
            [
              80.20459633325504,
              13.088804159633543
            ],
            [
              80.20459633325504,
              13.0889046999505
            ],
            [
              80.2048108432647,
              13.0889046999505
            ],
            [
              80.2048063832489,
              13.0888342499425
            ],
            [
              80.20473878325,
              13.0888383499447
            ],
            [
              80.2047359832486,
              13.0887956499448
            ],
            [
              80.20459633325504,
              13.088804159633543
            ]
          ]
        ]
      }
    },
    {
      "type": "Feature",
      "properties": {
        "unit_id": "B007-F04-U03",
        "floor_id": "B007-F04",
        "building_id": "B007",
        "parcel_id": "P000007",
        "demo_ulpin": "DEMO-TN-CHN-000007",
        "property_3d_id": "3D-CHN-P000007-B007-F04-U03",
        "area_sqm": 75.0,
        "z_min": 9.600000000000001,
        "z_max": 12.8,
        "height": 3.1999999999999993,
        "volume_m3": 239.99999999999994,
        "data_status": "DEMO / SYNTHETIC"
      },
      "geometry": {
        "type": "Polygon",
        "coordinates": [
          [
            [
              80.2044324832603,
              13.0890108499547
            ],
            [
              80.2044325832604,
              13.0890123499547
            ],
            [
              80.20459633325504,
              13.08900240371647
            ],
            [
              80.20459633325504,
              13.0889046999505
            ],
            [
              80.20437928765736,
              13.0889046999505
            ],
            [
              80.2043861832611,
              13.0890137499562
            ],
            [
              80.2044324832603,
              13.0890108499547
            ]
          ]
        ]
      }
    },
    {
      "type": "Feature",
      "properties": {
        "unit_id": "B007-F04-U04",
        "floor_id": "B007-F04",
        "building_id": "B007",
        "parcel_id": "P000007",
        "demo_ulpin": "DEMO-TN-CHN-000007",
        "property_3d_id": "3D-CHN-P000007-B007-F04-U04",
        "area_sqm": 75.0,
        "z_min": 9.600000000000001,
        "z_max": 12.8,
        "height": 3.1999999999999993,
        "volume_m3": 239.99999999999994,
        "data_status": "DEMO / SYNTHETIC"
      },
      "geometry": {
        "type": "Polygon",
        "coordinates": [
          [
            [
              80.2048161832541,
              13.0889890499422
            ],
            [
              80.2048108432647,
              13.0889046999505
            ],
            [
              80.20459633325504,
              13.0889046999505
            ],
            [
              80.20459633325504,
              13.08900240371647
            ],
            [
              80.2048161832541,
              13.0889890499422
            ]
          ]
        ]
      }
    },
    {
      "type": "Feature",
      "properties": {
        "unit_id": "B008-F01-U01",
        "floor_id": "B008-F01",
        "building_id": "B008",
        "parcel_id": "P000008",
        "demo_ulpin": "DEMO-TN-CHN-000008",
        "property_3d_id": "3D-CHN-P000008-B008-F01-U01",
        "area_sqm": 75.0,
        "z_min": 0.0,
        "z_max": 3.2,
        "height": 3.2,
        "volume_m3": 240.0,
        "data_status": "DEMO / SYNTHETIC"
      },
      "geometry": {
        "type": "Polygon",
        "coordinates": [
          [
            [
              80.20195227618957,
              13.0845648976175
            ],
            [
              80.20214768918295,
              13.0845648976175
            ],
            [
              80.20214768918295,
              13.084473072422732
            ],
            [
              80.201946759703,
              13.0844866918742
            ],
            [
              80.20195227618957,
              13.0845648976175
            ]
          ]
        ]
      }
    },
    {
      "type": "Feature",
      "properties": {
        "unit_id": "B008-F01-U02",
        "floor_id": "B008-F01",
        "building_id": "B008",
        "parcel_id": "P000008",
        "demo_ulpin": "DEMO-TN-CHN-000008",
        "property_3d_id": "3D-CHN-P000008-B008-F01-U02",
        "area_sqm": 75.0,
        "z_min": 0.0,
        "z_max": 3.2,
        "height": 3.2,
        "volume_m3": 240.0,
        "data_status": "DEMO / SYNTHETIC"
      },
      "geometry": {
        "type": "Polygon",
        "coordinates": [
          [
            [
              80.20214768918295,
              13.084473072422732
            ],
            [
              80.20214768918295,
              13.0845648976175
            ],
            [
              80.20234310205332,
              13.0845648976175
            ],
            [
              80.2023357256653,
              13.0844603268876
            ],
            [
              80.20214768918295,
              13.084473072422732
            ]
          ]
        ]
      }
    },
    {
      "type": "Feature",
      "properties": {
        "unit_id": "B008-F01-U03",
        "floor_id": "B008-F01",
        "building_id": "B008",
        "parcel_id": "P000008",
        "demo_ulpin": "DEMO-TN-CHN-000008",
        "property_3d_id": "3D-CHN-P000008-B008-F01-U03",
        "area_sqm": 75.0,
        "z_min": 0.0,
        "z_max": 3.2,
        "height": 3.2,
        "volume_m3": 240.0,
        "data_status": "DEMO / SYNTHETIC"
      },
      "geometry": {
        "type": "Polygon",
        "coordinates": [
          [
            [
              80.20214768918295,
              13.084656722800938
            ],
            [
              80.20214768918295,
              13.0845648976175
            ],
            [
              80.20195227618957,
              13.0845648976175
            ],
            [
              80.2019596524129,
              13.0846694683474
            ],
            [
              80.20214768918295,
              13.084656722800938
            ]
          ]
        ]
      }
    },
    {
      "type": "Feature",
      "properties": {
        "unit_id": "B008-F01-U04",
        "floor_id": "B008-F01",
        "building_id": "B008",
        "parcel_id": "P000008",
        "demo_ulpin": "DEMO-TN-CHN-000008",
        "property_3d_id": "3D-CHN-P000008-B008-F01-U04",
        "area_sqm": 75.0,
        "z_min": 0.0,
        "z_max": 3.2,
        "height": 3.2,
        "volume_m3": 240.0,
        "data_status": "DEMO / SYNTHETIC"
      },
      "geometry": {
        "type": "Polygon",
        "coordinates": [
          [
            [
              80.2023486186629,
              13.0846431033582
            ],
            [
              80.20234310205332,
              13.0845648976175
            ],
            [
              80.20214768918295,
              13.0845648976175
            ],
            [
              80.20214768918295,
              13.084656722800938
            ],
            [
              80.2023486186629,
              13.0846431033582
            ]
          ]
        ]
      }
    },
    {
      "type": "Feature",
      "properties": {
        "unit_id": "B008-F02-U01",
        "floor_id": "B008-F02",
        "building_id": "B008",
        "parcel_id": "P000008",
        "demo_ulpin": "DEMO-TN-CHN-000008",
        "property_3d_id": "3D-CHN-P000008-B008-F02-U01",
        "area_sqm": 75.0,
        "z_min": 3.2,
        "z_max": 6.4,
        "height": 3.2,
        "volume_m3": 240.0,
        "data_status": "DEMO / SYNTHETIC"
      },
      "geometry": {
        "type": "Polygon",
        "coordinates": [
          [
            [
              80.20195227618957,
              13.0845648976175
            ],
            [
              80.20214768918295,
              13.0845648976175
            ],
            [
              80.20214768918295,
              13.084473072422732
            ],
            [
              80.201946759703,
              13.0844866918742
            ],
            [
              80.20195227618957,
              13.0845648976175
            ]
          ]
        ]
      }
    },
    {
      "type": "Feature",
      "properties": {
        "unit_id": "B008-F02-U02",
        "floor_id": "B008-F02",
        "building_id": "B008",
        "parcel_id": "P000008",
        "demo_ulpin": "DEMO-TN-CHN-000008",
        "property_3d_id": "3D-CHN-P000008-B008-F02-U02",
        "area_sqm": 75.0,
        "z_min": 3.2,
        "z_max": 6.4,
        "height": 3.2,
        "volume_m3": 240.0,
        "data_status": "DEMO / SYNTHETIC"
      },
      "geometry": {
        "type": "Polygon",
        "coordinates": [
          [
            [
              80.20214768918295,
              13.084473072422732
            ],
            [
              80.20214768918295,
              13.0845648976175
            ],
            [
              80.20234310205332,
              13.0845648976175
            ],
            [
              80.2023357256653,
              13.0844603268876
            ],
            [
              80.20214768918295,
              13.084473072422732
            ]
          ]
        ]
      }
    },
    {
      "type": "Feature",
      "properties": {
        "unit_id": "B008-F02-U03",
        "floor_id": "B008-F02",
        "building_id": "B008",
        "parcel_id": "P000008",
        "demo_ulpin": "DEMO-TN-CHN-000008",
        "property_3d_id": "3D-CHN-P000008-B008-F02-U03",
        "area_sqm": 75.0,
        "z_min": 3.2,
        "z_max": 6.4,
        "height": 3.2,
        "volume_m3": 240.0,
        "data_status": "DEMO / SYNTHETIC"
      },
      "geometry": {
        "type": "Polygon",
        "coordinates": [
          [
            [
              80.20214768918295,
              13.084656722800938
            ],
            [
              80.20214768918295,
              13.0845648976175
            ],
            [
              80.20195227618957,
              13.0845648976175
            ],
            [
              80.2019596524129,
              13.0846694683474
            ],
            [
              80.20214768918295,
              13.084656722800938
            ]
          ]
        ]
      }
    },
    {
      "type": "Feature",
      "properties": {
        "unit_id": "B008-F02-U04",
        "floor_id": "B008-F02",
        "building_id": "B008",
        "parcel_id": "P000008",
        "demo_ulpin": "DEMO-TN-CHN-000008",
        "property_3d_id": "3D-CHN-P000008-B008-F02-U04",
        "area_sqm": 75.0,
        "z_min": 3.2,
        "z_max": 6.4,
        "height": 3.2,
        "volume_m3": 240.0,
        "data_status": "DEMO / SYNTHETIC"
      },
      "geometry": {
        "type": "Polygon",
        "coordinates": [
          [
            [
              80.2023486186629,
              13.0846431033582
            ],
            [
              80.20234310205332,
              13.0845648976175
            ],
            [
              80.20214768918295,
              13.0845648976175
            ],
            [
              80.20214768918295,
              13.084656722800938
            ],
            [
              80.2023486186629,
              13.0846431033582
            ]
          ]
        ]
      }
    },
    {
      "type": "Feature",
      "properties": {
        "unit_id": "B009-F01-U01",
        "floor_id": "B009-F01",
        "building_id": "B009",
        "parcel_id": "P000009",
        "demo_ulpin": "DEMO-TN-CHN-000009",
        "property_3d_id": "3D-CHN-P000009-B009-F01-U01",
        "area_sqm": 75.0,
        "z_min": 0.0,
        "z_max": 3.2,
        "height": 3.2,
        "volume_m3": 240.0,
        "data_status": "DEMO / SYNTHETIC"
      },
      "geometry": {
        "type": "Polygon",
        "coordinates": [
          [
            [
              80.20794072883798,
              13.08761352962235
            ],
            [
              80.2080965480162,
              13.08761352962235
            ],
            [
              80.2080965480162,
              13.087499519875278
            ],
            [
              80.2079320899464,
              13.087513115455
            ],
            [
              80.20794072883798,
              13.08761352962235
            ]
          ]
        ]
      }
    },
    {
      "type": "Feature",
      "properties": {
        "unit_id": "B009-F01-U02",
        "floor_id": "B009-F01",
        "building_id": "B009",
        "parcel_id": "P000009",
        "demo_ulpin": "DEMO-TN-CHN-000009",
        "property_3d_id": "3D-CHN-P000009-B009-F01-U02",
        "area_sqm": 75.0,
        "z_min": 0.0,
        "z_max": 3.2,
        "height": 3.2,
        "volume_m3": 240.0,
        "data_status": "DEMO / SYNTHETIC"
      },
      "geometry": {
        "type": "Polygon",
        "coordinates": [
          [
            [
              80.2080965480162,
              13.087499519875278
            ],
            [
              80.2080965480162,
              13.08761352962235
            ],
            [
              80.20825236706831,
              13.08761352962235
            ],
            [
              80.2082415272297,
              13.0874875345926
            ],
            [
              80.2080965480162,
              13.087499519875278
            ]
          ]
        ]
      }
    },
    {
      "type": "Feature",
      "properties": {
        "unit_id": "B009-F01-U03",
        "floor_id": "B009-F01",
        "building_id": "B009",
        "parcel_id": "P000009",
        "demo_ulpin": "DEMO-TN-CHN-000009",
        "property_3d_id": "3D-CHN-P000009-B009-F01-U03",
        "area_sqm": 75.0,
        "z_min": 0.0,
        "z_max": 3.2,
        "height": 3.2,
        "volume_m3": 240.0,
        "data_status": "DEMO / SYNTHETIC"
      },
      "geometry": {
        "type": "Polygon",
        "coordinates": [
          [
            [
              80.2080965480162,
              13.087727539353569
            ],
            [
              80.2080965480162,
              13.08761352962235
            ],
            [
              80.20794072883798,
              13.08761352962235
            ],
            [
              80.2079515685176,
              13.0877395246521
            ],
            [
              80.2080965480162,
              13.087727539353569
            ]
          ]
        ]
      }
    },
    {
      "type": "Feature",
      "properties": {
        "unit_id": "B009-F01-U04",
        "floor_id": "B009-F01",
        "building_id": "B009",
        "parcel_id": "P000009",
        "demo_ulpin": "DEMO-TN-CHN-000009",
        "property_3d_id": "3D-CHN-P000009-B009-F01-U04",
        "area_sqm": 75.0,
        "z_min": 0.0,
        "z_max": 3.2,
        "height": 3.2,
        "volume_m3": 240.0,
        "data_status": "DEMO / SYNTHETIC"
      },
      "geometry": {
        "type": "Polygon",
        "coordinates": [
          [
            [
              80.208261006086,
              13.0877139437826
            ],
            [
              80.20825236706831,
              13.08761352962235
            ],
            [
              80.2080965480162,
              13.08761352962235
            ],
            [
              80.2080965480162,
              13.087727539353569
            ],
            [
              80.208261006086,
              13.0877139437826
            ]
          ]
        ]
      }
    },
    {
      "type": "Feature",
      "properties": {
        "unit_id": "B009-F02-U01",
        "floor_id": "B009-F02",
        "building_id": "B009",
        "parcel_id": "P000009",
        "demo_ulpin": "DEMO-TN-CHN-000009",
        "property_3d_id": "3D-CHN-P000009-B009-F02-U01",
        "area_sqm": 75.0,
        "z_min": 3.2,
        "z_max": 6.4,
        "height": 3.2,
        "volume_m3": 240.0,
        "data_status": "DEMO / SYNTHETIC"
      },
      "geometry": {
        "type": "Polygon",
        "coordinates": [
          [
            [
              80.20794072883798,
              13.08761352962235
            ],
            [
              80.2080965480162,
              13.08761352962235
            ],
            [
              80.2080965480162,
              13.087499519875278
            ],
            [
              80.2079320899464,
              13.087513115455
            ],
            [
              80.20794072883798,
              13.08761352962235
            ]
          ]
        ]
      }
    },
    {
      "type": "Feature",
      "properties": {
        "unit_id": "B009-F02-U02",
        "floor_id": "B009-F02",
        "building_id": "B009",
        "parcel_id": "P000009",
        "demo_ulpin": "DEMO-TN-CHN-000009",
        "property_3d_id": "3D-CHN-P000009-B009-F02-U02",
        "area_sqm": 75.0,
        "z_min": 3.2,
        "z_max": 6.4,
        "height": 3.2,
        "volume_m3": 240.0,
        "data_status": "DEMO / SYNTHETIC"
      },
      "geometry": {
        "type": "Polygon",
        "coordinates": [
          [
            [
              80.2080965480162,
              13.087499519875278
            ],
            [
              80.2080965480162,
              13.08761352962235
            ],
            [
              80.20825236706831,
              13.08761352962235
            ],
            [
              80.2082415272297,
              13.0874875345926
            ],
            [
              80.2080965480162,
              13.087499519875278
            ]
          ]
        ]
      }
    },
    {
      "type": "Feature",
      "properties": {
        "unit_id": "B009-F02-U03",
        "floor_id": "B009-F02",
        "building_id": "B009",
        "parcel_id": "P000009",
        "demo_ulpin": "DEMO-TN-CHN-000009",
        "property_3d_id": "3D-CHN-P000009-B009-F02-U03",
        "area_sqm": 75.0,
        "z_min": 3.2,
        "z_max": 6.4,
        "height": 3.2,
        "volume_m3": 240.0,
        "data_status": "DEMO / SYNTHETIC"
      },
      "geometry": {
        "type": "Polygon",
        "coordinates": [
          [
            [
              80.2080965480162,
              13.087727539353569
            ],
            [
              80.2080965480162,
              13.08761352962235
            ],
            [
              80.20794072883798,
              13.08761352962235
            ],
            [
              80.2079515685176,
              13.0877395246521
            ],
            [
              80.2080965480162,
              13.087727539353569
            ]
          ]
        ]
      }
    },
    {
      "type": "Feature",
      "properties": {
        "unit_id": "B009-F02-U04",
        "floor_id": "B009-F02",
        "building_id": "B009",
        "parcel_id": "P000009",
        "demo_ulpin": "DEMO-TN-CHN-000009",
        "property_3d_id": "3D-CHN-P000009-B009-F02-U04",
        "area_sqm": 75.0,
        "z_min": 3.2,
        "z_max": 6.4,
        "height": 3.2,
        "volume_m3": 240.0,
        "data_status": "DEMO / SYNTHETIC"
      },
      "geometry": {
        "type": "Polygon",
        "coordinates": [
          [
            [
              80.208261006086,
              13.0877139437826
            ],
            [
              80.20825236706831,
              13.08761352962235
            ],
            [
              80.2080965480162,
              13.08761352962235
            ],
            [
              80.2080965480162,
              13.087727539353569
            ],
            [
              80.208261006086,
              13.0877139437826
            ]
          ]
        ]
      }
    },
    {
      "type": "Feature",
      "properties": {
        "unit_id": "B009-F03-U01",
        "floor_id": "B009-F03",
        "building_id": "B009",
        "parcel_id": "P000009",
        "demo_ulpin": "DEMO-TN-CHN-000009",
        "property_3d_id": "3D-CHN-P000009-B009-F03-U01",
        "area_sqm": 75.0,
        "z_min": 6.4,
        "z_max": 9.600000000000001,
        "height": 3.200000000000001,
        "volume_m3": 240.00000000000009,
        "data_status": "DEMO / SYNTHETIC"
      },
      "geometry": {
        "type": "Polygon",
        "coordinates": [
          [
            [
              80.20794072883798,
              13.08761352962235
            ],
            [
              80.2080965480162,
              13.08761352962235
            ],
            [
              80.2080965480162,
              13.087499519875278
            ],
            [
              80.2079320899464,
              13.087513115455
            ],
            [
              80.20794072883798,
              13.08761352962235
            ]
          ]
        ]
      }
    },
    {
      "type": "Feature",
      "properties": {
        "unit_id": "B009-F03-U02",
        "floor_id": "B009-F03",
        "building_id": "B009",
        "parcel_id": "P000009",
        "demo_ulpin": "DEMO-TN-CHN-000009",
        "property_3d_id": "3D-CHN-P000009-B009-F03-U02",
        "area_sqm": 75.0,
        "z_min": 6.4,
        "z_max": 9.600000000000001,
        "height": 3.200000000000001,
        "volume_m3": 240.00000000000009,
        "data_status": "DEMO / SYNTHETIC"
      },
      "geometry": {
        "type": "Polygon",
        "coordinates": [
          [
            [
              80.2080965480162,
              13.087499519875278
            ],
            [
              80.2080965480162,
              13.08761352962235
            ],
            [
              80.20825236706831,
              13.08761352962235
            ],
            [
              80.2082415272297,
              13.0874875345926
            ],
            [
              80.2080965480162,
              13.087499519875278
            ]
          ]
        ]
      }
    },
    {
      "type": "Feature",
      "properties": {
        "unit_id": "B009-F03-U03",
        "floor_id": "B009-F03",
        "building_id": "B009",
        "parcel_id": "P000009",
        "demo_ulpin": "DEMO-TN-CHN-000009",
        "property_3d_id": "3D-CHN-P000009-B009-F03-U03",
        "area_sqm": 75.0,
        "z_min": 6.4,
        "z_max": 9.600000000000001,
        "height": 3.200000000000001,
        "volume_m3": 240.00000000000009,
        "data_status": "DEMO / SYNTHETIC"
      },
      "geometry": {
        "type": "Polygon",
        "coordinates": [
          [
            [
              80.2080965480162,
              13.087727539353569
            ],
            [
              80.2080965480162,
              13.08761352962235
            ],
            [
              80.20794072883798,
              13.08761352962235
            ],
            [
              80.2079515685176,
              13.0877395246521
            ],
            [
              80.2080965480162,
              13.087727539353569
            ]
          ]
        ]
      }
    },
    {
      "type": "Feature",
      "properties": {
        "unit_id": "B009-F03-U04",
        "floor_id": "B009-F03",
        "building_id": "B009",
        "parcel_id": "P000009",
        "demo_ulpin": "DEMO-TN-CHN-000009",
        "property_3d_id": "3D-CHN-P000009-B009-F03-U04",
        "area_sqm": 75.0,
        "z_min": 6.4,
        "z_max": 9.600000000000001,
        "height": 3.200000000000001,
        "volume_m3": 240.00000000000009,
        "data_status": "DEMO / SYNTHETIC"
      },
      "geometry": {
        "type": "Polygon",
        "coordinates": [
          [
            [
              80.208261006086,
              13.0877139437826
            ],
            [
              80.20825236706831,
              13.08761352962235
            ],
            [
              80.2080965480162,
              13.08761352962235
            ],
            [
              80.2080965480162,
              13.087727539353569
            ],
            [
              80.208261006086,
              13.0877139437826
            ]
          ]
        ]
      }
    },
    {
      "type": "Feature",
      "properties": {
        "unit_id": "B009-F04-U01",
        "floor_id": "B009-F04",
        "building_id": "B009",
        "parcel_id": "P000009",
        "demo_ulpin": "DEMO-TN-CHN-000009",
        "property_3d_id": "3D-CHN-P000009-B009-F04-U01",
        "area_sqm": 75.0,
        "z_min": 9.600000000000001,
        "z_max": 12.8,
        "height": 3.1999999999999993,
        "volume_m3": 239.99999999999994,
        "data_status": "DEMO / SYNTHETIC"
      },
      "geometry": {
        "type": "Polygon",
        "coordinates": [
          [
            [
              80.20794072883798,
              13.08761352962235
            ],
            [
              80.2080965480162,
              13.08761352962235
            ],
            [
              80.2080965480162,
              13.087499519875278
            ],
            [
              80.2079320899464,
              13.087513115455
            ],
            [
              80.20794072883798,
              13.08761352962235
            ]
          ]
        ]
      }
    },
    {
      "type": "Feature",
      "properties": {
        "unit_id": "B009-F04-U02",
        "floor_id": "B009-F04",
        "building_id": "B009",
        "parcel_id": "P000009",
        "demo_ulpin": "DEMO-TN-CHN-000009",
        "property_3d_id": "3D-CHN-P000009-B009-F04-U02",
        "area_sqm": 75.0,
        "z_min": 9.600000000000001,
        "z_max": 12.8,
        "height": 3.1999999999999993,
        "volume_m3": 239.99999999999994,
        "data_status": "DEMO / SYNTHETIC"
      },
      "geometry": {
        "type": "Polygon",
        "coordinates": [
          [
            [
              80.2080965480162,
              13.087499519875278
            ],
            [
              80.2080965480162,
              13.08761352962235
            ],
            [
              80.20825236706831,
              13.08761352962235
            ],
            [
              80.2082415272297,
              13.0874875345926
            ],
            [
              80.2080965480162,
              13.087499519875278
            ]
          ]
        ]
      }
    },
    {
      "type": "Feature",
      "properties": {
        "unit_id": "B009-F04-U03",
        "floor_id": "B009-F04",
        "building_id": "B009",
        "parcel_id": "P000009",
        "demo_ulpin": "DEMO-TN-CHN-000009",
        "property_3d_id": "3D-CHN-P000009-B009-F04-U03",
        "area_sqm": 75.0,
        "z_min": 9.600000000000001,
        "z_max": 12.8,
        "height": 3.1999999999999993,
        "volume_m3": 239.99999999999994,
        "data_status": "DEMO / SYNTHETIC"
      },
      "geometry": {
        "type": "Polygon",
        "coordinates": [
          [
            [
              80.2080965480162,
              13.087727539353569
            ],
            [
              80.2080965480162,
              13.08761352962235
            ],
            [
              80.20794072883798,
              13.08761352962235
            ],
            [
              80.2079515685176,
              13.0877395246521
            ],
            [
              80.2080965480162,
              13.087727539353569
            ]
          ]
        ]
      }
    },
    {
      "type": "Feature",
      "properties": {
        "unit_id": "B009-F04-U04",
        "floor_id": "B009-F04",
        "building_id": "B009",
        "parcel_id": "P000009",
        "demo_ulpin": "DEMO-TN-CHN-000009",
        "property_3d_id": "3D-CHN-P000009-B009-F04-U04",
        "area_sqm": 75.0,
        "z_min": 9.600000000000001,
        "z_max": 12.8,
        "height": 3.1999999999999993,
        "volume_m3": 239.99999999999994,
        "data_status": "DEMO / SYNTHETIC"
      },
      "geometry": {
        "type": "Polygon",
        "coordinates": [
          [
            [
              80.208261006086,
              13.0877139437826
            ],
            [
              80.20825236706831,
              13.08761352962235
            ],
            [
              80.2080965480162,
              13.08761352962235
            ],
            [
              80.2080965480162,
              13.087727539353569
            ],
            [
              80.208261006086,
              13.0877139437826
            ]
          ]
        ]
      }
    },
    {
      "type": "Feature",
      "properties": {
        "unit_id": "B009-F05-U01",
        "floor_id": "B009-F05",
        "building_id": "B009",
        "parcel_id": "P000009",
        "demo_ulpin": "DEMO-TN-CHN-000009",
        "property_3d_id": "3D-CHN-P000009-B009-F05-U01",
        "area_sqm": 75.0,
        "z_min": 12.8,
        "z_max": 16.0,
        "height": 3.1999999999999993,
        "volume_m3": 239.99999999999994,
        "data_status": "DEMO / SYNTHETIC"
      },
      "geometry": {
        "type": "Polygon",
        "coordinates": [
          [
            [
              80.20794072883798,
              13.08761352962235
            ],
            [
              80.2080965480162,
              13.08761352962235
            ],
            [
              80.2080965480162,
              13.087499519875278
            ],
            [
              80.2079320899464,
              13.087513115455
            ],
            [
              80.20794072883798,
              13.08761352962235
            ]
          ]
        ]
      }
    },
    {
      "type": "Feature",
      "properties": {
        "unit_id": "B009-F05-U02",
        "floor_id": "B009-F05",
        "building_id": "B009",
        "parcel_id": "P000009",
        "demo_ulpin": "DEMO-TN-CHN-000009",
        "property_3d_id": "3D-CHN-P000009-B009-F05-U02",
        "area_sqm": 75.0,
        "z_min": 12.8,
        "z_max": 16.0,
        "height": 3.1999999999999993,
        "volume_m3": 239.99999999999994,
        "data_status": "DEMO / SYNTHETIC"
      },
      "geometry": {
        "type": "Polygon",
        "coordinates": [
          [
            [
              80.2080965480162,
              13.087499519875278
            ],
            [
              80.2080965480162,
              13.08761352962235
            ],
            [
              80.20825236706831,
              13.08761352962235
            ],
            [
              80.2082415272297,
              13.0874875345926
            ],
            [
              80.2080965480162,
              13.087499519875278
            ]
          ]
        ]
      }
    },
    {
      "type": "Feature",
      "properties": {
        "unit_id": "B009-F05-U03",
        "floor_id": "B009-F05",
        "building_id": "B009",
        "parcel_id": "P000009",
        "demo_ulpin": "DEMO-TN-CHN-000009",
        "property_3d_id": "3D-CHN-P000009-B009-F05-U03",
        "area_sqm": 75.0,
        "z_min": 12.8,
        "z_max": 16.0,
        "height": 3.1999999999999993,
        "volume_m3": 239.99999999999994,
        "data_status": "DEMO / SYNTHETIC"
      },
      "geometry": {
        "type": "Polygon",
        "coordinates": [
          [
            [
              80.2080965480162,
              13.087727539353569
            ],
            [
              80.2080965480162,
              13.08761352962235
            ],
            [
              80.20794072883798,
              13.08761352962235
            ],
            [
              80.2079515685176,
              13.0877395246521
            ],
            [
              80.2080965480162,
              13.087727539353569
            ]
          ]
        ]
      }
    },
    {
      "type": "Feature",
      "properties": {
        "unit_id": "B009-F05-U04",
        "floor_id": "B009-F05",
        "building_id": "B009",
        "parcel_id": "P000009",
        "demo_ulpin": "DEMO-TN-CHN-000009",
        "property_3d_id": "3D-CHN-P000009-B009-F05-U04",
        "area_sqm": 75.0,
        "z_min": 12.8,
        "z_max": 16.0,
        "height": 3.1999999999999993,
        "volume_m3": 239.99999999999994,
        "data_status": "DEMO / SYNTHETIC"
      },
      "geometry": {
        "type": "Polygon",
        "coordinates": [
          [
            [
              80.208261006086,
              13.0877139437826
            ],
            [
              80.20825236706831,
              13.08761352962235
            ],
            [
              80.2080965480162,
              13.08761352962235
            ],
            [
              80.2080965480162,
              13.087727539353569
            ],
            [
              80.208261006086,
              13.0877139437826
            ]
          ]
        ]
      }
    },
    {
      "type": "Feature",
      "properties": {
        "unit_id": "B010-F01-U01",
        "floor_id": "B010-F01",
        "building_id": "B010",
        "parcel_id": "P000010",
        "demo_ulpin": "DEMO-TN-CHN-000010",
        "property_3d_id": "3D-CHN-P000010-B010-F01-U01",
        "area_sqm": 75.0,
        "z_min": 0.0,
        "z_max": 3.2,
        "height": 3.2,
        "volume_m3": 240.0,
        "data_status": "DEMO / SYNTHETIC"
      },
      "geometry": {
        "type": "Polygon",
        "coordinates": [
          [
            [
              80.20966182881806,
              13.0852883996822
            ],
            [
              80.2098493830116,
              13.0852883996822
            ],
            [
              80.2098493830116,
              13.085197062781134
            ],
            [
              80.209657683012,
              13.0852062496885
            ],
            [
              80.20966182881806,
              13.0852883996822
            ]
          ]
        ]
      }
    },
    {
      "type": "Feature",
      "properties": {
        "unit_id": "B010-F01-U02",
        "floor_id": "B010-F01",
        "building_id": "B010",
        "parcel_id": "P000010",
        "demo_ulpin": "DEMO-TN-CHN-000010",
        "property_3d_id": "3D-CHN-P000010-B010-F01-U02",
        "area_sqm": 75.0,
        "z_min": 0.0,
        "z_max": 3.2,
        "height": 3.2,
        "volume_m3": 240.0,
        "data_status": "DEMO / SYNTHETIC"
      },
      "geometry": {
        "type": "Polygon",
        "coordinates": [
          [
            [
              80.2100332830059,
              13.0851882496762
            ],
            [
              80.2098493830116,
              13.085197062781134
            ],
            [
              80.2098493830116,
              13.0852883996822
            ],
            [
              80.21003828089827,
              13.0852883996822
            ],
            [
              80.2100332830059,
              13.0851882496762
            ]
          ]
        ]
      }
    },
    {
      "type": "Feature",
      "properties": {
        "unit_id": "B010-F01-U03",
        "floor_id": "B010-F01",
        "building_id": "B010",
        "parcel_id": "P000010",
        "demo_ulpin": "DEMO-TN-CHN-000010",
        "property_3d_id": "3D-CHN-P000010-B010-F01-U03",
        "area_sqm": 75.0,
        "z_min": 0.0,
        "z_max": 3.2,
        "height": 3.2,
        "volume_m3": 240.0,
        "data_status": "DEMO / SYNTHETIC"
      },
      "geometry": {
        "type": "Polygon",
        "coordinates": [
          [
            [
              80.2098493830116,
              13.085379795253402
            ],
            [
              80.2098493830116,
              13.0852883996822
            ],
            [
              80.20966182881806,
              13.0852883996822
            ],
            [
              80.2096668830181,
              13.0853885496882
            ],
            [
              80.2098493830116,
              13.085379795253402
            ]
          ]
        ]
      }
    },
    {
      "type": "Feature",
      "properties": {
        "unit_id": "B010-F01-U04",
        "floor_id": "B010-F01",
        "building_id": "B010",
        "parcel_id": "P000010",
        "demo_ulpin": "DEMO-TN-CHN-000010",
        "property_3d_id": "3D-CHN-P000010-B010-F01-U04",
        "area_sqm": 75.0,
        "z_min": 0.0,
        "z_max": 3.2,
        "height": 3.2,
        "volume_m3": 240.0,
        "data_status": "DEMO / SYNTHETIC"
      },
      "geometry": {
        "type": "Polygon",
        "coordinates": [
          [
            [
              80.21003828089827,
              13.0852883996822
            ],
            [
              80.2098493830116,
              13.0852883996822
            ],
            [
              80.2098493830116,
              13.085379795253402
            ],
            [
              80.2100337830122,
              13.0853709496762
            ],
            [
              80.2100324830113,
              13.0853449496762
            ],
            [
              80.2100410830112,
              13.085344549676
            ],
            [
              80.21003828089827,
              13.0852883996822
            ]
          ]
        ]
      }
    },
    {
      "type": "Feature",
      "properties": {
        "unit_id": "B010-F02-U01",
        "floor_id": "B010-F02",
        "building_id": "B010",
        "parcel_id": "P000010",
        "demo_ulpin": "DEMO-TN-CHN-000010",
        "property_3d_id": "3D-CHN-P000010-B010-F02-U01",
        "area_sqm": 75.0,
        "z_min": 3.2,
        "z_max": 6.4,
        "height": 3.2,
        "volume_m3": 240.0,
        "data_status": "DEMO / SYNTHETIC"
      },
      "geometry": {
        "type": "Polygon",
        "coordinates": [
          [
            [
              80.20966182881806,
              13.0852883996822
            ],
            [
              80.2098493830116,
              13.0852883996822
            ],
            [
              80.2098493830116,
              13.085197062781134
            ],
            [
              80.209657683012,
              13.0852062496885
            ],
            [
              80.20966182881806,
              13.0852883996822
            ]
          ]
        ]
      }
    },
    {
      "type": "Feature",
      "properties": {
        "unit_id": "B010-F02-U02",
        "floor_id": "B010-F02",
        "building_id": "B010",
        "parcel_id": "P000010",
        "demo_ulpin": "DEMO-TN-CHN-000010",
        "property_3d_id": "3D-CHN-P000010-B010-F02-U02",
        "area_sqm": 75.0,
        "z_min": 3.2,
        "z_max": 6.4,
        "height": 3.2,
        "volume_m3": 240.0,
        "data_status": "DEMO / SYNTHETIC"
      },
      "geometry": {
        "type": "Polygon",
        "coordinates": [
          [
            [
              80.2100332830059,
              13.0851882496762
            ],
            [
              80.2098493830116,
              13.085197062781134
            ],
            [
              80.2098493830116,
              13.0852883996822
            ],
            [
              80.21003828089827,
              13.0852883996822
            ],
            [
              80.2100332830059,
              13.0851882496762
            ]
          ]
        ]
      }
    },
    {
      "type": "Feature",
      "properties": {
        "unit_id": "B010-F02-U03",
        "floor_id": "B010-F02",
        "building_id": "B010",
        "parcel_id": "P000010",
        "demo_ulpin": "DEMO-TN-CHN-000010",
        "property_3d_id": "3D-CHN-P000010-B010-F02-U03",
        "area_sqm": 75.0,
        "z_min": 3.2,
        "z_max": 6.4,
        "height": 3.2,
        "volume_m3": 240.0,
        "data_status": "DEMO / SYNTHETIC"
      },
      "geometry": {
        "type": "Polygon",
        "coordinates": [
          [
            [
              80.2098493830116,
              13.085379795253402
            ],
            [
              80.2098493830116,
              13.0852883996822
            ],
            [
              80.20966182881806,
              13.0852883996822
            ],
            [
              80.2096668830181,
              13.0853885496882
            ],
            [
              80.2098493830116,
              13.085379795253402
            ]
          ]
        ]
      }
    },
    {
      "type": "Feature",
      "properties": {
        "unit_id": "B010-F02-U04",
        "floor_id": "B010-F02",
        "building_id": "B010",
        "parcel_id": "P000010",
        "demo_ulpin": "DEMO-TN-CHN-000010",
        "property_3d_id": "3D-CHN-P000010-B010-F02-U04",
        "area_sqm": 75.0,
        "z_min": 3.2,
        "z_max": 6.4,
        "height": 3.2,
        "volume_m3": 240.0,
        "data_status": "DEMO / SYNTHETIC"
      },
      "geometry": {
        "type": "Polygon",
        "coordinates": [
          [
            [
              80.21003828089827,
              13.0852883996822
            ],
            [
              80.2098493830116,
              13.0852883996822
            ],
            [
              80.2098493830116,
              13.085379795253402
            ],
            [
              80.2100337830122,
              13.0853709496762
            ],
            [
              80.2100324830113,
              13.0853449496762
            ],
            [
              80.2100410830112,
              13.085344549676
            ],
            [
              80.21003828089827,
              13.0852883996822
            ]
          ]
        ]
      }
    },
    {
      "type": "Feature",
      "properties": {
        "unit_id": "B011-F01-U01",
        "floor_id": "B011-F01",
        "building_id": "B011",
        "parcel_id": "P000011",
        "demo_ulpin": "DEMO-TN-CHN-000011",
        "property_3d_id": "3D-CHN-P000011-B011-F01-U01",
        "area_sqm": 75.0,
        "z_min": 0.0,
        "z_max": 3.2,
        "height": 3.2,
        "volume_m3": 240.0,
        "data_status": "DEMO / SYNTHETIC"
      },
      "geometry": {
        "type": "Polygon",
        "coordinates": [
          [
            [
              80.2069763830577,
              13.0853437497815
            ],
            [
              80.2069725830553,
              13.0852731497816
            ],
            [
              80.2069094830564,
              13.0852764497837
            ],
            [
              80.2069071830549,
              13.0852344497838
            ],
            [
              80.2068256830563,
              13.0852387497864
            ],
            [
              80.20683351574807,
              13.08538229978485
            ],
            [
              80.2069807330588,
              13.08538229978485
            ],
            [
              80.2069807330588,
              13.085343520222178
            ],
            [
              80.2069763830577,
              13.0853437497815
            ]
          ]
        ]
      }
    },
    {
      "type": "Feature",
      "properties": {
        "unit_id": "B011-F01-U02",
        "floor_id": "B011-F01",
        "building_id": "B011",
        "parcel_id": "P000011",
        "demo_ulpin": "DEMO-TN-CHN-000011",
        "property_3d_id": "3D-CHN-P000011-B011-F01-U02",
        "area_sqm": 75.0,
        "z_min": 0.0,
        "z_max": 3.2,
        "height": 3.2,
        "volume_m3": 240.0,
        "data_status": "DEMO / SYNTHETIC"
      },
      "geometry": {
        "type": "Polygon",
        "coordinates": [
          [
            [
              80.2071260830553,
              13.0853358497766
            ],
            [
              80.2069807330588,
              13.085343520222178
            ],
            [
              80.2069807330588,
              13.08538229978485
            ],
            [
              80.20712860158721,
              13.08538229978485
            ],
            [
              80.2071260830553,
              13.0853358497766
            ]
          ]
        ]
      }
    },
    {
      "type": "Feature",
      "properties": {
        "unit_id": "B011-F01-U03",
        "floor_id": "B011-F01",
        "building_id": "B011",
        "parcel_id": "P000011",
        "demo_ulpin": "DEMO-TN-CHN-000011",
        "property_3d_id": "3D-CHN-P000011-B011-F01-U03",
        "area_sqm": 75.0,
        "z_min": 0.0,
        "z_max": 3.2,
        "height": 3.2,
        "volume_m3": 240.0,
        "data_status": "DEMO / SYNTHETIC"
      },
      "geometry": {
        "type": "Polygon",
        "coordinates": [
          [
            [
              80.2069807330588,
              13.085522865927102
            ],
            [
              80.2069807330588,
              13.08538229978485
            ],
            [
              80.20683351574807,
              13.08538229978485
            ],
            [
              80.2068415830661,
              13.0855301497859
            ],
            [
              80.2069807330588,
              13.085522865927102
            ]
          ]
        ]
      }
    },
    {
      "type": "Feature",
      "properties": {
        "unit_id": "B011-F01-U04",
        "floor_id": "B011-F01",
        "building_id": "B011",
        "parcel_id": "P000011",
        "demo_ulpin": "DEMO-TN-CHN-000011",
        "property_3d_id": "3D-CHN-P000011-B011-F01-U04",
        "area_sqm": 75.0,
        "z_min": 0.0,
        "z_max": 3.2,
        "height": 3.2,
        "volume_m3": 240.0,
        "data_status": "DEMO / SYNTHETIC"
      },
      "geometry": {
        "type": "Polygon",
        "coordinates": [
          [
            [
              80.20712860158721,
              13.08538229978485
            ],
            [
              80.2069807330588,
              13.08538229978485
            ],
            [
              80.2069807330588,
              13.085522865927102
            ],
            [
              80.2071357830613,
              13.0855147497763
            ],
            [
              80.20712860158721,
              13.08538229978485
            ]
          ]
        ]
      }
    },
    {
      "type": "Feature",
      "properties": {
        "unit_id": "B011-F02-U01",
        "floor_id": "B011-F02",
        "building_id": "B011",
        "parcel_id": "P000011",
        "demo_ulpin": "DEMO-TN-CHN-000011",
        "property_3d_id": "3D-CHN-P000011-B011-F02-U01",
        "area_sqm": 75.0,
        "z_min": 3.2,
        "z_max": 6.4,
        "height": 3.2,
        "volume_m3": 240.0,
        "data_status": "DEMO / SYNTHETIC"
      },
      "geometry": {
        "type": "Polygon",
        "coordinates": [
          [
            [
              80.2069763830577,
              13.0853437497815
            ],
            [
              80.2069725830553,
              13.0852731497816
            ],
            [
              80.2069094830564,
              13.0852764497837
            ],
            [
              80.2069071830549,
              13.0852344497838
            ],
            [
              80.2068256830563,
              13.0852387497864
            ],
            [
              80.20683351574807,
              13.08538229978485
            ],
            [
              80.2069807330588,
              13.08538229978485
            ],
            [
              80.2069807330588,
              13.085343520222178
            ],
            [
              80.2069763830577,
              13.0853437497815
            ]
          ]
        ]
      }
    },
    {
      "type": "Feature",
      "properties": {
        "unit_id": "B011-F02-U02",
        "floor_id": "B011-F02",
        "building_id": "B011",
        "parcel_id": "P000011",
        "demo_ulpin": "DEMO-TN-CHN-000011",
        "property_3d_id": "3D-CHN-P000011-B011-F02-U02",
        "area_sqm": 75.0,
        "z_min": 3.2,
        "z_max": 6.4,
        "height": 3.2,
        "volume_m3": 240.0,
        "data_status": "DEMO / SYNTHETIC"
      },
      "geometry": {
        "type": "Polygon",
        "coordinates": [
          [
            [
              80.2071260830553,
              13.0853358497766
            ],
            [
              80.2069807330588,
              13.085343520222178
            ],
            [
              80.2069807330588,
              13.08538229978485
            ],
            [
              80.20712860158721,
              13.08538229978485
            ],
            [
              80.2071260830553,
              13.0853358497766
            ]
          ]
        ]
      }
    },
    {
      "type": "Feature",
      "properties": {
        "unit_id": "B011-F02-U03",
        "floor_id": "B011-F02",
        "building_id": "B011",
        "parcel_id": "P000011",
        "demo_ulpin": "DEMO-TN-CHN-000011",
        "property_3d_id": "3D-CHN-P000011-B011-F02-U03",
        "area_sqm": 75.0,
        "z_min": 3.2,
        "z_max": 6.4,
        "height": 3.2,
        "volume_m3": 240.0,
        "data_status": "DEMO / SYNTHETIC"
      },
      "geometry": {
        "type": "Polygon",
        "coordinates": [
          [
            [
              80.2069807330588,
              13.085522865927102
            ],
            [
              80.2069807330588,
              13.08538229978485
            ],
            [
              80.20683351574807,
              13.08538229978485
            ],
            [
              80.2068415830661,
              13.0855301497859
            ],
            [
              80.2069807330588,
              13.085522865927102
            ]
          ]
        ]
      }
    },
    {
      "type": "Feature",
      "properties": {
        "unit_id": "B011-F02-U04",
        "floor_id": "B011-F02",
        "building_id": "B011",
        "parcel_id": "P000011",
        "demo_ulpin": "DEMO-TN-CHN-000011",
        "property_3d_id": "3D-CHN-P000011-B011-F02-U04",
        "area_sqm": 75.0,
        "z_min": 3.2,
        "z_max": 6.4,
        "height": 3.2,
        "volume_m3": 240.0,
        "data_status": "DEMO / SYNTHETIC"
      },
      "geometry": {
        "type": "Polygon",
        "coordinates": [
          [
            [
              80.20712860158721,
              13.08538229978485
            ],
            [
              80.2069807330588,
              13.08538229978485
            ],
            [
              80.2069807330588,
              13.085522865927102
            ],
            [
              80.2071357830613,
              13.0855147497763
            ],
            [
              80.20712860158721,
              13.08538229978485
            ]
          ]
        ]
      }
    },
    {
      "type": "Feature",
      "properties": {
        "unit_id": "B011-F03-U01",
        "floor_id": "B011-F03",
        "building_id": "B011",
        "parcel_id": "P000011",
        "demo_ulpin": "DEMO-TN-CHN-000011",
        "property_3d_id": "3D-CHN-P000011-B011-F03-U01",
        "area_sqm": 75.0,
        "z_min": 6.4,
        "z_max": 9.600000000000001,
        "height": 3.200000000000001,
        "volume_m3": 240.00000000000009,
        "data_status": "DEMO / SYNTHETIC"
      },
      "geometry": {
        "type": "Polygon",
        "coordinates": [
          [
            [
              80.2069763830577,
              13.0853437497815
            ],
            [
              80.2069725830553,
              13.0852731497816
            ],
            [
              80.2069094830564,
              13.0852764497837
            ],
            [
              80.2069071830549,
              13.0852344497838
            ],
            [
              80.2068256830563,
              13.0852387497864
            ],
            [
              80.20683351574807,
              13.08538229978485
            ],
            [
              80.2069807330588,
              13.08538229978485
            ],
            [
              80.2069807330588,
              13.085343520222178
            ],
            [
              80.2069763830577,
              13.0853437497815
            ]
          ]
        ]
      }
    },
    {
      "type": "Feature",
      "properties": {
        "unit_id": "B011-F03-U02",
        "floor_id": "B011-F03",
        "building_id": "B011",
        "parcel_id": "P000011",
        "demo_ulpin": "DEMO-TN-CHN-000011",
        "property_3d_id": "3D-CHN-P000011-B011-F03-U02",
        "area_sqm": 75.0,
        "z_min": 6.4,
        "z_max": 9.600000000000001,
        "height": 3.200000000000001,
        "volume_m3": 240.00000000000009,
        "data_status": "DEMO / SYNTHETIC"
      },
      "geometry": {
        "type": "Polygon",
        "coordinates": [
          [
            [
              80.2071260830553,
              13.0853358497766
            ],
            [
              80.2069807330588,
              13.085343520222178
            ],
            [
              80.2069807330588,
              13.08538229978485
            ],
            [
              80.20712860158721,
              13.08538229978485
            ],
            [
              80.2071260830553,
              13.0853358497766
            ]
          ]
        ]
      }
    },
    {
      "type": "Feature",
      "properties": {
        "unit_id": "B011-F03-U03",
        "floor_id": "B011-F03",
        "building_id": "B011",
        "parcel_id": "P000011",
        "demo_ulpin": "DEMO-TN-CHN-000011",
        "property_3d_id": "3D-CHN-P000011-B011-F03-U03",
        "area_sqm": 75.0,
        "z_min": 6.4,
        "z_max": 9.600000000000001,
        "height": 3.200000000000001,
        "volume_m3": 240.00000000000009,
        "data_status": "DEMO / SYNTHETIC"
      },
      "geometry": {
        "type": "Polygon",
        "coordinates": [
          [
            [
              80.2069807330588,
              13.085522865927102
            ],
            [
              80.2069807330588,
              13.08538229978485
            ],
            [
              80.20683351574807,
              13.08538229978485
            ],
            [
              80.2068415830661,
              13.0855301497859
            ],
            [
              80.2069807330588,
              13.085522865927102
            ]
          ]
        ]
      }
    },
    {
      "type": "Feature",
      "properties": {
        "unit_id": "B011-F03-U04",
        "floor_id": "B011-F03",
        "building_id": "B011",
        "parcel_id": "P000011",
        "demo_ulpin": "DEMO-TN-CHN-000011",
        "property_3d_id": "3D-CHN-P000011-B011-F03-U04",
        "area_sqm": 75.0,
        "z_min": 6.4,
        "z_max": 9.600000000000001,
        "height": 3.200000000000001,
        "volume_m3": 240.00000000000009,
        "data_status": "DEMO / SYNTHETIC"
      },
      "geometry": {
        "type": "Polygon",
        "coordinates": [
          [
            [
              80.20712860158721,
              13.08538229978485
            ],
            [
              80.2069807330588,
              13.08538229978485
            ],
            [
              80.2069807330588,
              13.085522865927102
            ],
            [
              80.2071357830613,
              13.0855147497763
            ],
            [
              80.20712860158721,
              13.08538229978485
            ]
          ]
        ]
      }
    },
    {
      "type": "Feature",
      "properties": {
        "unit_id": "B011-F04-U01",
        "floor_id": "B011-F04",
        "building_id": "B011",
        "parcel_id": "P000011",
        "demo_ulpin": "DEMO-TN-CHN-000011",
        "property_3d_id": "3D-CHN-P000011-B011-F04-U01",
        "area_sqm": 75.0,
        "z_min": 9.600000000000001,
        "z_max": 12.8,
        "height": 3.1999999999999993,
        "volume_m3": 239.99999999999994,
        "data_status": "DEMO / SYNTHETIC"
      },
      "geometry": {
        "type": "Polygon",
        "coordinates": [
          [
            [
              80.2069763830577,
              13.0853437497815
            ],
            [
              80.2069725830553,
              13.0852731497816
            ],
            [
              80.2069094830564,
              13.0852764497837
            ],
            [
              80.2069071830549,
              13.0852344497838
            ],
            [
              80.2068256830563,
              13.0852387497864
            ],
            [
              80.20683351574807,
              13.08538229978485
            ],
            [
              80.2069807330588,
              13.08538229978485
            ],
            [
              80.2069807330588,
              13.085343520222178
            ],
            [
              80.2069763830577,
              13.0853437497815
            ]
          ]
        ]
      }
    },
    {
      "type": "Feature",
      "properties": {
        "unit_id": "B011-F04-U02",
        "floor_id": "B011-F04",
        "building_id": "B011",
        "parcel_id": "P000011",
        "demo_ulpin": "DEMO-TN-CHN-000011",
        "property_3d_id": "3D-CHN-P000011-B011-F04-U02",
        "area_sqm": 75.0,
        "z_min": 9.600000000000001,
        "z_max": 12.8,
        "height": 3.1999999999999993,
        "volume_m3": 239.99999999999994,
        "data_status": "DEMO / SYNTHETIC"
      },
      "geometry": {
        "type": "Polygon",
        "coordinates": [
          [
            [
              80.2071260830553,
              13.0853358497766
            ],
            [
              80.2069807330588,
              13.085343520222178
            ],
            [
              80.2069807330588,
              13.08538229978485
            ],
            [
              80.20712860158721,
              13.08538229978485
            ],
            [
              80.2071260830553,
              13.0853358497766
            ]
          ]
        ]
      }
    },
    {
      "type": "Feature",
      "properties": {
        "unit_id": "B011-F04-U03",
        "floor_id": "B011-F04",
        "building_id": "B011",
        "parcel_id": "P000011",
        "demo_ulpin": "DEMO-TN-CHN-000011",
        "property_3d_id": "3D-CHN-P000011-B011-F04-U03",
        "area_sqm": 75.0,
        "z_min": 9.600000000000001,
        "z_max": 12.8,
        "height": 3.1999999999999993,
        "volume_m3": 239.99999999999994,
        "data_status": "DEMO / SYNTHETIC"
      },
      "geometry": {
        "type": "Polygon",
        "coordinates": [
          [
            [
              80.2069807330588,
              13.085522865927102
            ],
            [
              80.2069807330588,
              13.08538229978485
            ],
            [
              80.20683351574807,
              13.08538229978485
            ],
            [
              80.2068415830661,
              13.0855301497859
            ],
            [
              80.2069807330588,
              13.085522865927102
            ]
          ]
        ]
      }
    },
    {
      "type": "Feature",
      "properties": {
        "unit_id": "B011-F04-U04",
        "floor_id": "B011-F04",
        "building_id": "B011",
        "parcel_id": "P000011",
        "demo_ulpin": "DEMO-TN-CHN-000011",
        "property_3d_id": "3D-CHN-P000011-B011-F04-U04",
        "area_sqm": 75.0,
        "z_min": 9.600000000000001,
        "z_max": 12.8,
        "height": 3.1999999999999993,
        "volume_m3": 239.99999999999994,
        "data_status": "DEMO / SYNTHETIC"
      },
      "geometry": {
        "type": "Polygon",
        "coordinates": [
          [
            [
              80.20712860158721,
              13.08538229978485
            ],
            [
              80.2069807330588,
              13.08538229978485
            ],
            [
              80.2069807330588,
              13.085522865927102
            ],
            [
              80.2071357830613,
              13.0855147497763
            ],
            [
              80.20712860158721,
              13.08538229978485
            ]
          ]
        ]
      }
    },
    {
      "type": "Feature",
      "properties": {
        "unit_id": "B011-F05-U01",
        "floor_id": "B011-F05",
        "building_id": "B011",
        "parcel_id": "P000011",
        "demo_ulpin": "DEMO-TN-CHN-000011",
        "property_3d_id": "3D-CHN-P000011-B011-F05-U01",
        "area_sqm": 75.0,
        "z_min": 12.8,
        "z_max": 16.0,
        "height": 3.1999999999999993,
        "volume_m3": 239.99999999999994,
        "data_status": "DEMO / SYNTHETIC"
      },
      "geometry": {
        "type": "Polygon",
        "coordinates": [
          [
            [
              80.2069763830577,
              13.0853437497815
            ],
            [
              80.2069725830553,
              13.0852731497816
            ],
            [
              80.2069094830564,
              13.0852764497837
            ],
            [
              80.2069071830549,
              13.0852344497838
            ],
            [
              80.2068256830563,
              13.0852387497864
            ],
            [
              80.20683351574807,
              13.08538229978485
            ],
            [
              80.2069807330588,
              13.08538229978485
            ],
            [
              80.2069807330588,
              13.085343520222178
            ],
            [
              80.2069763830577,
              13.0853437497815
            ]
          ]
        ]
      }
    },
    {
      "type": "Feature",
      "properties": {
        "unit_id": "B011-F05-U02",
        "floor_id": "B011-F05",
        "building_id": "B011",
        "parcel_id": "P000011",
        "demo_ulpin": "DEMO-TN-CHN-000011",
        "property_3d_id": "3D-CHN-P000011-B011-F05-U02",
        "area_sqm": 75.0,
        "z_min": 12.8,
        "z_max": 16.0,
        "height": 3.1999999999999993,
        "volume_m3": 239.99999999999994,
        "data_status": "DEMO / SYNTHETIC"
      },
      "geometry": {
        "type": "Polygon",
        "coordinates": [
          [
            [
              80.2071260830553,
              13.0853358497766
            ],
            [
              80.2069807330588,
              13.085343520222178
            ],
            [
              80.2069807330588,
              13.08538229978485
            ],
            [
              80.20712860158721,
              13.08538229978485
            ],
            [
              80.2071260830553,
              13.0853358497766
            ]
          ]
        ]
      }
    },
    {
      "type": "Feature",
      "properties": {
        "unit_id": "B011-F05-U03",
        "floor_id": "B011-F05",
        "building_id": "B011",
        "parcel_id": "P000011",
        "demo_ulpin": "DEMO-TN-CHN-000011",
        "property_3d_id": "3D-CHN-P000011-B011-F05-U03",
        "area_sqm": 75.0,
        "z_min": 12.8,
        "z_max": 16.0,
        "height": 3.1999999999999993,
        "volume_m3": 239.99999999999994,
        "data_status": "DEMO / SYNTHETIC"
      },
      "geometry": {
        "type": "Polygon",
        "coordinates": [
          [
            [
              80.2069807330588,
              13.085522865927102
            ],
            [
              80.2069807330588,
              13.08538229978485
            ],
            [
              80.20683351574807,
              13.08538229978485
            ],
            [
              80.2068415830661,
              13.0855301497859
            ],
            [
              80.2069807330588,
              13.085522865927102
            ]
          ]
        ]
      }
    },
    {
      "type": "Feature",
      "properties": {
        "unit_id": "B011-F05-U04",
        "floor_id": "B011-F05",
        "building_id": "B011",
        "parcel_id": "P000011",
        "demo_ulpin": "DEMO-TN-CHN-000011",
        "property_3d_id": "3D-CHN-P000011-B011-F05-U04",
        "area_sqm": 75.0,
        "z_min": 12.8,
        "z_max": 16.0,
        "height": 3.1999999999999993,
        "volume_m3": 239.99999999999994,
        "data_status": "DEMO / SYNTHETIC"
      },
      "geometry": {
        "type": "Polygon",
        "coordinates": [
          [
            [
              80.20712860158721,
              13.08538229978485
            ],
            [
              80.2069807330588,
              13.08538229978485
            ],
            [
              80.2069807330588,
              13.085522865927102
            ],
            [
              80.2071357830613,
              13.0855147497763
            ],
            [
              80.20712860158721,
              13.08538229978485
            ]
          ]
        ]
      }
    },
    {
      "type": "Feature",
      "properties": {
        "unit_id": "B012-F01-U01",
        "floor_id": "B012-F01",
        "building_id": "B012",
        "parcel_id": "P000012",
        "demo_ulpin": "DEMO-TN-CHN-000012",
        "property_3d_id": "3D-CHN-P000012-B012-F01-U01",
        "area_sqm": 75.0,
        "z_min": 0.0,
        "z_max": 3.2,
        "height": 3.2,
        "volume_m3": 240.0,
        "data_status": "DEMO / SYNTHETIC"
      },
      "geometry": {
        "type": "Polygon",
        "coordinates": [
          [
            [
              80.20834362540437,
              13.0883575998038
            ],
            [
              80.20852178317115,
              13.0883575998038
            ],
            [
              80.20852178317115,
              13.08827172296532
            ],
            [
              80.2085040831686,
              13.0882733498044
            ],
            [
              80.2085059831693,
              13.0882938498043
            ],
            [
              80.2084294831707,
              13.0883008498068
            ],
            [
              80.20842758317,
              13.0882802498069
            ],
            [
              80.2084765831691,
              13.0882758498053
            ],
            [
              80.2084730831679,
              13.0882384498054
            ],
            [
              80.2083490831701,
              13.0882497498095
            ],
            [
              80.208354583172,
              13.0883076498093
            ],
            [
              80.2083389831723,
              13.0883090498098
            ],
            [
              80.20834362540437,
              13.0883575998038
            ]
          ]
        ]
      }
    },
    {
      "type": "Feature",
      "properties": {
        "unit_id": "B012-F01-U02",
        "floor_id": "B012-F01",
        "building_id": "B012",
        "parcel_id": "P000012",
        "demo_ulpin": "DEMO-TN-CHN-000012",
        "property_3d_id": "3D-CHN-P000012-B012-F01-U02",
        "area_sqm": 75.0,
        "z_min": 0.0,
        "z_max": 3.2,
        "height": 3.2,
        "volume_m3": 240.0,
        "data_status": "DEMO / SYNTHETIC"
      },
      "geometry": {
        "type": "Polygon",
        "coordinates": [
          [
            [
              80.2086193831666,
              13.0882628498006
            ],
            [
              80.2086911831654,
              13.0882562497983
            ],
            [
              80.2086876831641,
              13.0882189497984
            ],
            [
              80.2085277831669,
              13.0882334498036
            ],
            [
              80.2085312831682,
              13.0882708498035
            ],
            [
              80.20852178317115,
              13.08827172296532
            ],
            [
              80.20852178317115,
              13.0883575998038
            ],
            [
              80.20862835643896,
              13.0883575998038
            ],
            [
              80.2086193831666,
              13.0882628498006
            ]
          ]
        ]
      }
    },
    {
      "type": "Feature",
      "properties": {
        "unit_id": "B012-F01-U03",
        "floor_id": "B012-F01",
        "building_id": "B012",
        "parcel_id": "P000012",
        "demo_ulpin": "DEMO-TN-CHN-000012",
        "property_3d_id": "3D-CHN-P000012-B012-F01-U03",
        "area_sqm": 75.0,
        "z_min": 0.0,
        "z_max": 3.2,
        "height": 3.2,
        "volume_m3": 240.0,
        "data_status": "DEMO / SYNTHETIC"
      },
      "geometry": {
        "type": "Polygon",
        "coordinates": [
          [
            [
              80.2084471831769,
              13.0884880498063
            ],
            [
              80.2084435831756,
              13.0884495498064
            ],
            [
              80.2084707831751,
              13.0884470498055
            ],
            [
              80.2084681831742,
              13.0884189498056
            ],
            [
              80.2085174831733,
              13.088414449804
            ],
            [
              80.2085200831742,
              13.0884426498039
            ],
            [
              80.20852178317115,
              13.088442494126465
            ],
            [
              80.20852178317115,
              13.0883575998038
            ],
            [
              80.20834362540437,
              13.0883575998038
            ],
            [
              80.2083437831739,
              13.0883592498096
            ],
            [
              80.2083593831736,
              13.0883578498091
            ],
            [
              80.2083619831745,
              13.088385349809
            ],
            [
              80.2083463831748,
              13.0883867498095
            ],
            [
              80.2083567831784,
              13.0884962498092
            ],
            [
              80.2084471831769,
              13.0884880498063
            ]
          ]
        ]
      }
    },
    {
      "type": "Feature",
      "properties": {
        "unit_id": "B012-F01-U04",
        "floor_id": "B012-F01",
        "building_id": "B012",
        "parcel_id": "P000012",
        "demo_ulpin": "DEMO-TN-CHN-000012",
        "property_3d_id": "3D-CHN-P000012-B012-F01-U04",
        "area_sqm": 75.0,
        "z_min": 0.0,
        "z_max": 3.2,
        "height": 3.2,
        "volume_m3": 240.0,
        "data_status": "DEMO / SYNTHETIC"
      },
      "geometry": {
        "type": "Polygon",
        "coordinates": [
          [
            [
              80.2086286831699,
              13.0883610498003
            ],
            [
              80.20862835643896,
              13.0883575998038
            ],
            [
              80.20852178317115,
              13.0883575998038
            ],
            [
              80.20852178317115,
              13.088442494126465
            ],
            [
              80.2085473831738,
              13.088440149803
            ],
            [
              80.208550983175,
              13.0884785498029
            ],
            [
              80.2086390831735,
              13.0884705498
            ],
            [
              80.2086327831713,
              13.0884039498002
            ],
            [
              80.20870458317,
              13.0883974497978
            ],
            [
              80.2087007746611,
              13.0883575998038
            ],
            [
              80.20866679234784,
              13.0883575998038
            ],
            [
              80.2086286831699,
              13.0883610498003
            ]
          ]
        ]
      }
    },
    {
      "type": "Feature",
      "properties": {
        "unit_id": "B012-F02-U01",
        "floor_id": "B012-F02",
        "building_id": "B012",
        "parcel_id": "P000012",
        "demo_ulpin": "DEMO-TN-CHN-000012",
        "property_3d_id": "3D-CHN-P000012-B012-F02-U01",
        "area_sqm": 75.0,
        "z_min": 3.2,
        "z_max": 6.4,
        "height": 3.2,
        "volume_m3": 240.0,
        "data_status": "DEMO / SYNTHETIC"
      },
      "geometry": {
        "type": "Polygon",
        "coordinates": [
          [
            [
              80.20834362540437,
              13.0883575998038
            ],
            [
              80.20852178317115,
              13.0883575998038
            ],
            [
              80.20852178317115,
              13.08827172296532
            ],
            [
              80.2085040831686,
              13.0882733498044
            ],
            [
              80.2085059831693,
              13.0882938498043
            ],
            [
              80.2084294831707,
              13.0883008498068
            ],
            [
              80.20842758317,
              13.0882802498069
            ],
            [
              80.2084765831691,
              13.0882758498053
            ],
            [
              80.2084730831679,
              13.0882384498054
            ],
            [
              80.2083490831701,
              13.0882497498095
            ],
            [
              80.208354583172,
              13.0883076498093
            ],
            [
              80.2083389831723,
              13.0883090498098
            ],
            [
              80.20834362540437,
              13.0883575998038
            ]
          ]
        ]
      }
    },
    {
      "type": "Feature",
      "properties": {
        "unit_id": "B012-F02-U02",
        "floor_id": "B012-F02",
        "building_id": "B012",
        "parcel_id": "P000012",
        "demo_ulpin": "DEMO-TN-CHN-000012",
        "property_3d_id": "3D-CHN-P000012-B012-F02-U02",
        "area_sqm": 75.0,
        "z_min": 3.2,
        "z_max": 6.4,
        "height": 3.2,
        "volume_m3": 240.0,
        "data_status": "DEMO / SYNTHETIC"
      },
      "geometry": {
        "type": "Polygon",
        "coordinates": [
          [
            [
              80.2086193831666,
              13.0882628498006
            ],
            [
              80.2086911831654,
              13.0882562497983
            ],
            [
              80.2086876831641,
              13.0882189497984
            ],
            [
              80.2085277831669,
              13.0882334498036
            ],
            [
              80.2085312831682,
              13.0882708498035
            ],
            [
              80.20852178317115,
              13.08827172296532
            ],
            [
              80.20852178317115,
              13.0883575998038
            ],
            [
              80.20862835643896,
              13.0883575998038
            ],
            [
              80.2086193831666,
              13.0882628498006
            ]
          ]
        ]
      }
    },
    {
      "type": "Feature",
      "properties": {
        "unit_id": "B012-F02-U03",
        "floor_id": "B012-F02",
        "building_id": "B012",
        "parcel_id": "P000012",
        "demo_ulpin": "DEMO-TN-CHN-000012",
        "property_3d_id": "3D-CHN-P000012-B012-F02-U03",
        "area_sqm": 75.0,
        "z_min": 3.2,
        "z_max": 6.4,
        "height": 3.2,
        "volume_m3": 240.0,
        "data_status": "DEMO / SYNTHETIC"
      },
      "geometry": {
        "type": "Polygon",
        "coordinates": [
          [
            [
              80.2084471831769,
              13.0884880498063
            ],
            [
              80.2084435831756,
              13.0884495498064
            ],
            [
              80.2084707831751,
              13.0884470498055
            ],
            [
              80.2084681831742,
              13.0884189498056
            ],
            [
              80.2085174831733,
              13.088414449804
            ],
            [
              80.2085200831742,
              13.0884426498039
            ],
            [
              80.20852178317115,
              13.088442494126465
            ],
            [
              80.20852178317115,
              13.0883575998038
            ],
            [
              80.20834362540437,
              13.0883575998038
            ],
            [
              80.2083437831739,
              13.0883592498096
            ],
            [
              80.2083593831736,
              13.0883578498091
            ],
            [
              80.2083619831745,
              13.088385349809
            ],
            [
              80.2083463831748,
              13.0883867498095
            ],
            [
              80.2083567831784,
              13.0884962498092
            ],
            [
              80.2084471831769,
              13.0884880498063
            ]
          ]
        ]
      }
    },
    {
      "type": "Feature",
      "properties": {
        "unit_id": "B012-F02-U04",
        "floor_id": "B012-F02",
        "building_id": "B012",
        "parcel_id": "P000012",
        "demo_ulpin": "DEMO-TN-CHN-000012",
        "property_3d_id": "3D-CHN-P000012-B012-F02-U04",
        "area_sqm": 75.0,
        "z_min": 3.2,
        "z_max": 6.4,
        "height": 3.2,
        "volume_m3": 240.0,
        "data_status": "DEMO / SYNTHETIC"
      },
      "geometry": {
        "type": "Polygon",
        "coordinates": [
          [
            [
              80.2086286831699,
              13.0883610498003
            ],
            [
              80.20862835643896,
              13.0883575998038
            ],
            [
              80.20852178317115,
              13.0883575998038
            ],
            [
              80.20852178317115,
              13.088442494126465
            ],
            [
              80.2085473831738,
              13.088440149803
            ],
            [
              80.208550983175,
              13.0884785498029
            ],
            [
              80.2086390831735,
              13.0884705498
            ],
            [
              80.2086327831713,
              13.0884039498002
            ],
            [
              80.20870458317,
              13.0883974497978
            ],
            [
              80.2087007746611,
              13.0883575998038
            ],
            [
              80.20866679234784,
              13.0883575998038
            ],
            [
              80.2086286831699,
              13.0883610498003
            ]
          ]
        ]
      }
    },
    {
      "type": "Feature",
      "properties": {
        "unit_id": "B012-F03-U01",
        "floor_id": "B012-F03",
        "building_id": "B012",
        "parcel_id": "P000012",
        "demo_ulpin": "DEMO-TN-CHN-000012",
        "property_3d_id": "3D-CHN-P000012-B012-F03-U01",
        "area_sqm": 75.0,
        "z_min": 6.4,
        "z_max": 9.600000000000001,
        "height": 3.200000000000001,
        "volume_m3": 240.00000000000009,
        "data_status": "DEMO / SYNTHETIC"
      },
      "geometry": {
        "type": "Polygon",
        "coordinates": [
          [
            [
              80.20834362540437,
              13.0883575998038
            ],
            [
              80.20852178317115,
              13.0883575998038
            ],
            [
              80.20852178317115,
              13.08827172296532
            ],
            [
              80.2085040831686,
              13.0882733498044
            ],
            [
              80.2085059831693,
              13.0882938498043
            ],
            [
              80.2084294831707,
              13.0883008498068
            ],
            [
              80.20842758317,
              13.0882802498069
            ],
            [
              80.2084765831691,
              13.0882758498053
            ],
            [
              80.2084730831679,
              13.0882384498054
            ],
            [
              80.2083490831701,
              13.0882497498095
            ],
            [
              80.208354583172,
              13.0883076498093
            ],
            [
              80.2083389831723,
              13.0883090498098
            ],
            [
              80.20834362540437,
              13.0883575998038
            ]
          ]
        ]
      }
    },
    {
      "type": "Feature",
      "properties": {
        "unit_id": "B012-F03-U02",
        "floor_id": "B012-F03",
        "building_id": "B012",
        "parcel_id": "P000012",
        "demo_ulpin": "DEMO-TN-CHN-000012",
        "property_3d_id": "3D-CHN-P000012-B012-F03-U02",
        "area_sqm": 75.0,
        "z_min": 6.4,
        "z_max": 9.600000000000001,
        "height": 3.200000000000001,
        "volume_m3": 240.00000000000009,
        "data_status": "DEMO / SYNTHETIC"
      },
      "geometry": {
        "type": "Polygon",
        "coordinates": [
          [
            [
              80.2086193831666,
              13.0882628498006
            ],
            [
              80.2086911831654,
              13.0882562497983
            ],
            [
              80.2086876831641,
              13.0882189497984
            ],
            [
              80.2085277831669,
              13.0882334498036
            ],
            [
              80.2085312831682,
              13.0882708498035
            ],
            [
              80.20852178317115,
              13.08827172296532
            ],
            [
              80.20852178317115,
              13.0883575998038
            ],
            [
              80.20862835643896,
              13.0883575998038
            ],
            [
              80.2086193831666,
              13.0882628498006
            ]
          ]
        ]
      }
    },
    {
      "type": "Feature",
      "properties": {
        "unit_id": "B012-F03-U03",
        "floor_id": "B012-F03",
        "building_id": "B012",
        "parcel_id": "P000012",
        "demo_ulpin": "DEMO-TN-CHN-000012",
        "property_3d_id": "3D-CHN-P000012-B012-F03-U03",
        "area_sqm": 75.0,
        "z_min": 6.4,
        "z_max": 9.600000000000001,
        "height": 3.200000000000001,
        "volume_m3": 240.00000000000009,
        "data_status": "DEMO / SYNTHETIC"
      },
      "geometry": {
        "type": "Polygon",
        "coordinates": [
          [
            [
              80.2084471831769,
              13.0884880498063
            ],
            [
              80.2084435831756,
              13.0884495498064
            ],
            [
              80.2084707831751,
              13.0884470498055
            ],
            [
              80.2084681831742,
              13.0884189498056
            ],
            [
              80.2085174831733,
              13.088414449804
            ],
            [
              80.2085200831742,
              13.0884426498039
            ],
            [
              80.20852178317115,
              13.088442494126465
            ],
            [
              80.20852178317115,
              13.0883575998038
            ],
            [
              80.20834362540437,
              13.0883575998038
            ],
            [
              80.2083437831739,
              13.0883592498096
            ],
            [
              80.2083593831736,
              13.0883578498091
            ],
            [
              80.2083619831745,
              13.088385349809
            ],
            [
              80.2083463831748,
              13.0883867498095
            ],
            [
              80.2083567831784,
              13.0884962498092
            ],
            [
              80.2084471831769,
              13.0884880498063
            ]
          ]
        ]
      }
    },
    {
      "type": "Feature",
      "properties": {
        "unit_id": "B012-F03-U04",
        "floor_id": "B012-F03",
        "building_id": "B012",
        "parcel_id": "P000012",
        "demo_ulpin": "DEMO-TN-CHN-000012",
        "property_3d_id": "3D-CHN-P000012-B012-F03-U04",
        "area_sqm": 75.0,
        "z_min": 6.4,
        "z_max": 9.600000000000001,
        "height": 3.200000000000001,
        "volume_m3": 240.00000000000009,
        "data_status": "DEMO / SYNTHETIC"
      },
      "geometry": {
        "type": "Polygon",
        "coordinates": [
          [
            [
              80.2086286831699,
              13.0883610498003
            ],
            [
              80.20862835643896,
              13.0883575998038
            ],
            [
              80.20852178317115,
              13.0883575998038
            ],
            [
              80.20852178317115,
              13.088442494126465
            ],
            [
              80.2085473831738,
              13.088440149803
            ],
            [
              80.208550983175,
              13.0884785498029
            ],
            [
              80.2086390831735,
              13.0884705498
            ],
            [
              80.2086327831713,
              13.0884039498002
            ],
            [
              80.20870458317,
              13.0883974497978
            ],
            [
              80.2087007746611,
              13.0883575998038
            ],
            [
              80.20866679234784,
              13.0883575998038
            ],
            [
              80.2086286831699,
              13.0883610498003
            ]
          ]
        ]
      }
    },
    {
      "type": "Feature",
      "properties": {
        "unit_id": "B012-F04-U01",
        "floor_id": "B012-F04",
        "building_id": "B012",
        "parcel_id": "P000012",
        "demo_ulpin": "DEMO-TN-CHN-000012",
        "property_3d_id": "3D-CHN-P000012-B012-F04-U01",
        "area_sqm": 75.0,
        "z_min": 9.600000000000001,
        "z_max": 12.8,
        "height": 3.1999999999999993,
        "volume_m3": 239.99999999999994,
        "data_status": "DEMO / SYNTHETIC"
      },
      "geometry": {
        "type": "Polygon",
        "coordinates": [
          [
            [
              80.20834362540437,
              13.0883575998038
            ],
            [
              80.20852178317115,
              13.0883575998038
            ],
            [
              80.20852178317115,
              13.08827172296532
            ],
            [
              80.2085040831686,
              13.0882733498044
            ],
            [
              80.2085059831693,
              13.0882938498043
            ],
            [
              80.2084294831707,
              13.0883008498068
            ],
            [
              80.20842758317,
              13.0882802498069
            ],
            [
              80.2084765831691,
              13.0882758498053
            ],
            [
              80.2084730831679,
              13.0882384498054
            ],
            [
              80.2083490831701,
              13.0882497498095
            ],
            [
              80.208354583172,
              13.0883076498093
            ],
            [
              80.2083389831723,
              13.0883090498098
            ],
            [
              80.20834362540437,
              13.0883575998038
            ]
          ]
        ]
      }
    },
    {
      "type": "Feature",
      "properties": {
        "unit_id": "B012-F04-U02",
        "floor_id": "B012-F04",
        "building_id": "B012",
        "parcel_id": "P000012",
        "demo_ulpin": "DEMO-TN-CHN-000012",
        "property_3d_id": "3D-CHN-P000012-B012-F04-U02",
        "area_sqm": 75.0,
        "z_min": 9.600000000000001,
        "z_max": 12.8,
        "height": 3.1999999999999993,
        "volume_m3": 239.99999999999994,
        "data_status": "DEMO / SYNTHETIC"
      },
      "geometry": {
        "type": "Polygon",
        "coordinates": [
          [
            [
              80.2086193831666,
              13.0882628498006
            ],
            [
              80.2086911831654,
              13.0882562497983
            ],
            [
              80.2086876831641,
              13.0882189497984
            ],
            [
              80.2085277831669,
              13.0882334498036
            ],
            [
              80.2085312831682,
              13.0882708498035
            ],
            [
              80.20852178317115,
              13.08827172296532
            ],
            [
              80.20852178317115,
              13.0883575998038
            ],
            [
              80.20862835643896,
              13.0883575998038
            ],
            [
              80.2086193831666,
              13.0882628498006
            ]
          ]
        ]
      }
    },
    {
      "type": "Feature",
      "properties": {
        "unit_id": "B012-F04-U03",
        "floor_id": "B012-F04",
        "building_id": "B012",
        "parcel_id": "P000012",
        "demo_ulpin": "DEMO-TN-CHN-000012",
        "property_3d_id": "3D-CHN-P000012-B012-F04-U03",
        "area_sqm": 75.0,
        "z_min": 9.600000000000001,
        "z_max": 12.8,
        "height": 3.1999999999999993,
        "volume_m3": 239.99999999999994,
        "data_status": "DEMO / SYNTHETIC"
      },
      "geometry": {
        "type": "Polygon",
        "coordinates": [
          [
            [
              80.2084471831769,
              13.0884880498063
            ],
            [
              80.2084435831756,
              13.0884495498064
            ],
            [
              80.2084707831751,
              13.0884470498055
            ],
            [
              80.2084681831742,
              13.0884189498056
            ],
            [
              80.2085174831733,
              13.088414449804
            ],
            [
              80.2085200831742,
              13.0884426498039
            ],
            [
              80.20852178317115,
              13.088442494126465
            ],
            [
              80.20852178317115,
              13.0883575998038
            ],
            [
              80.20834362540437,
              13.0883575998038
            ],
            [
              80.2083437831739,
              13.0883592498096
            ],
            [
              80.2083593831736,
              13.0883578498091
            ],
            [
              80.2083619831745,
              13.088385349809
            ],
            [
              80.2083463831748,
              13.0883867498095
            ],
            [
              80.2083567831784,
              13.0884962498092
            ],
            [
              80.2084471831769,
              13.0884880498063
            ]
          ]
        ]
      }
    },
    {
      "type": "Feature",
      "properties": {
        "unit_id": "B012-F04-U04",
        "floor_id": "B012-F04",
        "building_id": "B012",
        "parcel_id": "P000012",
        "demo_ulpin": "DEMO-TN-CHN-000012",
        "property_3d_id": "3D-CHN-P000012-B012-F04-U04",
        "area_sqm": 75.0,
        "z_min": 9.600000000000001,
        "z_max": 12.8,
        "height": 3.1999999999999993,
        "volume_m3": 239.99999999999994,
        "data_status": "DEMO / SYNTHETIC"
      },
      "geometry": {
        "type": "Polygon",
        "coordinates": [
          [
            [
              80.2086286831699,
              13.0883610498003
            ],
            [
              80.20862835643896,
              13.0883575998038
            ],
            [
              80.20852178317115,
              13.0883575998038
            ],
            [
              80.20852178317115,
              13.088442494126465
            ],
            [
              80.2085473831738,
              13.088440149803
            ],
            [
              80.208550983175,
              13.0884785498029
            ],
            [
              80.2086390831735,
              13.0884705498
            ],
            [
              80.2086327831713,
              13.0884039498002
            ],
            [
              80.20870458317,
              13.0883974497978
            ],
            [
              80.2087007746611,
              13.0883575998038
            ],
            [
              80.20866679234784,
              13.0883575998038
            ],
            [
              80.2086286831699,
              13.0883610498003
            ]
          ]
        ]
      }
    },
    {
      "type": "Feature",
      "properties": {
        "unit_id": "B013-F01-U01",
        "floor_id": "B013-F01",
        "building_id": "B013",
        "parcel_id": "P000013",
        "demo_ulpin": "DEMO-TN-CHN-000013",
        "property_3d_id": "3D-CHN-P000013-B013-F01-U01",
        "area_sqm": 75.0,
        "z_min": 0.0,
        "z_max": 3.2,
        "height": 3.2,
        "volume_m3": 240.0,
        "data_status": "DEMO / SYNTHETIC"
      },
      "geometry": {
        "type": "Polygon",
        "coordinates": [
          [
            [
              80.2053614125243,
              13.085655599834698
            ],
            [
              80.20558048309184,
              13.085655599834698
            ],
            [
              80.20558048309184,
              13.085581556833318
            ],
            [
              80.2053577830929,
              13.0855941498419
            ],
            [
              80.2053614125243,
              13.085655599834698
            ]
          ]
        ]
      }
    },
    {
      "type": "Feature",
      "properties": {
        "unit_id": "B013-F01-U02",
        "floor_id": "B013-F01",
        "building_id": "B013",
        "parcel_id": "P000013",
        "demo_ulpin": "DEMO-TN-CHN-000013",
        "property_3d_id": "3D-CHN-P000013-B013-F01-U02",
        "area_sqm": 75.0,
        "z_min": 0.0,
        "z_max": 3.2,
        "height": 3.2,
        "volume_m3": 240.0,
        "data_status": "DEMO / SYNTHETIC"
      },
      "geometry": {
        "type": "Polygon",
        "coordinates": [
          [
            [
              80.2057963830869,
              13.0856004498275
            ],
            [
              80.205791083087,
              13.0856007498277
            ],
            [
              80.2057892830859,
              13.0855697498278
            ],
            [
              80.20558048309184,
              13.085581556833318
            ],
            [
              80.20558048309184,
              13.085655599834698
            ],
            [
              80.20579960768075,
              13.085655599834698
            ],
            [
              80.2057963830869,
              13.0856004498275
            ]
          ]
        ]
      }
    },
    {
      "type": "Feature",
      "properties": {
        "unit_id": "B013-F01-U03",
        "floor_id": "B013-F01",
        "building_id": "B013",
        "parcel_id": "P000013",
        "demo_ulpin": "DEMO-TN-CHN-000013",
        "property_3d_id": "3D-CHN-P000013-B013-F01-U03",
        "area_sqm": 75.0,
        "z_min": 0.0,
        "z_max": 3.2,
        "height": 3.2,
        "volume_m3": 240.0,
        "data_status": "DEMO / SYNTHETIC"
      },
      "geometry": {
        "type": "Polygon",
        "coordinates": [
          [
            [
              80.20558048309184,
              13.085729345873208
            ],
            [
              80.20558048309184,
              13.085655599834698
            ],
            [
              80.2053614125243,
              13.085655599834698
            ],
            [
              80.2053664830979,
              13.0857414498416
            ],
            [
              80.20558048309184,
              13.085729345873208
            ]
          ]
        ]
      }
    },
    {
      "type": "Feature",
      "properties": {
        "unit_id": "B013-F01-U04",
        "floor_id": "B013-F01",
        "building_id": "B013",
        "parcel_id": "P000013",
        "demo_ulpin": "DEMO-TN-CHN-000013",
        "property_3d_id": "3D-CHN-P000013-B013-F01-U04",
        "area_sqm": 75.0,
        "z_min": 0.0,
        "z_max": 3.2,
        "height": 3.2,
        "volume_m3": 240.0,
        "data_status": "DEMO / SYNTHETIC"
      },
      "geometry": {
        "type": "Polygon",
        "coordinates": [
          [
            [
              80.20579960768075,
              13.085655599834698
            ],
            [
              80.20558048309184,
              13.085655599834698
            ],
            [
              80.20558048309184,
              13.085729345873208
            ],
            [
              80.2058031830908,
              13.0857167498273
            ],
            [
              80.20579960768075,
              13.085655599834698
            ]
          ]
        ]
      }
    },
    {
      "type": "Feature",
      "properties": {
        "unit_id": "B013-F02-U01",
        "floor_id": "B013-F02",
        "building_id": "B013",
        "parcel_id": "P000013",
        "demo_ulpin": "DEMO-TN-CHN-000013",
        "property_3d_id": "3D-CHN-P000013-B013-F02-U01",
        "area_sqm": 75.0,
        "z_min": 3.2,
        "z_max": 6.4,
        "height": 3.2,
        "volume_m3": 240.0,
        "data_status": "DEMO / SYNTHETIC"
      },
      "geometry": {
        "type": "Polygon",
        "coordinates": [
          [
            [
              80.2053614125243,
              13.085655599834698
            ],
            [
              80.20558048309184,
              13.085655599834698
            ],
            [
              80.20558048309184,
              13.085581556833318
            ],
            [
              80.2053577830929,
              13.0855941498419
            ],
            [
              80.2053614125243,
              13.085655599834698
            ]
          ]
        ]
      }
    },
    {
      "type": "Feature",
      "properties": {
        "unit_id": "B013-F02-U02",
        "floor_id": "B013-F02",
        "building_id": "B013",
        "parcel_id": "P000013",
        "demo_ulpin": "DEMO-TN-CHN-000013",
        "property_3d_id": "3D-CHN-P000013-B013-F02-U02",
        "area_sqm": 75.0,
        "z_min": 3.2,
        "z_max": 6.4,
        "height": 3.2,
        "volume_m3": 240.0,
        "data_status": "DEMO / SYNTHETIC"
      },
      "geometry": {
        "type": "Polygon",
        "coordinates": [
          [
            [
              80.2057963830869,
              13.0856004498275
            ],
            [
              80.205791083087,
              13.0856007498277
            ],
            [
              80.2057892830859,
              13.0855697498278
            ],
            [
              80.20558048309184,
              13.085581556833318
            ],
            [
              80.20558048309184,
              13.085655599834698
            ],
            [
              80.20579960768075,
              13.085655599834698
            ],
            [
              80.2057963830869,
              13.0856004498275
            ]
          ]
        ]
      }
    },
    {
      "type": "Feature",
      "properties": {
        "unit_id": "B013-F02-U03",
        "floor_id": "B013-F02",
        "building_id": "B013",
        "parcel_id": "P000013",
        "demo_ulpin": "DEMO-TN-CHN-000013",
        "property_3d_id": "3D-CHN-P000013-B013-F02-U03",
        "area_sqm": 75.0,
        "z_min": 3.2,
        "z_max": 6.4,
        "height": 3.2,
        "volume_m3": 240.0,
        "data_status": "DEMO / SYNTHETIC"
      },
      "geometry": {
        "type": "Polygon",
        "coordinates": [
          [
            [
              80.20558048309184,
              13.085729345873208
            ],
            [
              80.20558048309184,
              13.085655599834698
            ],
            [
              80.2053614125243,
              13.085655599834698
            ],
            [
              80.2053664830979,
              13.0857414498416
            ],
            [
              80.20558048309184,
              13.085729345873208
            ]
          ]
        ]
      }
    },
    {
      "type": "Feature",
      "properties": {
        "unit_id": "B013-F02-U04",
        "floor_id": "B013-F02",
        "building_id": "B013",
        "parcel_id": "P000013",
        "demo_ulpin": "DEMO-TN-CHN-000013",
        "property_3d_id": "3D-CHN-P000013-B013-F02-U04",
        "area_sqm": 75.0,
        "z_min": 3.2,
        "z_max": 6.4,
        "height": 3.2,
        "volume_m3": 240.0,
        "data_status": "DEMO / SYNTHETIC"
      },
      "geometry": {
        "type": "Polygon",
        "coordinates": [
          [
            [
              80.20579960768075,
              13.085655599834698
            ],
            [
              80.20558048309184,
              13.085655599834698
            ],
            [
              80.20558048309184,
              13.085729345873208
            ],
            [
              80.2058031830908,
              13.0857167498273
            ],
            [
              80.20579960768075,
              13.085655599834698
            ]
          ]
        ]
      }
    },
    {
      "type": "Feature",
      "properties": {
        "unit_id": "B013-F03-U01",
        "floor_id": "B013-F03",
        "building_id": "B013",
        "parcel_id": "P000013",
        "demo_ulpin": "DEMO-TN-CHN-000013",
        "property_3d_id": "3D-CHN-P000013-B013-F03-U01",
        "area_sqm": 75.0,
        "z_min": 6.4,
        "z_max": 9.600000000000001,
        "height": 3.200000000000001,
        "volume_m3": 240.00000000000009,
        "data_status": "DEMO / SYNTHETIC"
      },
      "geometry": {
        "type": "Polygon",
        "coordinates": [
          [
            [
              80.2053614125243,
              13.085655599834698
            ],
            [
              80.20558048309184,
              13.085655599834698
            ],
            [
              80.20558048309184,
              13.085581556833318
            ],
            [
              80.2053577830929,
              13.0855941498419
            ],
            [
              80.2053614125243,
              13.085655599834698
            ]
          ]
        ]
      }
    },
    {
      "type": "Feature",
      "properties": {
        "unit_id": "B013-F03-U02",
        "floor_id": "B013-F03",
        "building_id": "B013",
        "parcel_id": "P000013",
        "demo_ulpin": "DEMO-TN-CHN-000013",
        "property_3d_id": "3D-CHN-P000013-B013-F03-U02",
        "area_sqm": 75.0,
        "z_min": 6.4,
        "z_max": 9.600000000000001,
        "height": 3.200000000000001,
        "volume_m3": 240.00000000000009,
        "data_status": "DEMO / SYNTHETIC"
      },
      "geometry": {
        "type": "Polygon",
        "coordinates": [
          [
            [
              80.2057963830869,
              13.0856004498275
            ],
            [
              80.205791083087,
              13.0856007498277
            ],
            [
              80.2057892830859,
              13.0855697498278
            ],
            [
              80.20558048309184,
              13.085581556833318
            ],
            [
              80.20558048309184,
              13.085655599834698
            ],
            [
              80.20579960768075,
              13.085655599834698
            ],
            [
              80.2057963830869,
              13.0856004498275
            ]
          ]
        ]
      }
    },
    {
      "type": "Feature",
      "properties": {
        "unit_id": "B013-F03-U03",
        "floor_id": "B013-F03",
        "building_id": "B013",
        "parcel_id": "P000013",
        "demo_ulpin": "DEMO-TN-CHN-000013",
        "property_3d_id": "3D-CHN-P000013-B013-F03-U03",
        "area_sqm": 75.0,
        "z_min": 6.4,
        "z_max": 9.600000000000001,
        "height": 3.200000000000001,
        "volume_m3": 240.00000000000009,
        "data_status": "DEMO / SYNTHETIC"
      },
      "geometry": {
        "type": "Polygon",
        "coordinates": [
          [
            [
              80.20558048309184,
              13.085729345873208
            ],
            [
              80.20558048309184,
              13.085655599834698
            ],
            [
              80.2053614125243,
              13.085655599834698
            ],
            [
              80.2053664830979,
              13.0857414498416
            ],
            [
              80.20558048309184,
              13.085729345873208
            ]
          ]
        ]
      }
    },
    {
      "type": "Feature",
      "properties": {
        "unit_id": "B013-F03-U04",
        "floor_id": "B013-F03",
        "building_id": "B013",
        "parcel_id": "P000013",
        "demo_ulpin": "DEMO-TN-CHN-000013",
        "property_3d_id": "3D-CHN-P000013-B013-F03-U04",
        "area_sqm": 75.0,
        "z_min": 6.4,
        "z_max": 9.600000000000001,
        "height": 3.200000000000001,
        "volume_m3": 240.00000000000009,
        "data_status": "DEMO / SYNTHETIC"
      },
      "geometry": {
        "type": "Polygon",
        "coordinates": [
          [
            [
              80.20579960768075,
              13.085655599834698
            ],
            [
              80.20558048309184,
              13.085655599834698
            ],
            [
              80.20558048309184,
              13.085729345873208
            ],
            [
              80.2058031830908,
              13.0857167498273
            ],
            [
              80.20579960768075,
              13.085655599834698
            ]
          ]
        ]
      }
    },
    {
      "type": "Feature",
      "properties": {
        "unit_id": "B014-F01-U01",
        "floor_id": "B014-F01",
        "building_id": "B014",
        "parcel_id": "P000014",
        "demo_ulpin": "DEMO-TN-CHN-000014",
        "property_3d_id": "3D-CHN-P000014-B014-F01-U01",
        "area_sqm": 75.0,
        "z_min": 0.0,
        "z_max": 3.2,
        "height": 3.2,
        "volume_m3": 240.0,
        "data_status": "DEMO / SYNTHETIC"
      },
      "geometry": {
        "type": "Polygon",
        "coordinates": [
          [
            [
              80.20274719396764,
              13.08951690730035
            ],
            [
              80.2029136150787,
              13.08951690730035
            ],
            [
              80.2029136150787,
              13.089420768327496
            ],
            [
              80.2027420857556,
              13.0894305137445
            ],
            [
              80.20274719396764,
              13.08951690730035
            ]
          ]
        ]
      }
    },
    {
      "type": "Feature",
      "properties": {
        "unit_id": "B014-F01-U02",
        "floor_id": "B014-F01",
        "building_id": "B014",
        "parcel_id": "P000014",
        "demo_ulpin": "DEMO-TN-CHN-000014",
        "property_3d_id": "3D-CHN-P000014-B014-F01-U02",
        "area_sqm": 75.0,
        "z_min": 0.0,
        "z_max": 3.2,
        "height": 3.2,
        "volume_m3": 240.0,
        "data_status": "DEMO / SYNTHETIC"
      },
      "geometry": {
        "type": "Polygon",
        "coordinates": [
          [
            [
              80.2029136150787,
              13.089420768327496
            ],
            [
              80.2029136150787,
              13.08951690730035
            ],
            [
              80.20308003607468,
              13.08951690730035
            ],
            [
              80.2030738133479,
              13.0894116666829
            ],
            [
              80.2029136150787,
              13.089420768327496
            ]
          ]
        ]
      }
    },
    {
      "type": "Feature",
      "properties": {
        "unit_id": "B014-F01-U03",
        "floor_id": "B014-F01",
        "building_id": "B014",
        "parcel_id": "P000014",
        "demo_ulpin": "DEMO-TN-CHN-000014",
        "property_3d_id": "3D-CHN-P000014-B014-F01-U03",
        "area_sqm": 75.0,
        "z_min": 0.0,
        "z_max": 3.2,
        "height": 3.2,
        "volume_m3": 240.0,
        "data_status": "DEMO / SYNTHETIC"
      },
      "geometry": {
        "type": "Polygon",
        "coordinates": [
          [
            [
              80.2029136150787,
              13.089613046266189
            ],
            [
              80.2029136150787,
              13.08951690730035
            ],
            [
              80.20274719396764,
              13.08951690730035
            ],
            [
              80.2027534165543,
              13.0896221479178
            ],
            [
              80.2029136150787,
              13.089613046266189
            ]
          ]
        ]
      }
    },
    {
      "type": "Feature",
      "properties": {
        "unit_id": "B014-F01-U04",
        "floor_id": "B014-F01",
        "building_id": "B014",
        "parcel_id": "P000014",
        "demo_ulpin": "DEMO-TN-CHN-000014",
        "property_3d_id": "3D-CHN-P000014-B014-F01-U04",
        "area_sqm": 75.0,
        "z_min": 0.0,
        "z_max": 3.2,
        "height": 3.2,
        "volume_m3": 240.0,
        "data_status": "DEMO / SYNTHETIC"
      },
      "geometry": {
        "type": "Polygon",
        "coordinates": [
          [
            [
              80.2030851444018,
              13.0896033008572
            ],
            [
              80.20308003607468,
              13.08951690730035
            ],
            [
              80.2029136150787,
              13.08951690730035
            ],
            [
              80.2029136150787,
              13.089613046266189
            ],
            [
              80.2030851444018,
              13.0896033008572
            ]
          ]
        ]
      }
    },
    {
      "type": "Feature",
      "properties": {
        "unit_id": "B014-F02-U01",
        "floor_id": "B014-F02",
        "building_id": "B014",
        "parcel_id": "P000014",
        "demo_ulpin": "DEMO-TN-CHN-000014",
        "property_3d_id": "3D-CHN-P000014-B014-F02-U01",
        "area_sqm": 75.0,
        "z_min": 3.2,
        "z_max": 6.4,
        "height": 3.2,
        "volume_m3": 240.0,
        "data_status": "DEMO / SYNTHETIC"
      },
      "geometry": {
        "type": "Polygon",
        "coordinates": [
          [
            [
              80.20274719396764,
              13.08951690730035
            ],
            [
              80.2029136150787,
              13.08951690730035
            ],
            [
              80.2029136150787,
              13.089420768327496
            ],
            [
              80.2027420857556,
              13.0894305137445
            ],
            [
              80.20274719396764,
              13.08951690730035
            ]
          ]
        ]
      }
    },
    {
      "type": "Feature",
      "properties": {
        "unit_id": "B014-F02-U02",
        "floor_id": "B014-F02",
        "building_id": "B014",
        "parcel_id": "P000014",
        "demo_ulpin": "DEMO-TN-CHN-000014",
        "property_3d_id": "3D-CHN-P000014-B014-F02-U02",
        "area_sqm": 75.0,
        "z_min": 3.2,
        "z_max": 6.4,
        "height": 3.2,
        "volume_m3": 240.0,
        "data_status": "DEMO / SYNTHETIC"
      },
      "geometry": {
        "type": "Polygon",
        "coordinates": [
          [
            [
              80.2029136150787,
              13.089420768327496
            ],
            [
              80.2029136150787,
              13.08951690730035
            ],
            [
              80.20308003607468,
              13.08951690730035
            ],
            [
              80.2030738133479,
              13.0894116666829
            ],
            [
              80.2029136150787,
              13.089420768327496
            ]
          ]
        ]
      }
    },
    {
      "type": "Feature",
      "properties": {
        "unit_id": "B014-F02-U03",
        "floor_id": "B014-F02",
        "building_id": "B014",
        "parcel_id": "P000014",
        "demo_ulpin": "DEMO-TN-CHN-000014",
        "property_3d_id": "3D-CHN-P000014-B014-F02-U03",
        "area_sqm": 75.0,
        "z_min": 3.2,
        "z_max": 6.4,
        "height": 3.2,
        "volume_m3": 240.0,
        "data_status": "DEMO / SYNTHETIC"
      },
      "geometry": {
        "type": "Polygon",
        "coordinates": [
          [
            [
              80.2029136150787,
              13.089613046266189
            ],
            [
              80.2029136150787,
              13.08951690730035
            ],
            [
              80.20274719396764,
              13.08951690730035
            ],
            [
              80.2027534165543,
              13.0896221479178
            ],
            [
              80.2029136150787,
              13.089613046266189
            ]
          ]
        ]
      }
    },
    {
      "type": "Feature",
      "properties": {
        "unit_id": "B014-F02-U04",
        "floor_id": "B014-F02",
        "building_id": "B014",
        "parcel_id": "P000014",
        "demo_ulpin": "DEMO-TN-CHN-000014",
        "property_3d_id": "3D-CHN-P000014-B014-F02-U04",
        "area_sqm": 75.0,
        "z_min": 3.2,
        "z_max": 6.4,
        "height": 3.2,
        "volume_m3": 240.0,
        "data_status": "DEMO / SYNTHETIC"
      },
      "geometry": {
        "type": "Polygon",
        "coordinates": [
          [
            [
              80.2030851444018,
              13.0896033008572
            ],
            [
              80.20308003607468,
              13.08951690730035
            ],
            [
              80.2029136150787,
              13.08951690730035
            ],
            [
              80.2029136150787,
              13.089613046266189
            ],
            [
              80.2030851444018,
              13.0896033008572
            ]
          ]
        ]
      }
    },
    {
      "type": "Feature",
      "properties": {
        "unit_id": "B015-F01-U01",
        "floor_id": "B015-F01",
        "building_id": "B015",
        "parcel_id": "P000015",
        "demo_ulpin": "DEMO-TN-CHN-000015",
        "property_3d_id": "3D-CHN-P000015-B015-F01-U01",
        "area_sqm": 75.0,
        "z_min": 0.0,
        "z_max": 3.2,
        "height": 3.2,
        "volume_m3": 240.0,
        "data_status": "DEMO / SYNTHETIC"
      },
      "geometry": {
        "type": "Polygon",
        "coordinates": [
          [
            [
              80.2009836043674,
              13.0830890319988
            ],
            [
              80.2010251173752,
              13.0830866466207
            ],
            [
              80.20102551210809,
              13.083093247805099
            ],
            [
              80.2011549245552,
              13.083093247805099
            ],
            [
              80.2011549245552,
              13.08298569816367
            ],
            [
              80.2009780331094,
              13.0829958626024
            ],
            [
              80.2009836043674,
              13.0830890319988
            ]
          ]
        ]
      }
    },
    {
      "type": "Feature",
      "properties": {
        "unit_id": "B015-F01-U02",
        "floor_id": "B015-F01",
        "building_id": "B015",
        "parcel_id": "P000015",
        "demo_ulpin": "DEMO-TN-CHN-000015",
        "property_3d_id": "3D-CHN-P000015-B015-F01-U02",
        "area_sqm": 75.0,
        "z_min": 0.0,
        "z_max": 3.2,
        "height": 3.2,
        "volume_m3": 240.0,
        "data_status": "DEMO / SYNTHETIC"
      },
      "geometry": {
        "type": "Polygon",
        "coordinates": [
          [
            [
              80.2012491611677,
              13.0829802831914
            ],
            [
              80.2011549245552,
              13.08298569816367
            ],
            [
              80.2011549245552,
              13.083093247805099
            ],
            [
              80.20125591624623,
              13.083093247805099
            ],
            [
              80.2012491611677,
              13.0829802831914
            ]
          ]
        ]
      }
    },
    {
      "type": "Feature",
      "properties": {
        "unit_id": "B015-F01-U03",
        "floor_id": "B015-F01",
        "building_id": "B015",
        "parcel_id": "P000015",
        "demo_ulpin": "DEMO-TN-CHN-000015",
        "property_3d_id": "3D-CHN-P000015-B015-F01-U03",
        "area_sqm": 75.0,
        "z_min": 0.0,
        "z_max": 3.2,
        "height": 3.2,
        "volume_m3": 240.0,
        "data_status": "DEMO / SYNTHETIC"
      },
      "geometry": {
        "type": "Polygon",
        "coordinates": [
          [
            [
              80.2011549245552,
              13.08319677073365
            ],
            [
              80.2011549245552,
              13.083093247805099
            ],
            [
              80.20102551210809,
              13.083093247805099
            ],
            [
              80.2010264312855,
              13.0831086193634
            ],
            [
              80.2009849182736,
              13.0831110047414
            ],
            [
              80.2009906114176,
              13.0832062124188
            ],
            [
              80.2011549245552,
              13.08319677073365
            ]
          ]
        ]
      }
    },
    {
      "type": "Feature",
      "properties": {
        "unit_id": "B015-F01-U04",
        "floor_id": "B015-F01",
        "building_id": "B015",
        "parcel_id": "P000015",
        "demo_ulpin": "DEMO-TN-CHN-000015",
        "property_3d_id": "3D-CHN-P000015-B015-F01-U04",
        "area_sqm": 75.0,
        "z_min": 0.0,
        "z_max": 3.2,
        "height": 3.2,
        "volume_m3": 240.0,
        "data_status": "DEMO / SYNTHETIC"
      },
      "geometry": {
        "type": "Polygon",
        "coordinates": [
          [
            [
              80.2012560464583,
              13.0830954253307
            ],
            [
              80.20125591624623,
              13.083093247805099
            ],
            [
              80.2011549245552,
              13.083093247805099
            ],
            [
              80.2011549245552,
              13.08319677073365
            ],
            [
              80.201331816001,
              13.0831866062796
            ],
            [
              80.20132623330515,
              13.083093247805099
            ],
            [
              80.20129394145384,
              13.083093247805099
            ],
            [
              80.2012560464583,
              13.0830954253307
            ]
          ]
        ]
      }
    },
    {
      "type": "Feature",
      "properties": {
        "unit_id": "B015-F02-U01",
        "floor_id": "B015-F02",
        "building_id": "B015",
        "parcel_id": "P000015",
        "demo_ulpin": "DEMO-TN-CHN-000015",
        "property_3d_id": "3D-CHN-P000015-B015-F02-U01",
        "area_sqm": 75.0,
        "z_min": 3.2,
        "z_max": 6.4,
        "height": 3.2,
        "volume_m3": 240.0,
        "data_status": "DEMO / SYNTHETIC"
      },
      "geometry": {
        "type": "Polygon",
        "coordinates": [
          [
            [
              80.2009836043674,
              13.0830890319988
            ],
            [
              80.2010251173752,
              13.0830866466207
            ],
            [
              80.20102551210809,
              13.083093247805099
            ],
            [
              80.2011549245552,
              13.083093247805099
            ],
            [
              80.2011549245552,
              13.08298569816367
            ],
            [
              80.2009780331094,
              13.0829958626024
            ],
            [
              80.2009836043674,
              13.0830890319988
            ]
          ]
        ]
      }
    },
    {
      "type": "Feature",
      "properties": {
        "unit_id": "B015-F02-U02",
        "floor_id": "B015-F02",
        "building_id": "B015",
        "parcel_id": "P000015",
        "demo_ulpin": "DEMO-TN-CHN-000015",
        "property_3d_id": "3D-CHN-P000015-B015-F02-U02",
        "area_sqm": 75.0,
        "z_min": 3.2,
        "z_max": 6.4,
        "height": 3.2,
        "volume_m3": 240.0,
        "data_status": "DEMO / SYNTHETIC"
      },
      "geometry": {
        "type": "Polygon",
        "coordinates": [
          [
            [
              80.2012491611677,
              13.0829802831914
            ],
            [
              80.2011549245552,
              13.08298569816367
            ],
            [
              80.2011549245552,
              13.083093247805099
            ],
            [
              80.20125591624623,
              13.083093247805099
            ],
            [
              80.2012491611677,
              13.0829802831914
            ]
          ]
        ]
      }
    },
    {
      "type": "Feature",
      "properties": {
        "unit_id": "B015-F02-U03",
        "floor_id": "B015-F02",
        "building_id": "B015",
        "parcel_id": "P000015",
        "demo_ulpin": "DEMO-TN-CHN-000015",
        "property_3d_id": "3D-CHN-P000015-B015-F02-U03",
        "area_sqm": 75.0,
        "z_min": 3.2,
        "z_max": 6.4,
        "height": 3.2,
        "volume_m3": 240.0,
        "data_status": "DEMO / SYNTHETIC"
      },
      "geometry": {
        "type": "Polygon",
        "coordinates": [
          [
            [
              80.2011549245552,
              13.08319677073365
            ],
            [
              80.2011549245552,
              13.083093247805099
            ],
            [
              80.20102551210809,
              13.083093247805099
            ],
            [
              80.2010264312855,
              13.0831086193634
            ],
            [
              80.2009849182736,
              13.0831110047414
            ],
            [
              80.2009906114176,
              13.0832062124188
            ],
            [
              80.2011549245552,
              13.08319677073365
            ]
          ]
        ]
      }
    },
    {
      "type": "Feature",
      "properties": {
        "unit_id": "B015-F02-U04",
        "floor_id": "B015-F02",
        "building_id": "B015",
        "parcel_id": "P000015",
        "demo_ulpin": "DEMO-TN-CHN-000015",
        "property_3d_id": "3D-CHN-P000015-B015-F02-U04",
        "area_sqm": 75.0,
        "z_min": 3.2,
        "z_max": 6.4,
        "height": 3.2,
        "volume_m3": 240.0,
        "data_status": "DEMO / SYNTHETIC"
      },
      "geometry": {
        "type": "Polygon",
        "coordinates": [
          [
            [
              80.2012560464583,
              13.0830954253307
            ],
            [
              80.20125591624623,
              13.083093247805099
            ],
            [
              80.2011549245552,
              13.083093247805099
            ],
            [
              80.2011549245552,
              13.08319677073365
            ],
            [
              80.201331816001,
              13.0831866062796
            ],
            [
              80.20132623330515,
              13.083093247805099
            ],
            [
              80.20129394145384,
              13.083093247805099
            ],
            [
              80.2012560464583,
              13.0830954253307
            ]
          ]
        ]
      }
    },
    {
      "type": "Feature",
      "properties": {
        "unit_id": "B015-F03-U01",
        "floor_id": "B015-F03",
        "building_id": "B015",
        "parcel_id": "P000015",
        "demo_ulpin": "DEMO-TN-CHN-000015",
        "property_3d_id": "3D-CHN-P000015-B015-F03-U01",
        "area_sqm": 75.0,
        "z_min": 6.4,
        "z_max": 9.600000000000001,
        "height": 3.200000000000001,
        "volume_m3": 240.00000000000009,
        "data_status": "DEMO / SYNTHETIC"
      },
      "geometry": {
        "type": "Polygon",
        "coordinates": [
          [
            [
              80.2009836043674,
              13.0830890319988
            ],
            [
              80.2010251173752,
              13.0830866466207
            ],
            [
              80.20102551210809,
              13.083093247805099
            ],
            [
              80.2011549245552,
              13.083093247805099
            ],
            [
              80.2011549245552,
              13.08298569816367
            ],
            [
              80.2009780331094,
              13.0829958626024
            ],
            [
              80.2009836043674,
              13.0830890319988
            ]
          ]
        ]
      }
    },
    {
      "type": "Feature",
      "properties": {
        "unit_id": "B015-F03-U02",
        "floor_id": "B015-F03",
        "building_id": "B015",
        "parcel_id": "P000015",
        "demo_ulpin": "DEMO-TN-CHN-000015",
        "property_3d_id": "3D-CHN-P000015-B015-F03-U02",
        "area_sqm": 75.0,
        "z_min": 6.4,
        "z_max": 9.600000000000001,
        "height": 3.200000000000001,
        "volume_m3": 240.00000000000009,
        "data_status": "DEMO / SYNTHETIC"
      },
      "geometry": {
        "type": "Polygon",
        "coordinates": [
          [
            [
              80.2012491611677,
              13.0829802831914
            ],
            [
              80.2011549245552,
              13.08298569816367
            ],
            [
              80.2011549245552,
              13.083093247805099
            ],
            [
              80.20125591624623,
              13.083093247805099
            ],
            [
              80.2012491611677,
              13.0829802831914
            ]
          ]
        ]
      }
    },
    {
      "type": "Feature",
      "properties": {
        "unit_id": "B015-F03-U03",
        "floor_id": "B015-F03",
        "building_id": "B015",
        "parcel_id": "P000015",
        "demo_ulpin": "DEMO-TN-CHN-000015",
        "property_3d_id": "3D-CHN-P000015-B015-F03-U03",
        "area_sqm": 75.0,
        "z_min": 6.4,
        "z_max": 9.600000000000001,
        "height": 3.200000000000001,
        "volume_m3": 240.00000000000009,
        "data_status": "DEMO / SYNTHETIC"
      },
      "geometry": {
        "type": "Polygon",
        "coordinates": [
          [
            [
              80.2011549245552,
              13.08319677073365
            ],
            [
              80.2011549245552,
              13.083093247805099
            ],
            [
              80.20102551210809,
              13.083093247805099
            ],
            [
              80.2010264312855,
              13.0831086193634
            ],
            [
              80.2009849182736,
              13.0831110047414
            ],
            [
              80.2009906114176,
              13.0832062124188
            ],
            [
              80.2011549245552,
              13.08319677073365
            ]
          ]
        ]
      }
    },
    {
      "type": "Feature",
      "properties": {
        "unit_id": "B015-F03-U04",
        "floor_id": "B015-F03",
        "building_id": "B015",
        "parcel_id": "P000015",
        "demo_ulpin": "DEMO-TN-CHN-000015",
        "property_3d_id": "3D-CHN-P000015-B015-F03-U04",
        "area_sqm": 75.0,
        "z_min": 6.4,
        "z_max": 9.600000000000001,
        "height": 3.200000000000001,
        "volume_m3": 240.00000000000009,
        "data_status": "DEMO / SYNTHETIC"
      },
      "geometry": {
        "type": "Polygon",
        "coordinates": [
          [
            [
              80.2012560464583,
              13.0830954253307
            ],
            [
              80.20125591624623,
              13.083093247805099
            ],
            [
              80.2011549245552,
              13.083093247805099
            ],
            [
              80.2011549245552,
              13.08319677073365
            ],
            [
              80.201331816001,
              13.0831866062796
            ],
            [
              80.20132623330515,
              13.083093247805099
            ],
            [
              80.20129394145384,
              13.083093247805099
            ],
            [
              80.2012560464583,
              13.0830954253307
            ]
          ]
        ]
      }
    },
    {
      "type": "Feature",
      "properties": {
        "unit_id": "B015-F04-U01",
        "floor_id": "B015-F04",
        "building_id": "B015",
        "parcel_id": "P000015",
        "demo_ulpin": "DEMO-TN-CHN-000015",
        "property_3d_id": "3D-CHN-P000015-B015-F04-U01",
        "area_sqm": 75.0,
        "z_min": 9.600000000000001,
        "z_max": 12.8,
        "height": 3.1999999999999993,
        "volume_m3": 239.99999999999994,
        "data_status": "DEMO / SYNTHETIC"
      },
      "geometry": {
        "type": "Polygon",
        "coordinates": [
          [
            [
              80.2009836043674,
              13.0830890319988
            ],
            [
              80.2010251173752,
              13.0830866466207
            ],
            [
              80.20102551210809,
              13.083093247805099
            ],
            [
              80.2011549245552,
              13.083093247805099
            ],
            [
              80.2011549245552,
              13.08298569816367
            ],
            [
              80.2009780331094,
              13.0829958626024
            ],
            [
              80.2009836043674,
              13.0830890319988
            ]
          ]
        ]
      }
    },
    {
      "type": "Feature",
      "properties": {
        "unit_id": "B015-F04-U02",
        "floor_id": "B015-F04",
        "building_id": "B015",
        "parcel_id": "P000015",
        "demo_ulpin": "DEMO-TN-CHN-000015",
        "property_3d_id": "3D-CHN-P000015-B015-F04-U02",
        "area_sqm": 75.0,
        "z_min": 9.600000000000001,
        "z_max": 12.8,
        "height": 3.1999999999999993,
        "volume_m3": 239.99999999999994,
        "data_status": "DEMO / SYNTHETIC"
      },
      "geometry": {
        "type": "Polygon",
        "coordinates": [
          [
            [
              80.2012491611677,
              13.0829802831914
            ],
            [
              80.2011549245552,
              13.08298569816367
            ],
            [
              80.2011549245552,
              13.083093247805099
            ],
            [
              80.20125591624623,
              13.083093247805099
            ],
            [
              80.2012491611677,
              13.0829802831914
            ]
          ]
        ]
      }
    },
    {
      "type": "Feature",
      "properties": {
        "unit_id": "B015-F04-U03",
        "floor_id": "B015-F04",
        "building_id": "B015",
        "parcel_id": "P000015",
        "demo_ulpin": "DEMO-TN-CHN-000015",
        "property_3d_id": "3D-CHN-P000015-B015-F04-U03",
        "area_sqm": 75.0,
        "z_min": 9.600000000000001,
        "z_max": 12.8,
        "height": 3.1999999999999993,
        "volume_m3": 239.99999999999994,
        "data_status": "DEMO / SYNTHETIC"
      },
      "geometry": {
        "type": "Polygon",
        "coordinates": [
          [
            [
              80.2011549245552,
              13.08319677073365
            ],
            [
              80.2011549245552,
              13.083093247805099
            ],
            [
              80.20102551210809,
              13.083093247805099
            ],
            [
              80.2010264312855,
              13.0831086193634
            ],
            [
              80.2009849182736,
              13.0831110047414
            ],
            [
              80.2009906114176,
              13.0832062124188
            ],
            [
              80.2011549245552,
              13.08319677073365
            ]
          ]
        ]
      }
    },
    {
      "type": "Feature",
      "properties": {
        "unit_id": "B015-F04-U04",
        "floor_id": "B015-F04",
        "building_id": "B015",
        "parcel_id": "P000015",
        "demo_ulpin": "DEMO-TN-CHN-000015",
        "property_3d_id": "3D-CHN-P000015-B015-F04-U04",
        "area_sqm": 75.0,
        "z_min": 9.600000000000001,
        "z_max": 12.8,
        "height": 3.1999999999999993,
        "volume_m3": 239.99999999999994,
        "data_status": "DEMO / SYNTHETIC"
      },
      "geometry": {
        "type": "Polygon",
        "coordinates": [
          [
            [
              80.2012560464583,
              13.0830954253307
            ],
            [
              80.20125591624623,
              13.083093247805099
            ],
            [
              80.2011549245552,
              13.083093247805099
            ],
            [
              80.2011549245552,
              13.08319677073365
            ],
            [
              80.201331816001,
              13.0831866062796
            ],
            [
              80.20132623330515,
              13.083093247805099
            ],
            [
              80.20129394145384,
              13.083093247805099
            ],
            [
              80.2012560464583,
              13.0830954253307
            ]
          ]
        ]
      }
    },
    {
      "type": "Feature",
      "properties": {
        "unit_id": "B015-F05-U01",
        "floor_id": "B015-F05",
        "building_id": "B015",
        "parcel_id": "P000015",
        "demo_ulpin": "DEMO-TN-CHN-000015",
        "property_3d_id": "3D-CHN-P000015-B015-F05-U01",
        "area_sqm": 75.0,
        "z_min": 12.8,
        "z_max": 16.0,
        "height": 3.1999999999999993,
        "volume_m3": 239.99999999999994,
        "data_status": "DEMO / SYNTHETIC"
      },
      "geometry": {
        "type": "Polygon",
        "coordinates": [
          [
            [
              80.2009836043674,
              13.0830890319988
            ],
            [
              80.2010251173752,
              13.0830866466207
            ],
            [
              80.20102551210809,
              13.083093247805099
            ],
            [
              80.2011549245552,
              13.083093247805099
            ],
            [
              80.2011549245552,
              13.08298569816367
            ],
            [
              80.2009780331094,
              13.0829958626024
            ],
            [
              80.2009836043674,
              13.0830890319988
            ]
          ]
        ]
      }
    },
    {
      "type": "Feature",
      "properties": {
        "unit_id": "B015-F05-U02",
        "floor_id": "B015-F05",
        "building_id": "B015",
        "parcel_id": "P000015",
        "demo_ulpin": "DEMO-TN-CHN-000015",
        "property_3d_id": "3D-CHN-P000015-B015-F05-U02",
        "area_sqm": 75.0,
        "z_min": 12.8,
        "z_max": 16.0,
        "height": 3.1999999999999993,
        "volume_m3": 239.99999999999994,
        "data_status": "DEMO / SYNTHETIC"
      },
      "geometry": {
        "type": "Polygon",
        "coordinates": [
          [
            [
              80.2012491611677,
              13.0829802831914
            ],
            [
              80.2011549245552,
              13.08298569816367
            ],
            [
              80.2011549245552,
              13.083093247805099
            ],
            [
              80.20125591624623,
              13.083093247805099
            ],
            [
              80.2012491611677,
              13.0829802831914
            ]
          ]
        ]
      }
    },
    {
      "type": "Feature",
      "properties": {
        "unit_id": "B015-F05-U03",
        "floor_id": "B015-F05",
        "building_id": "B015",
        "parcel_id": "P000015",
        "demo_ulpin": "DEMO-TN-CHN-000015",
        "property_3d_id": "3D-CHN-P000015-B015-F05-U03",
        "area_sqm": 75.0,
        "z_min": 12.8,
        "z_max": 16.0,
        "height": 3.1999999999999993,
        "volume_m3": 239.99999999999994,
        "data_status": "DEMO / SYNTHETIC"
      },
      "geometry": {
        "type": "Polygon",
        "coordinates": [
          [
            [
              80.2011549245552,
              13.08319677073365
            ],
            [
              80.2011549245552,
              13.083093247805099
            ],
            [
              80.20102551210809,
              13.083093247805099
            ],
            [
              80.2010264312855,
              13.0831086193634
            ],
            [
              80.2009849182736,
              13.0831110047414
            ],
            [
              80.2009906114176,
              13.0832062124188
            ],
            [
              80.2011549245552,
              13.08319677073365
            ]
          ]
        ]
      }
    },
    {
      "type": "Feature",
      "properties": {
        "unit_id": "B015-F05-U04",
        "floor_id": "B015-F05",
        "building_id": "B015",
        "parcel_id": "P000015",
        "demo_ulpin": "DEMO-TN-CHN-000015",
        "property_3d_id": "3D-CHN-P000015-B015-F05-U04",
        "area_sqm": 75.0,
        "z_min": 12.8,
        "z_max": 16.0,
        "height": 3.1999999999999993,
        "volume_m3": 239.99999999999994,
        "data_status": "DEMO / SYNTHETIC"
      },
      "geometry": {
        "type": "Polygon",
        "coordinates": [
          [
            [
              80.2012560464583,
              13.0830954253307
            ],
            [
              80.20125591624623,
              13.083093247805099
            ],
            [
              80.2011549245552,
              13.083093247805099
            ],
            [
              80.2011549245552,
              13.08319677073365
            ],
            [
              80.201331816001,
              13.0831866062796
            ],
            [
              80.20132623330515,
              13.083093247805099
            ],
            [
              80.20129394145384,
              13.083093247805099
            ],
            [
              80.2012560464583,
              13.0830954253307
            ]
          ]
        ]
      }
    },
    {
      "type": "Feature",
      "properties": {
        "unit_id": "B016-F01-U01",
        "floor_id": "B016-F01",
        "building_id": "B016",
        "parcel_id": "P000016",
        "demo_ulpin": "DEMO-TN-CHN-000016",
        "property_3d_id": "3D-CHN-P000016-B016-F01-U01",
        "area_sqm": 75.0,
        "z_min": 0.0,
        "z_max": 3.2,
        "height": 3.2,
        "volume_m3": 240.0,
        "data_status": "DEMO / SYNTHETIC"
      },
      "geometry": {
        "type": "Polygon",
        "coordinates": [
          [
            [
              80.2084572697345,
              13.0827442492888
            ],
            [
              80.20846524459279,
              13.0829313598772
            ],
            [
              80.20851130457291,
              13.0829313598772
            ],
            [
              80.20851130457291,
              13.082742036220179
            ],
            [
              80.2084572697345,
              13.0827442492888
            ]
          ]
        ]
      }
    },
    {
      "type": "Feature",
      "properties": {
        "unit_id": "B016-F01-U02",
        "floor_id": "B016-F01",
        "building_id": "B016",
        "parcel_id": "P000016",
        "demo_ulpin": "DEMO-TN-CHN-000016",
        "property_3d_id": "3D-CHN-P000016-B016-F01-U02",
        "area_sqm": 75.0,
        "z_min": 0.0,
        "z_max": 3.2,
        "height": 3.2,
        "volume_m3": 240.0,
        "data_status": "DEMO / SYNTHETIC"
      },
      "geometry": {
        "type": "Polygon",
        "coordinates": [
          [
            [
              80.208603765818,
              13.082738249347
            ],
            [
              80.20851130457291,
              13.082742036220179
            ],
            [
              80.20851130457291,
              13.0829313598772
            ],
            [
              80.2086119965159,
              13.0829313598772
            ],
            [
              80.208603765818,
              13.082738249347
            ]
          ]
        ]
      }
    },
    {
      "type": "Feature",
      "properties": {
        "unit_id": "B016-F01-U03",
        "floor_id": "B016-F01",
        "building_id": "B016",
        "parcel_id": "P000016",
        "demo_ulpin": "DEMO-TN-CHN-000016",
        "property_3d_id": "3D-CHN-P000016-B016-F01-U03",
        "area_sqm": 75.0,
        "z_min": 0.0,
        "z_max": 3.2,
        "height": 3.2,
        "volume_m3": 240.0,
        "data_status": "DEMO / SYNTHETIC"
      },
      "geometry": {
        "type": "Polygon",
        "coordinates": [
          [
            [
              80.20851130457291,
              13.083120223111479
            ],
            [
              80.20851130457291,
              13.0829313598772
            ],
            [
              80.20846524459279,
              13.0829313598772
            ],
            [
              80.2084685118235,
              13.0830080174728
            ],
            [
              80.2084027524496,
              13.0830107107043
            ],
            [
              80.2084076009848,
              13.0831244704074
            ],
            [
              80.20851130457291,
              13.083120223111479
            ]
          ]
        ]
      }
    },
    {
      "type": "Feature",
      "properties": {
        "unit_id": "B016-F01-U04",
        "floor_id": "B016-F01",
        "building_id": "B016",
        "parcel_id": "P000016",
        "demo_ulpin": "DEMO-TN-CHN-000016",
        "property_3d_id": "3D-CHN-P000016-B016-F01-U04",
        "area_sqm": 75.0,
        "z_min": 0.0,
        "z_max": 3.2,
        "height": 3.2,
        "volume_m3": 240.0,
        "data_status": "DEMO / SYNTHETIC"
      },
      "geometry": {
        "type": "Polygon",
        "coordinates": [
          [
            [
              80.2086119965159,
              13.0829313598772
            ],
            [
              80.20851130457291,
              13.0829313598772
            ],
            [
              80.20851130457291,
              13.083120223111479
            ],
            [
              80.2086198566962,
              13.0831157772384
            ],
            [
              80.2086119965159,
              13.0829313598772
            ]
          ]
        ]
      }
    },
    {
      "type": "Feature",
      "properties": {
        "unit_id": "B016-F02-U01",
        "floor_id": "B016-F02",
        "building_id": "B016",
        "parcel_id": "P000016",
        "demo_ulpin": "DEMO-TN-CHN-000016",
        "property_3d_id": "3D-CHN-P000016-B016-F02-U01",
        "area_sqm": 75.0,
        "z_min": 3.2,
        "z_max": 6.4,
        "height": 3.2,
        "volume_m3": 240.0,
        "data_status": "DEMO / SYNTHETIC"
      },
      "geometry": {
        "type": "Polygon",
        "coordinates": [
          [
            [
              80.2084572697345,
              13.0827442492888
            ],
            [
              80.20846524459279,
              13.0829313598772
            ],
            [
              80.20851130457291,
              13.0829313598772
            ],
            [
              80.20851130457291,
              13.082742036220179
            ],
            [
              80.2084572697345,
              13.0827442492888
            ]
          ]
        ]
      }
    },
    {
      "type": "Feature",
      "properties": {
        "unit_id": "B016-F02-U02",
        "floor_id": "B016-F02",
        "building_id": "B016",
        "parcel_id": "P000016",
        "demo_ulpin": "DEMO-TN-CHN-000016",
        "property_3d_id": "3D-CHN-P000016-B016-F02-U02",
        "area_sqm": 75.0,
        "z_min": 3.2,
        "z_max": 6.4,
        "height": 3.2,
        "volume_m3": 240.0,
        "data_status": "DEMO / SYNTHETIC"
      },
      "geometry": {
        "type": "Polygon",
        "coordinates": [
          [
            [
              80.208603765818,
              13.082738249347
            ],
            [
              80.20851130457291,
              13.082742036220179
            ],
            [
              80.20851130457291,
              13.0829313598772
            ],
            [
              80.2086119965159,
              13.0829313598772
            ],
            [
              80.208603765818,
              13.082738249347
            ]
          ]
        ]
      }
    },
    {
      "type": "Feature",
      "properties": {
        "unit_id": "B016-F02-U03",
        "floor_id": "B016-F02",
        "building_id": "B016",
        "parcel_id": "P000016",
        "demo_ulpin": "DEMO-TN-CHN-000016",
        "property_3d_id": "3D-CHN-P000016-B016-F02-U03",
        "area_sqm": 75.0,
        "z_min": 3.2,
        "z_max": 6.4,
        "height": 3.2,
        "volume_m3": 240.0,
        "data_status": "DEMO / SYNTHETIC"
      },
      "geometry": {
        "type": "Polygon",
        "coordinates": [
          [
            [
              80.20851130457291,
              13.083120223111479
            ],
            [
              80.20851130457291,
              13.0829313598772
            ],
            [
              80.20846524459279,
              13.0829313598772
            ],
            [
              80.2084685118235,
              13.0830080174728
            ],
            [
              80.2084027524496,
              13.0830107107043
            ],
            [
              80.2084076009848,
              13.0831244704074
            ],
            [
              80.20851130457291,
              13.083120223111479
            ]
          ]
        ]
      }
    },
    {
      "type": "Feature",
      "properties": {
        "unit_id": "B016-F02-U04",
        "floor_id": "B016-F02",
        "building_id": "B016",
        "parcel_id": "P000016",
        "demo_ulpin": "DEMO-TN-CHN-000016",
        "property_3d_id": "3D-CHN-P000016-B016-F02-U04",
        "area_sqm": 75.0,
        "z_min": 3.2,
        "z_max": 6.4,
        "height": 3.2,
        "volume_m3": 240.0,
        "data_status": "DEMO / SYNTHETIC"
      },
      "geometry": {
        "type": "Polygon",
        "coordinates": [
          [
            [
              80.2086119965159,
              13.0829313598772
            ],
            [
              80.20851130457291,
              13.0829313598772
            ],
            [
              80.20851130457291,
              13.083120223111479
            ],
            [
              80.2086198566962,
              13.0831157772384
            ],
            [
              80.2086119965159,
              13.0829313598772
            ]
          ]
        ]
      }
    },
    {
      "type": "Feature",
      "properties": {
        "unit_id": "B017-F01-U01",
        "floor_id": "B017-F01",
        "building_id": "B017",
        "parcel_id": "P000017",
        "demo_ulpin": "DEMO-TN-CHN-000017",
        "property_3d_id": "3D-CHN-P000017-B017-F01-U01",
        "area_sqm": 75.0,
        "z_min": 0.0,
        "z_max": 3.2,
        "height": 3.2,
        "volume_m3": 240.0,
        "data_status": "DEMO / SYNTHETIC"
      },
      "geometry": {
        "type": "Polygon",
        "coordinates": [
          [
            [
              80.20273695407947,
              13.08921771178905
            ],
            [
              80.20289883525665,
              13.08921771178905
            ],
            [
              80.20289883525665,
              13.089122627013968
            ],
            [
              80.2027327323293,
              13.089130339076
            ],
            [
              80.20273695407947,
              13.08921771178905
            ]
          ]
        ]
      }
    },
    {
      "type": "Feature",
      "properties": {
        "unit_id": "B017-F01-U02",
        "floor_id": "B017-F01",
        "building_id": "B017",
        "parcel_id": "P000017",
        "demo_ulpin": "DEMO-TN-CHN-000017",
        "property_3d_id": "3D-CHN-P000017-B017-F01-U02",
        "area_sqm": 75.0,
        "z_min": 0.0,
        "z_max": 3.2,
        "height": 3.2,
        "volume_m3": 240.0,
        "data_status": "DEMO / SYNTHETIC"
      },
      "geometry": {
        "type": "Polygon",
        "coordinates": [
          [
            [
              80.20289883525665,
              13.089122627013968
            ],
            [
              80.20289883525665,
              13.08921771178905
            ],
            [
              80.20306071631947,
              13.08921771178905
            ],
            [
              80.203055769728,
              13.089115340638
            ],
            [
              80.20289883525665,
              13.089122627013968
            ]
          ]
        ]
      }
    },
    {
      "type": "Feature",
      "properties": {
        "unit_id": "B017-F01-U03",
        "floor_id": "B017-F01",
        "building_id": "B017",
        "parcel_id": "P000017",
        "demo_ulpin": "DEMO-TN-CHN-000017",
        "property_3d_id": "3D-CHN-P000017-B017-F01-U03",
        "area_sqm": 75.0,
        "z_min": 0.0,
        "z_max": 3.2,
        "height": 3.2,
        "volume_m3": 240.0,
        "data_status": "DEMO / SYNTHETIC"
      },
      "geometry": {
        "type": "Polygon",
        "coordinates": [
          [
            [
              80.20289883525665,
              13.089312796559616
            ],
            [
              80.20289883525665,
              13.08921771178905
            ],
            [
              80.20273695407947,
              13.08921771178905
            ],
            [
              80.2027419005371,
              13.0893200829401
            ],
            [
              80.20289883525665,
              13.089312796559616
            ]
          ]
        ]
      }
    },
    {
      "type": "Feature",
      "properties": {
        "unit_id": "B017-F01-U04",
        "floor_id": "B017-F01",
        "building_id": "B017",
        "parcel_id": "P000017",
        "demo_ulpin": "DEMO-TN-CHN-000017",
        "property_3d_id": "3D-CHN-P000017-B017-F01-U04",
        "area_sqm": 75.0,
        "z_min": 0.0,
        "z_max": 3.2,
        "height": 3.2,
        "volume_m3": 240.0,
        "data_status": "DEMO / SYNTHETIC"
      },
      "geometry": {
        "type": "Polygon",
        "coordinates": [
          [
            [
              80.203064938184,
              13.089305084505
            ],
            [
              80.20306071631947,
              13.08921771178905
            ],
            [
              80.20289883525665,
              13.08921771178905
            ],
            [
              80.20289883525665,
              13.089312796559616
            ],
            [
              80.203064938184,
              13.089305084505
            ]
          ]
        ]
      }
    },
    {
      "type": "Feature",
      "properties": {
        "unit_id": "B017-F02-U01",
        "floor_id": "B017-F02",
        "building_id": "B017",
        "parcel_id": "P000017",
        "demo_ulpin": "DEMO-TN-CHN-000017",
        "property_3d_id": "3D-CHN-P000017-B017-F02-U01",
        "area_sqm": 75.0,
        "z_min": 3.2,
        "z_max": 6.4,
        "height": 3.2,
        "volume_m3": 240.0,
        "data_status": "DEMO / SYNTHETIC"
      },
      "geometry": {
        "type": "Polygon",
        "coordinates": [
          [
            [
              80.20273695407947,
              13.08921771178905
            ],
            [
              80.20289883525665,
              13.08921771178905
            ],
            [
              80.20289883525665,
              13.089122627013968
            ],
            [
              80.2027327323293,
              13.089130339076
            ],
            [
              80.20273695407947,
              13.08921771178905
            ]
          ]
        ]
      }
    },
    {
      "type": "Feature",
      "properties": {
        "unit_id": "B017-F02-U02",
        "floor_id": "B017-F02",
        "building_id": "B017",
        "parcel_id": "P000017",
        "demo_ulpin": "DEMO-TN-CHN-000017",
        "property_3d_id": "3D-CHN-P000017-B017-F02-U02",
        "area_sqm": 75.0,
        "z_min": 3.2,
        "z_max": 6.4,
        "height": 3.2,
        "volume_m3": 240.0,
        "data_status": "DEMO / SYNTHETIC"
      },
      "geometry": {
        "type": "Polygon",
        "coordinates": [
          [
            [
              80.20289883525665,
              13.089122627013968
            ],
            [
              80.20289883525665,
              13.08921771178905
            ],
            [
              80.20306071631947,
              13.08921771178905
            ],
            [
              80.203055769728,
              13.089115340638
            ],
            [
              80.20289883525665,
              13.089122627013968
            ]
          ]
        ]
      }
    },
    {
      "type": "Feature",
      "properties": {
        "unit_id": "B017-F02-U03",
        "floor_id": "B017-F02",
        "building_id": "B017",
        "parcel_id": "P000017",
        "demo_ulpin": "DEMO-TN-CHN-000017",
        "property_3d_id": "3D-CHN-P000017-B017-F02-U03",
        "area_sqm": 75.0,
        "z_min": 3.2,
        "z_max": 6.4,
        "height": 3.2,
        "volume_m3": 240.0,
        "data_status": "DEMO / SYNTHETIC"
      },
      "geometry": {
        "type": "Polygon",
        "coordinates": [
          [
            [
              80.20289883525665,
              13.089312796559616
            ],
            [
              80.20289883525665,
              13.08921771178905
            ],
            [
              80.20273695407947,
              13.08921771178905
            ],
            [
              80.2027419005371,
              13.0893200829401
            ],
            [
              80.20289883525665,
              13.089312796559616
            ]
          ]
        ]
      }
    },
    {
      "type": "Feature",
      "properties": {
        "unit_id": "B017-F02-U04",
        "floor_id": "B017-F02",
        "building_id": "B017",
        "parcel_id": "P000017",
        "demo_ulpin": "DEMO-TN-CHN-000017",
        "property_3d_id": "3D-CHN-P000017-B017-F02-U04",
        "area_sqm": 75.0,
        "z_min": 3.2,
        "z_max": 6.4,
        "height": 3.2,
        "volume_m3": 240.0,
        "data_status": "DEMO / SYNTHETIC"
      },
      "geometry": {
        "type": "Polygon",
        "coordinates": [
          [
            [
              80.203064938184,
              13.089305084505
            ],
            [
              80.20306071631947,
              13.08921771178905
            ],
            [
              80.20289883525665,
              13.08921771178905
            ],
            [
              80.20289883525665,
              13.089312796559616
            ],
            [
              80.203064938184,
              13.089305084505
            ]
          ]
        ]
      }
    },
    {
      "type": "Feature",
      "properties": {
        "unit_id": "B017-F03-U01",
        "floor_id": "B017-F03",
        "building_id": "B017",
        "parcel_id": "P000017",
        "demo_ulpin": "DEMO-TN-CHN-000017",
        "property_3d_id": "3D-CHN-P000017-B017-F03-U01",
        "area_sqm": 75.0,
        "z_min": 6.4,
        "z_max": 9.600000000000001,
        "height": 3.200000000000001,
        "volume_m3": 240.00000000000009,
        "data_status": "DEMO / SYNTHETIC"
      },
      "geometry": {
        "type": "Polygon",
        "coordinates": [
          [
            [
              80.20273695407947,
              13.08921771178905
            ],
            [
              80.20289883525665,
              13.08921771178905
            ],
            [
              80.20289883525665,
              13.089122627013968
            ],
            [
              80.2027327323293,
              13.089130339076
            ],
            [
              80.20273695407947,
              13.08921771178905
            ]
          ]
        ]
      }
    },
    {
      "type": "Feature",
      "properties": {
        "unit_id": "B017-F03-U02",
        "floor_id": "B017-F03",
        "building_id": "B017",
        "parcel_id": "P000017",
        "demo_ulpin": "DEMO-TN-CHN-000017",
        "property_3d_id": "3D-CHN-P000017-B017-F03-U02",
        "area_sqm": 75.0,
        "z_min": 6.4,
        "z_max": 9.600000000000001,
        "height": 3.200000000000001,
        "volume_m3": 240.00000000000009,
        "data_status": "DEMO / SYNTHETIC"
      },
      "geometry": {
        "type": "Polygon",
        "coordinates": [
          [
            [
              80.20289883525665,
              13.089122627013968
            ],
            [
              80.20289883525665,
              13.08921771178905
            ],
            [
              80.20306071631947,
              13.08921771178905
            ],
            [
              80.203055769728,
              13.089115340638
            ],
            [
              80.20289883525665,
              13.089122627013968
            ]
          ]
        ]
      }
    },
    {
      "type": "Feature",
      "properties": {
        "unit_id": "B017-F03-U03",
        "floor_id": "B017-F03",
        "building_id": "B017",
        "parcel_id": "P000017",
        "demo_ulpin": "DEMO-TN-CHN-000017",
        "property_3d_id": "3D-CHN-P000017-B017-F03-U03",
        "area_sqm": 75.0,
        "z_min": 6.4,
        "z_max": 9.600000000000001,
        "height": 3.200000000000001,
        "volume_m3": 240.00000000000009,
        "data_status": "DEMO / SYNTHETIC"
      },
      "geometry": {
        "type": "Polygon",
        "coordinates": [
          [
            [
              80.20289883525665,
              13.089312796559616
            ],
            [
              80.20289883525665,
              13.08921771178905
            ],
            [
              80.20273695407947,
              13.08921771178905
            ],
            [
              80.2027419005371,
              13.0893200829401
            ],
            [
              80.20289883525665,
              13.089312796559616
            ]
          ]
        ]
      }
    },
    {
      "type": "Feature",
      "properties": {
        "unit_id": "B017-F03-U04",
        "floor_id": "B017-F03",
        "building_id": "B017",
        "parcel_id": "P000017",
        "demo_ulpin": "DEMO-TN-CHN-000017",
        "property_3d_id": "3D-CHN-P000017-B017-F03-U04",
        "area_sqm": 75.0,
        "z_min": 6.4,
        "z_max": 9.600000000000001,
        "height": 3.200000000000001,
        "volume_m3": 240.00000000000009,
        "data_status": "DEMO / SYNTHETIC"
      },
      "geometry": {
        "type": "Polygon",
        "coordinates": [
          [
            [
              80.203064938184,
              13.089305084505
            ],
            [
              80.20306071631947,
              13.08921771178905
            ],
            [
              80.20289883525665,
              13.08921771178905
            ],
            [
              80.20289883525665,
              13.089312796559616
            ],
            [
              80.203064938184,
              13.089305084505
            ]
          ]
        ]
      }
    },
    {
      "type": "Feature",
      "properties": {
        "unit_id": "B018-F01-U01",
        "floor_id": "B018-F01",
        "building_id": "B018",
        "parcel_id": "P000018",
        "demo_ulpin": "DEMO-TN-CHN-000018",
        "property_3d_id": "3D-CHN-P000018-B018-F01-U01",
        "area_sqm": 75.0,
        "z_min": 0.0,
        "z_max": 3.2,
        "height": 3.2,
        "volume_m3": 240.0,
        "data_status": "DEMO / SYNTHETIC"
      },
      "geometry": {
        "type": "Polygon",
        "coordinates": [
          [
            [
              80.2037423646325,
              13.087817851591101
            ],
            [
              80.2039675758138,
              13.087817851591101
            ],
            [
              80.2039675758138,
              13.08775538638422
            ],
            [
              80.2037423646325,
              13.087817851591101
            ]
          ]
        ]
      }
    },
    {
      "type": "Feature",
      "properties": {
        "unit_id": "B018-F01-U02",
        "floor_id": "B018-F01",
        "building_id": "B018",
        "parcel_id": "P000018",
        "demo_ulpin": "DEMO-TN-CHN-000018",
        "property_3d_id": "3D-CHN-P000018-B018-F01-U02",
        "area_sqm": 75.0,
        "z_min": 0.0,
        "z_max": 3.2,
        "height": 3.2,
        "volume_m3": 240.0,
        "data_status": "DEMO / SYNTHETIC"
      },
      "geometry": {
        "type": "Polygon",
        "coordinates": [
          [
            [
              80.2042266967279,
              13.0878084462426
            ],
            [
              80.2041933084606,
              13.0876927765422
            ],
            [
              80.2039675758138,
              13.08775538638422
            ],
            [
              80.2039675758138,
              13.087817851591101
            ],
            [
              80.2041927868137,
              13.087817851591101
            ],
            [
              80.2042266967279,
              13.0878084462426
            ]
          ]
        ]
      }
    },
    {
      "type": "Feature",
      "properties": {
        "unit_id": "B018-F01-U03",
        "floor_id": "B018-F01",
        "building_id": "B018",
        "parcel_id": "P000018",
        "demo_ulpin": "DEMO-TN-CHN-000018",
        "property_3d_id": "3D-CHN-P000018-B018-F01-U03",
        "area_sqm": 75.0,
        "z_min": 0.0,
        "z_max": 3.2,
        "height": 3.2,
        "volume_m3": 240.0,
        "data_status": "DEMO / SYNTHETIC"
      },
      "geometry": {
        "type": "Polygon",
        "coordinates": [
          [
            [
              80.2039675758138,
              13.087880316743
            ],
            [
              80.2039675758138,
              13.087817851591101
            ],
            [
              80.2037423646325,
              13.087817851591101
            ],
            [
              80.2037084548997,
              13.08782725689
            ],
            [
              80.2037418429519,
              13.08794292664
            ],
            [
              80.2039675758138,
              13.087880316743
            ]
          ]
        ]
      }
    },
    {
      "type": "Feature",
      "properties": {
        "unit_id": "B018-F01-U04",
        "floor_id": "B018-F01",
        "building_id": "B018",
        "parcel_id": "P000018",
        "demo_ulpin": "DEMO-TN-CHN-000018",
        "property_3d_id": "3D-CHN-P000018-B018-F01-U04",
        "area_sqm": 75.0,
        "z_min": 0.0,
        "z_max": 3.2,
        "height": 3.2,
        "volume_m3": 240.0,
        "data_status": "DEMO / SYNTHETIC"
      },
      "geometry": {
        "type": "Polygon",
        "coordinates": [
          [
            [
              80.2041927868137,
              13.087817851591101
            ],
            [
              80.2039675758138,
              13.087817851591101
            ],
            [
              80.2039675758138,
              13.087880316743
            ],
            [
              80.2041927868137,
              13.087817851591101
            ]
          ]
        ]
      }
    },
    {
      "type": "Feature",
      "properties": {
        "unit_id": "B018-F02-U01",
        "floor_id": "B018-F02",
        "building_id": "B018",
        "parcel_id": "P000018",
        "demo_ulpin": "DEMO-TN-CHN-000018",
        "property_3d_id": "3D-CHN-P000018-B018-F02-U01",
        "area_sqm": 75.0,
        "z_min": 3.2,
        "z_max": 6.4,
        "height": 3.2,
        "volume_m3": 240.0,
        "data_status": "DEMO / SYNTHETIC"
      },
      "geometry": {
        "type": "Polygon",
        "coordinates": [
          [
            [
              80.2037423646325,
              13.087817851591101
            ],
            [
              80.2039675758138,
              13.087817851591101
            ],
            [
              80.2039675758138,
              13.08775538638422
            ],
            [
              80.2037423646325,
              13.087817851591101
            ]
          ]
        ]
      }
    },
    {
      "type": "Feature",
      "properties": {
        "unit_id": "B018-F02-U02",
        "floor_id": "B018-F02",
        "building_id": "B018",
        "parcel_id": "P000018",
        "demo_ulpin": "DEMO-TN-CHN-000018",
        "property_3d_id": "3D-CHN-P000018-B018-F02-U02",
        "area_sqm": 75.0,
        "z_min": 3.2,
        "z_max": 6.4,
        "height": 3.2,
        "volume_m3": 240.0,
        "data_status": "DEMO / SYNTHETIC"
      },
      "geometry": {
        "type": "Polygon",
        "coordinates": [
          [
            [
              80.2042266967279,
              13.0878084462426
            ],
            [
              80.2041933084606,
              13.0876927765422
            ],
            [
              80.2039675758138,
              13.08775538638422
            ],
            [
              80.2039675758138,
              13.087817851591101
            ],
            [
              80.2041927868137,
              13.087817851591101
            ],
            [
              80.2042266967279,
              13.0878084462426
            ]
          ]
        ]
      }
    },
    {
      "type": "Feature",
      "properties": {
        "unit_id": "B018-F02-U03",
        "floor_id": "B018-F02",
        "building_id": "B018",
        "parcel_id": "P000018",
        "demo_ulpin": "DEMO-TN-CHN-000018",
        "property_3d_id": "3D-CHN-P000018-B018-F02-U03",
        "area_sqm": 75.0,
        "z_min": 3.2,
        "z_max": 6.4,
        "height": 3.2,
        "volume_m3": 240.0,
        "data_status": "DEMO / SYNTHETIC"
      },
      "geometry": {
        "type": "Polygon",
        "coordinates": [
          [
            [
              80.2039675758138,
              13.087880316743
            ],
            [
              80.2039675758138,
              13.087817851591101
            ],
            [
              80.2037423646325,
              13.087817851591101
            ],
            [
              80.2037084548997,
              13.08782725689
            ],
            [
              80.2037418429519,
              13.08794292664
            ],
            [
              80.2039675758138,
              13.087880316743
            ]
          ]
        ]
      }
    },
    {
      "type": "Feature",
      "properties": {
        "unit_id": "B018-F02-U04",
        "floor_id": "B018-F02",
        "building_id": "B018",
        "parcel_id": "P000018",
        "demo_ulpin": "DEMO-TN-CHN-000018",
        "property_3d_id": "3D-CHN-P000018-B018-F02-U04",
        "area_sqm": 75.0,
        "z_min": 3.2,
        "z_max": 6.4,
        "height": 3.2,
        "volume_m3": 240.0,
        "data_status": "DEMO / SYNTHETIC"
      },
      "geometry": {
        "type": "Polygon",
        "coordinates": [
          [
            [
              80.2041927868137,
              13.087817851591101
            ],
            [
              80.2039675758138,
              13.087817851591101
            ],
            [
              80.2039675758138,
              13.087880316743
            ],
            [
              80.2041927868137,
              13.087817851591101
            ]
          ]
        ]
      }
    },
    {
      "type": "Feature",
      "properties": {
        "unit_id": "B018-F03-U01",
        "floor_id": "B018-F03",
        "building_id": "B018",
        "parcel_id": "P000018",
        "demo_ulpin": "DEMO-TN-CHN-000018",
        "property_3d_id": "3D-CHN-P000018-B018-F03-U01",
        "area_sqm": 75.0,
        "z_min": 6.4,
        "z_max": 9.600000000000001,
        "height": 3.200000000000001,
        "volume_m3": 240.00000000000009,
        "data_status": "DEMO / SYNTHETIC"
      },
      "geometry": {
        "type": "Polygon",
        "coordinates": [
          [
            [
              80.2037423646325,
              13.087817851591101
            ],
            [
              80.2039675758138,
              13.087817851591101
            ],
            [
              80.2039675758138,
              13.08775538638422
            ],
            [
              80.2037423646325,
              13.087817851591101
            ]
          ]
        ]
      }
    },
    {
      "type": "Feature",
      "properties": {
        "unit_id": "B018-F03-U02",
        "floor_id": "B018-F03",
        "building_id": "B018",
        "parcel_id": "P000018",
        "demo_ulpin": "DEMO-TN-CHN-000018",
        "property_3d_id": "3D-CHN-P000018-B018-F03-U02",
        "area_sqm": 75.0,
        "z_min": 6.4,
        "z_max": 9.600000000000001,
        "height": 3.200000000000001,
        "volume_m3": 240.00000000000009,
        "data_status": "DEMO / SYNTHETIC"
      },
      "geometry": {
        "type": "Polygon",
        "coordinates": [
          [
            [
              80.2042266967279,
              13.0878084462426
            ],
            [
              80.2041933084606,
              13.0876927765422
            ],
            [
              80.2039675758138,
              13.08775538638422
            ],
            [
              80.2039675758138,
              13.087817851591101
            ],
            [
              80.2041927868137,
              13.087817851591101
            ],
            [
              80.2042266967279,
              13.0878084462426
            ]
          ]
        ]
      }
    },
    {
      "type": "Feature",
      "properties": {
        "unit_id": "B018-F03-U03",
        "floor_id": "B018-F03",
        "building_id": "B018",
        "parcel_id": "P000018",
        "demo_ulpin": "DEMO-TN-CHN-000018",
        "property_3d_id": "3D-CHN-P000018-B018-F03-U03",
        "area_sqm": 75.0,
        "z_min": 6.4,
        "z_max": 9.600000000000001,
        "height": 3.200000000000001,
        "volume_m3": 240.00000000000009,
        "data_status": "DEMO / SYNTHETIC"
      },
      "geometry": {
        "type": "Polygon",
        "coordinates": [
          [
            [
              80.2039675758138,
              13.087880316743
            ],
            [
              80.2039675758138,
              13.087817851591101
            ],
            [
              80.2037423646325,
              13.087817851591101
            ],
            [
              80.2037084548997,
              13.08782725689
            ],
            [
              80.2037418429519,
              13.08794292664
            ],
            [
              80.2039675758138,
              13.087880316743
            ]
          ]
        ]
      }
    },
    {
      "type": "Feature",
      "properties": {
        "unit_id": "B018-F03-U04",
        "floor_id": "B018-F03",
        "building_id": "B018",
        "parcel_id": "P000018",
        "demo_ulpin": "DEMO-TN-CHN-000018",
        "property_3d_id": "3D-CHN-P000018-B018-F03-U04",
        "area_sqm": 75.0,
        "z_min": 6.4,
        "z_max": 9.600000000000001,
        "height": 3.200000000000001,
        "volume_m3": 240.00000000000009,
        "data_status": "DEMO / SYNTHETIC"
      },
      "geometry": {
        "type": "Polygon",
        "coordinates": [
          [
            [
              80.2041927868137,
              13.087817851591101
            ],
            [
              80.2039675758138,
              13.087817851591101
            ],
            [
              80.2039675758138,
              13.087880316743
            ],
            [
              80.2041927868137,
              13.087817851591101
            ]
          ]
        ]
      }
    },
    {
      "type": "Feature",
      "properties": {
        "unit_id": "B018-F04-U01",
        "floor_id": "B018-F04",
        "building_id": "B018",
        "parcel_id": "P000018",
        "demo_ulpin": "DEMO-TN-CHN-000018",
        "property_3d_id": "3D-CHN-P000018-B018-F04-U01",
        "area_sqm": 75.0,
        "z_min": 9.600000000000001,
        "z_max": 12.8,
        "height": 3.1999999999999993,
        "volume_m3": 239.99999999999994,
        "data_status": "DEMO / SYNTHETIC"
      },
      "geometry": {
        "type": "Polygon",
        "coordinates": [
          [
            [
              80.2037423646325,
              13.087817851591101
            ],
            [
              80.2039675758138,
              13.087817851591101
            ],
            [
              80.2039675758138,
              13.08775538638422
            ],
            [
              80.2037423646325,
              13.087817851591101
            ]
          ]
        ]
      }
    },
    {
      "type": "Feature",
      "properties": {
        "unit_id": "B018-F04-U02",
        "floor_id": "B018-F04",
        "building_id": "B018",
        "parcel_id": "P000018",
        "demo_ulpin": "DEMO-TN-CHN-000018",
        "property_3d_id": "3D-CHN-P000018-B018-F04-U02",
        "area_sqm": 75.0,
        "z_min": 9.600000000000001,
        "z_max": 12.8,
        "height": 3.1999999999999993,
        "volume_m3": 239.99999999999994,
        "data_status": "DEMO / SYNTHETIC"
      },
      "geometry": {
        "type": "Polygon",
        "coordinates": [
          [
            [
              80.2042266967279,
              13.0878084462426
            ],
            [
              80.2041933084606,
              13.0876927765422
            ],
            [
              80.2039675758138,
              13.08775538638422
            ],
            [
              80.2039675758138,
              13.087817851591101
            ],
            [
              80.2041927868137,
              13.087817851591101
            ],
            [
              80.2042266967279,
              13.0878084462426
            ]
          ]
        ]
      }
    },
    {
      "type": "Feature",
      "properties": {
        "unit_id": "B018-F04-U03",
        "floor_id": "B018-F04",
        "building_id": "B018",
        "parcel_id": "P000018",
        "demo_ulpin": "DEMO-TN-CHN-000018",
        "property_3d_id": "3D-CHN-P000018-B018-F04-U03",
        "area_sqm": 75.0,
        "z_min": 9.600000000000001,
        "z_max": 12.8,
        "height": 3.1999999999999993,
        "volume_m3": 239.99999999999994,
        "data_status": "DEMO / SYNTHETIC"
      },
      "geometry": {
        "type": "Polygon",
        "coordinates": [
          [
            [
              80.2039675758138,
              13.087880316743
            ],
            [
              80.2039675758138,
              13.087817851591101
            ],
            [
              80.2037423646325,
              13.087817851591101
            ],
            [
              80.2037084548997,
              13.08782725689
            ],
            [
              80.2037418429519,
              13.08794292664
            ],
            [
              80.2039675758138,
              13.087880316743
            ]
          ]
        ]
      }
    },
    {
      "type": "Feature",
      "properties": {
        "unit_id": "B018-F04-U04",
        "floor_id": "B018-F04",
        "building_id": "B018",
        "parcel_id": "P000018",
        "demo_ulpin": "DEMO-TN-CHN-000018",
        "property_3d_id": "3D-CHN-P000018-B018-F04-U04",
        "area_sqm": 75.0,
        "z_min": 9.600000000000001,
        "z_max": 12.8,
        "height": 3.1999999999999993,
        "volume_m3": 239.99999999999994,
        "data_status": "DEMO / SYNTHETIC"
      },
      "geometry": {
        "type": "Polygon",
        "coordinates": [
          [
            [
              80.2041927868137,
              13.087817851591101
            ],
            [
              80.2039675758138,
              13.087817851591101
            ],
            [
              80.2039675758138,
              13.087880316743
            ],
            [
              80.2041927868137,
              13.087817851591101
            ]
          ]
        ]
      }
    },
    {
      "type": "Feature",
      "properties": {
        "unit_id": "B018-F05-U01",
        "floor_id": "B018-F05",
        "building_id": "B018",
        "parcel_id": "P000018",
        "demo_ulpin": "DEMO-TN-CHN-000018",
        "property_3d_id": "3D-CHN-P000018-B018-F05-U01",
        "area_sqm": 75.0,
        "z_min": 12.8,
        "z_max": 16.0,
        "height": 3.1999999999999993,
        "volume_m3": 239.99999999999994,
        "data_status": "DEMO / SYNTHETIC"
      },
      "geometry": {
        "type": "Polygon",
        "coordinates": [
          [
            [
              80.2037423646325,
              13.087817851591101
            ],
            [
              80.2039675758138,
              13.087817851591101
            ],
            [
              80.2039675758138,
              13.08775538638422
            ],
            [
              80.2037423646325,
              13.087817851591101
            ]
          ]
        ]
      }
    },
    {
      "type": "Feature",
      "properties": {
        "unit_id": "B018-F05-U02",
        "floor_id": "B018-F05",
        "building_id": "B018",
        "parcel_id": "P000018",
        "demo_ulpin": "DEMO-TN-CHN-000018",
        "property_3d_id": "3D-CHN-P000018-B018-F05-U02",
        "area_sqm": 75.0,
        "z_min": 12.8,
        "z_max": 16.0,
        "height": 3.1999999999999993,
        "volume_m3": 239.99999999999994,
        "data_status": "DEMO / SYNTHETIC"
      },
      "geometry": {
        "type": "Polygon",
        "coordinates": [
          [
            [
              80.2042266967279,
              13.0878084462426
            ],
            [
              80.2041933084606,
              13.0876927765422
            ],
            [
              80.2039675758138,
              13.08775538638422
            ],
            [
              80.2039675758138,
              13.087817851591101
            ],
            [
              80.2041927868137,
              13.087817851591101
            ],
            [
              80.2042266967279,
              13.0878084462426
            ]
          ]
        ]
      }
    },
    {
      "type": "Feature",
      "properties": {
        "unit_id": "B018-F05-U03",
        "floor_id": "B018-F05",
        "building_id": "B018",
        "parcel_id": "P000018",
        "demo_ulpin": "DEMO-TN-CHN-000018",
        "property_3d_id": "3D-CHN-P000018-B018-F05-U03",
        "area_sqm": 75.0,
        "z_min": 12.8,
        "z_max": 16.0,
        "height": 3.1999999999999993,
        "volume_m3": 239.99999999999994,
        "data_status": "DEMO / SYNTHETIC"
      },
      "geometry": {
        "type": "Polygon",
        "coordinates": [
          [
            [
              80.2039675758138,
              13.087880316743
            ],
            [
              80.2039675758138,
              13.087817851591101
            ],
            [
              80.2037423646325,
              13.087817851591101
            ],
            [
              80.2037084548997,
              13.08782725689
            ],
            [
              80.2037418429519,
              13.08794292664
            ],
            [
              80.2039675758138,
              13.087880316743
            ]
          ]
        ]
      }
    },
    {
      "type": "Feature",
      "properties": {
        "unit_id": "B018-F05-U04",
        "floor_id": "B018-F05",
        "building_id": "B018",
        "parcel_id": "P000018",
        "demo_ulpin": "DEMO-TN-CHN-000018",
        "property_3d_id": "3D-CHN-P000018-B018-F05-U04",
        "area_sqm": 75.0,
        "z_min": 12.8,
        "z_max": 16.0,
        "height": 3.1999999999999993,
        "volume_m3": 239.99999999999994,
        "data_status": "DEMO / SYNTHETIC"
      },
      "geometry": {
        "type": "Polygon",
        "coordinates": [
          [
            [
              80.2041927868137,
              13.087817851591101
            ],
            [
              80.2039675758138,
              13.087817851591101
            ],
            [
              80.2039675758138,
              13.087880316743
            ],
            [
              80.2041927868137,
              13.087817851591101
            ]
          ]
        ]
      }
    },
    {
      "type": "Feature",
      "properties": {
        "unit_id": "B019-F01-U01",
        "floor_id": "B019-F01",
        "building_id": "B019",
        "parcel_id": "P000019",
        "demo_ulpin": "DEMO-TN-CHN-000019",
        "property_3d_id": "3D-CHN-P000019-B019-F01-U01",
        "area_sqm": 75.0,
        "z_min": 0.0,
        "z_max": 3.2,
        "height": 3.2,
        "volume_m3": 240.0,
        "data_status": "DEMO / SYNTHETIC"
      },
      "geometry": {
        "type": "Polygon",
        "coordinates": [
          [
            [
              80.20672573357591,
              13.0834848435314
            ],
            [
              80.2068313205134,
              13.0834848435314
            ],
            [
              80.2068313205134,
              13.083343310615835
            ],
            [
              80.2067199591602,
              13.0833478202773
            ],
            [
              80.20672573357591,
              13.0834848435314
            ]
          ]
        ]
      }
    },
    {
      "type": "Feature",
      "properties": {
        "unit_id": "B019-F01-U02",
        "floor_id": "B019-F01",
        "building_id": "B019",
        "parcel_id": "P000019",
        "demo_ulpin": "DEMO-TN-CHN-000019",
        "property_3d_id": "3D-CHN-P000019-B019-F01-U02",
        "area_sqm": 75.0,
        "z_min": 0.0,
        "z_max": 3.2,
        "height": 3.2,
        "volume_m3": 240.0,
        "data_status": "DEMO / SYNTHETIC"
      },
      "geometry": {
        "type": "Polygon",
        "coordinates": [
          [
            [
              80.2068313205134,
              13.083343310615835
            ],
            [
              80.2068313205134,
              13.0834848435314
            ],
            [
              80.20693672975831,
              13.0834848435314
            ],
            [
              80.206930595753,
              13.0833392903906
            ],
            [
              80.2068313205134,
              13.083343310615835
            ]
          ]
        ]
      }
    },
    {
      "type": "Feature",
      "properties": {
        "unit_id": "B019-F01-U03",
        "floor_id": "B019-F01",
        "building_id": "B019",
        "parcel_id": "P000019",
        "demo_ulpin": "DEMO-TN-CHN-000019",
        "property_3d_id": "3D-CHN-P000019-B019-F01-U03",
        "area_sqm": 75.0,
        "z_min": 0.0,
        "z_max": 3.2,
        "height": 3.2,
        "volume_m3": 240.0,
        "data_status": "DEMO / SYNTHETIC"
      },
      "geometry": {
        "type": "Polygon",
        "coordinates": [
          [
            [
              80.2067308142152,
              13.0836054039075
            ],
            [
              80.2068313205134,
              13.083601333857013
            ],
            [
              80.2068313205134,
              13.0834848435314
            ],
            [
              80.20672573357591,
              13.0834848435314
            ],
            [
              80.2067308142152,
              13.0836054039075
            ]
          ]
        ]
      }
    },
    {
      "type": "Feature",
      "properties": {
        "unit_id": "B019-F01-U04",
        "floor_id": "B019-F01",
        "building_id": "B019",
        "parcel_id": "P000019",
        "demo_ulpin": "DEMO-TN-CHN-000019",
        "property_3d_id": "3D-CHN-P000019-B019-F01-U04",
        "area_sqm": 75.0,
        "z_min": 0.0,
        "z_max": 3.2,
        "height": 3.2,
        "volume_m3": 240.0,
        "data_status": "DEMO / SYNTHETIC"
      },
      "geometry": {
        "type": "Polygon",
        "coordinates": [
          [
            [
              80.2069426818666,
              13.0836260804576
            ],
            [
              80.20693672975831,
              13.0834848435314
            ],
            [
              80.2068313205134,
              13.0834848435314
            ],
            [
              80.2068313205134,
              13.083601333857013
            ],
            [
              80.2068348670135,
              13.0836011902398
            ],
            [
              80.206836097839,
              13.0836303966722
            ],
            [
              80.2069426818666,
              13.0836260804576
            ]
          ]
        ]
      }
    },
    {
      "type": "Feature",
      "properties": {
        "unit_id": "B019-F02-U01",
        "floor_id": "B019-F02",
        "building_id": "B019",
        "parcel_id": "P000019",
        "demo_ulpin": "DEMO-TN-CHN-000019",
        "property_3d_id": "3D-CHN-P000019-B019-F02-U01",
        "area_sqm": 75.0,
        "z_min": 3.2,
        "z_max": 6.4,
        "height": 3.2,
        "volume_m3": 240.0,
        "data_status": "DEMO / SYNTHETIC"
      },
      "geometry": {
        "type": "Polygon",
        "coordinates": [
          [
            [
              80.20672573357591,
              13.0834848435314
            ],
            [
              80.2068313205134,
              13.0834848435314
            ],
            [
              80.2068313205134,
              13.083343310615835
            ],
            [
              80.2067199591602,
              13.0833478202773
            ],
            [
              80.20672573357591,
              13.0834848435314
            ]
          ]
        ]
      }
    },
    {
      "type": "Feature",
      "properties": {
        "unit_id": "B019-F02-U02",
        "floor_id": "B019-F02",
        "building_id": "B019",
        "parcel_id": "P000019",
        "demo_ulpin": "DEMO-TN-CHN-000019",
        "property_3d_id": "3D-CHN-P000019-B019-F02-U02",
        "area_sqm": 75.0,
        "z_min": 3.2,
        "z_max": 6.4,
        "height": 3.2,
        "volume_m3": 240.0,
        "data_status": "DEMO / SYNTHETIC"
      },
      "geometry": {
        "type": "Polygon",
        "coordinates": [
          [
            [
              80.2068313205134,
              13.083343310615835
            ],
            [
              80.2068313205134,
              13.0834848435314
            ],
            [
              80.20693672975831,
              13.0834848435314
            ],
            [
              80.206930595753,
              13.0833392903906
            ],
            [
              80.2068313205134,
              13.083343310615835
            ]
          ]
        ]
      }
    },
    {
      "type": "Feature",
      "properties": {
        "unit_id": "B019-F02-U03",
        "floor_id": "B019-F02",
        "building_id": "B019",
        "parcel_id": "P000019",
        "demo_ulpin": "DEMO-TN-CHN-000019",
        "property_3d_id": "3D-CHN-P000019-B019-F02-U03",
        "area_sqm": 75.0,
        "z_min": 3.2,
        "z_max": 6.4,
        "height": 3.2,
        "volume_m3": 240.0,
        "data_status": "DEMO / SYNTHETIC"
      },
      "geometry": {
        "type": "Polygon",
        "coordinates": [
          [
            [
              80.2067308142152,
              13.0836054039075
            ],
            [
              80.2068313205134,
              13.083601333857013
            ],
            [
              80.2068313205134,
              13.0834848435314
            ],
            [
              80.20672573357591,
              13.0834848435314
            ],
            [
              80.2067308142152,
              13.0836054039075
            ]
          ]
        ]
      }
    },
    {
      "type": "Feature",
      "properties": {
        "unit_id": "B019-F02-U04",
        "floor_id": "B019-F02",
        "building_id": "B019",
        "parcel_id": "P000019",
        "demo_ulpin": "DEMO-TN-CHN-000019",
        "property_3d_id": "3D-CHN-P000019-B019-F02-U04",
        "area_sqm": 75.0,
        "z_min": 3.2,
        "z_max": 6.4,
        "height": 3.2,
        "volume_m3": 240.0,
        "data_status": "DEMO / SYNTHETIC"
      },
      "geometry": {
        "type": "Polygon",
        "coordinates": [
          [
            [
              80.2069426818666,
              13.0836260804576
            ],
            [
              80.20693672975831,
              13.0834848435314
            ],
            [
              80.2068313205134,
              13.0834848435314
            ],
            [
              80.2068313205134,
              13.083601333857013
            ],
            [
              80.2068348670135,
              13.0836011902398
            ],
            [
              80.206836097839,
              13.0836303966722
            ],
            [
              80.2069426818666,
              13.0836260804576
            ]
          ]
        ]
      }
    },
    {
      "type": "Feature",
      "properties": {
        "unit_id": "B020-F01-U01",
        "floor_id": "B020-F01",
        "building_id": "B020",
        "parcel_id": "P000020",
        "demo_ulpin": "DEMO-TN-CHN-000020",
        "property_3d_id": "3D-CHN-P000020-B020-F01-U01",
        "area_sqm": 75.0,
        "z_min": 0.0,
        "z_max": 3.2,
        "height": 3.2,
        "volume_m3": 240.0,
        "data_status": "DEMO / SYNTHETIC"
      },
      "geometry": {
        "type": "Polygon",
        "coordinates": [
          [
            [
              80.20234214900479,
              13.08251899985775
            ],
            [
              80.20253588299289,
              13.08251899985775
            ],
            [
              80.20253588299289,
              13.082445499434968
            ],
            [
              80.2023387829948,
              13.0824556498642
            ],
            [
              80.20234214900479,
              13.08251899985775
            ]
          ]
        ]
      }
    },
    {
      "type": "Feature",
      "properties": {
        "unit_id": "B020-F01-U02",
        "floor_id": "B020-F01",
        "building_id": "B020",
        "parcel_id": "P000020",
        "demo_ulpin": "DEMO-TN-CHN-000020",
        "property_3d_id": "3D-CHN-P000020-B020-F01-U02",
        "area_sqm": 75.0,
        "z_min": 0.0,
        "z_max": 3.2,
        "height": 3.2,
        "volume_m3": 240.0,
        "data_status": "DEMO / SYNTHETIC"
      },
      "geometry": {
        "type": "Polygon",
        "coordinates": [
          [
            [
              80.2027085829914,
              13.0825104498521
            ],
            [
              80.202732982991,
              13.0825091498513
            ],
            [
              80.2027290829885,
              13.0824355498515
            ],
            [
              80.20253588299289,
              13.082445499434968
            ],
            [
              80.20253588299289,
              13.08251899985775
            ],
            [
              80.20270903914793,
              13.08251899985775
            ],
            [
              80.2027085829914,
              13.0825104498521
            ]
          ]
        ]
      }
    },
    {
      "type": "Feature",
      "properties": {
        "unit_id": "B020-F01-U03",
        "floor_id": "B020-F01",
        "building_id": "B020",
        "parcel_id": "P000020",
        "demo_ulpin": "DEMO-TN-CHN-000020",
        "property_3d_id": "3D-CHN-P000020-B020-F01-U03",
        "area_sqm": 75.0,
        "z_min": 0.0,
        "z_max": 3.2,
        "height": 3.2,
        "volume_m3": 240.0,
        "data_status": "DEMO / SYNTHETIC"
      },
      "geometry": {
        "type": "Polygon",
        "coordinates": [
          [
            [
              80.20253588299289,
              13.082592671858535
            ],
            [
              80.20253588299289,
              13.08251899985775
            ],
            [
              80.20234214900479,
              13.08251899985775
            ],
            [
              80.2023465829998,
              13.082602449864
            ],
            [
              80.20253588299289,
              13.082592671858535
            ]
          ]
        ]
      }
    },
    {
      "type": "Feature",
      "properties": {
        "unit_id": "B020-F01-U04",
        "floor_id": "B020-F01",
        "building_id": "B020",
        "parcel_id": "P000020",
        "demo_ulpin": "DEMO-TN-CHN-000020",
        "property_3d_id": "3D-CHN-P000020-B020-F01-U04",
        "area_sqm": 75.0,
        "z_min": 0.0,
        "z_max": 3.2,
        "height": 3.2,
        "volume_m3": 240.0,
        "data_status": "DEMO / SYNTHETIC"
      },
      "geometry": {
        "type": "Polygon",
        "coordinates": [
          [
            [
              80.2027124829938,
              13.082583549852
            ],
            [
              80.20270903914793,
              13.08251899985775
            ],
            [
              80.20253588299289,
              13.08251899985775
            ],
            [
              80.20253588299289,
              13.082592671858535
            ],
            [
              80.2027124829938,
              13.082583549852
            ]
          ]
        ]
      }
    },
    {
      "type": "Feature",
      "properties": {
        "unit_id": "B020-F02-U01",
        "floor_id": "B020-F02",
        "building_id": "B020",
        "parcel_id": "P000020",
        "demo_ulpin": "DEMO-TN-CHN-000020",
        "property_3d_id": "3D-CHN-P000020-B020-F02-U01",
        "area_sqm": 75.0,
        "z_min": 3.2,
        "z_max": 6.4,
        "height": 3.2,
        "volume_m3": 240.0,
        "data_status": "DEMO / SYNTHETIC"
      },
      "geometry": {
        "type": "Polygon",
        "coordinates": [
          [
            [
              80.20234214900479,
              13.08251899985775
            ],
            [
              80.20253588299289,
              13.08251899985775
            ],
            [
              80.20253588299289,
              13.082445499434968
            ],
            [
              80.2023387829948,
              13.0824556498642
            ],
            [
              80.20234214900479,
              13.08251899985775
            ]
          ]
        ]
      }
    },
    {
      "type": "Feature",
      "properties": {
        "unit_id": "B020-F02-U02",
        "floor_id": "B020-F02",
        "building_id": "B020",
        "parcel_id": "P000020",
        "demo_ulpin": "DEMO-TN-CHN-000020",
        "property_3d_id": "3D-CHN-P000020-B020-F02-U02",
        "area_sqm": 75.0,
        "z_min": 3.2,
        "z_max": 6.4,
        "height": 3.2,
        "volume_m3": 240.0,
        "data_status": "DEMO / SYNTHETIC"
      },
      "geometry": {
        "type": "Polygon",
        "coordinates": [
          [
            [
              80.2027085829914,
              13.0825104498521
            ],
            [
              80.202732982991,
              13.0825091498513
            ],
            [
              80.2027290829885,
              13.0824355498515
            ],
            [
              80.20253588299289,
              13.082445499434968
            ],
            [
              80.20253588299289,
              13.08251899985775
            ],
            [
              80.20270903914793,
              13.08251899985775
            ],
            [
              80.2027085829914,
              13.0825104498521
            ]
          ]
        ]
      }
    },
    {
      "type": "Feature",
      "properties": {
        "unit_id": "B020-F02-U03",
        "floor_id": "B020-F02",
        "building_id": "B020",
        "parcel_id": "P000020",
        "demo_ulpin": "DEMO-TN-CHN-000020",
        "property_3d_id": "3D-CHN-P000020-B020-F02-U03",
        "area_sqm": 75.0,
        "z_min": 3.2,
        "z_max": 6.4,
        "height": 3.2,
        "volume_m3": 240.0,
        "data_status": "DEMO / SYNTHETIC"
      },
      "geometry": {
        "type": "Polygon",
        "coordinates": [
          [
            [
              80.20253588299289,
              13.082592671858535
            ],
            [
              80.20253588299289,
              13.08251899985775
            ],
            [
              80.20234214900479,
              13.08251899985775
            ],
            [
              80.2023465829998,
              13.082602449864
            ],
            [
              80.20253588299289,
              13.082592671858535
            ]
          ]
        ]
      }
    },
    {
      "type": "Feature",
      "properties": {
        "unit_id": "B020-F02-U04",
        "floor_id": "B020-F02",
        "building_id": "B020",
        "parcel_id": "P000020",
        "demo_ulpin": "DEMO-TN-CHN-000020",
        "property_3d_id": "3D-CHN-P000020-B020-F02-U04",
        "area_sqm": 75.0,
        "z_min": 3.2,
        "z_max": 6.4,
        "height": 3.2,
        "volume_m3": 240.0,
        "data_status": "DEMO / SYNTHETIC"
      },
      "geometry": {
        "type": "Polygon",
        "coordinates": [
          [
            [
              80.2027124829938,
              13.082583549852
            ],
            [
              80.20270903914793,
              13.08251899985775
            ],
            [
              80.20253588299289,
              13.08251899985775
            ],
            [
              80.20253588299289,
              13.082592671858535
            ],
            [
              80.2027124829938,
              13.082583549852
            ]
          ]
        ]
      }
    },
    {
      "type": "Feature",
      "properties": {
        "unit_id": "B020-F03-U01",
        "floor_id": "B020-F03",
        "building_id": "B020",
        "parcel_id": "P000020",
        "demo_ulpin": "DEMO-TN-CHN-000020",
        "property_3d_id": "3D-CHN-P000020-B020-F03-U01",
        "area_sqm": 75.0,
        "z_min": 6.4,
        "z_max": 9.600000000000001,
        "height": 3.200000000000001,
        "volume_m3": 240.00000000000009,
        "data_status": "DEMO / SYNTHETIC"
      },
      "geometry": {
        "type": "Polygon",
        "coordinates": [
          [
            [
              80.20234214900479,
              13.08251899985775
            ],
            [
              80.20253588299289,
              13.08251899985775
            ],
            [
              80.20253588299289,
              13.082445499434968
            ],
            [
              80.2023387829948,
              13.0824556498642
            ],
            [
              80.20234214900479,
              13.08251899985775
            ]
          ]
        ]
      }
    },
    {
      "type": "Feature",
      "properties": {
        "unit_id": "B020-F03-U02",
        "floor_id": "B020-F03",
        "building_id": "B020",
        "parcel_id": "P000020",
        "demo_ulpin": "DEMO-TN-CHN-000020",
        "property_3d_id": "3D-CHN-P000020-B020-F03-U02",
        "area_sqm": 75.0,
        "z_min": 6.4,
        "z_max": 9.600000000000001,
        "height": 3.200000000000001,
        "volume_m3": 240.00000000000009,
        "data_status": "DEMO / SYNTHETIC"
      },
      "geometry": {
        "type": "Polygon",
        "coordinates": [
          [
            [
              80.2027085829914,
              13.0825104498521
            ],
            [
              80.202732982991,
              13.0825091498513
            ],
            [
              80.2027290829885,
              13.0824355498515
            ],
            [
              80.20253588299289,
              13.082445499434968
            ],
            [
              80.20253588299289,
              13.08251899985775
            ],
            [
              80.20270903914793,
              13.08251899985775
            ],
            [
              80.2027085829914,
              13.0825104498521
            ]
          ]
        ]
      }
    },
    {
      "type": "Feature",
      "properties": {
        "unit_id": "B020-F03-U03",
        "floor_id": "B020-F03",
        "building_id": "B020",
        "parcel_id": "P000020",
        "demo_ulpin": "DEMO-TN-CHN-000020",
        "property_3d_id": "3D-CHN-P000020-B020-F03-U03",
        "area_sqm": 75.0,
        "z_min": 6.4,
        "z_max": 9.600000000000001,
        "height": 3.200000000000001,
        "volume_m3": 240.00000000000009,
        "data_status": "DEMO / SYNTHETIC"
      },
      "geometry": {
        "type": "Polygon",
        "coordinates": [
          [
            [
              80.20253588299289,
              13.082592671858535
            ],
            [
              80.20253588299289,
              13.08251899985775
            ],
            [
              80.20234214900479,
              13.08251899985775
            ],
            [
              80.2023465829998,
              13.082602449864
            ],
            [
              80.20253588299289,
              13.082592671858535
            ]
          ]
        ]
      }
    },
    {
      "type": "Feature",
      "properties": {
        "unit_id": "B020-F03-U04",
        "floor_id": "B020-F03",
        "building_id": "B020",
        "parcel_id": "P000020",
        "demo_ulpin": "DEMO-TN-CHN-000020",
        "property_3d_id": "3D-CHN-P000020-B020-F03-U04",
        "area_sqm": 75.0,
        "z_min": 6.4,
        "z_max": 9.600000000000001,
        "height": 3.200000000000001,
        "volume_m3": 240.00000000000009,
        "data_status": "DEMO / SYNTHETIC"
      },
      "geometry": {
        "type": "Polygon",
        "coordinates": [
          [
            [
              80.2027124829938,
              13.082583549852
            ],
            [
              80.20270903914793,
              13.08251899985775
            ],
            [
              80.20253588299289,
              13.08251899985775
            ],
            [
              80.20253588299289,
              13.082592671858535
            ],
            [
              80.2027124829938,
              13.082583549852
            ]
          ]
        ]
      }
    },
    {
      "type": "Feature",
      "properties": {
        "unit_id": "B020-F04-U01",
        "floor_id": "B020-F04",
        "building_id": "B020",
        "parcel_id": "P000020",
        "demo_ulpin": "DEMO-TN-CHN-000020",
        "property_3d_id": "3D-CHN-P000020-B020-F04-U01",
        "area_sqm": 75.0,
        "z_min": 9.600000000000001,
        "z_max": 12.8,
        "height": 3.1999999999999993,
        "volume_m3": 239.99999999999994,
        "data_status": "DEMO / SYNTHETIC"
      },
      "geometry": {
        "type": "Polygon",
        "coordinates": [
          [
            [
              80.20234214900479,
              13.08251899985775
            ],
            [
              80.20253588299289,
              13.08251899985775
            ],
            [
              80.20253588299289,
              13.082445499434968
            ],
            [
              80.2023387829948,
              13.0824556498642
            ],
            [
              80.20234214900479,
              13.08251899985775
            ]
          ]
        ]
      }
    },
    {
      "type": "Feature",
      "properties": {
        "unit_id": "B020-F04-U02",
        "floor_id": "B020-F04",
        "building_id": "B020",
        "parcel_id": "P000020",
        "demo_ulpin": "DEMO-TN-CHN-000020",
        "property_3d_id": "3D-CHN-P000020-B020-F04-U02",
        "area_sqm": 75.0,
        "z_min": 9.600000000000001,
        "z_max": 12.8,
        "height": 3.1999999999999993,
        "volume_m3": 239.99999999999994,
        "data_status": "DEMO / SYNTHETIC"
      },
      "geometry": {
        "type": "Polygon",
        "coordinates": [
          [
            [
              80.2027085829914,
              13.0825104498521
            ],
            [
              80.202732982991,
              13.0825091498513
            ],
            [
              80.2027290829885,
              13.0824355498515
            ],
            [
              80.20253588299289,
              13.082445499434968
            ],
            [
              80.20253588299289,
              13.08251899985775
            ],
            [
              80.20270903914793,
              13.08251899985775
            ],
            [
              80.2027085829914,
              13.0825104498521
            ]
          ]
        ]
      }
    },
    {
      "type": "Feature",
      "properties": {
        "unit_id": "B020-F04-U03",
        "floor_id": "B020-F04",
        "building_id": "B020",
        "parcel_id": "P000020",
        "demo_ulpin": "DEMO-TN-CHN-000020",
        "property_3d_id": "3D-CHN-P000020-B020-F04-U03",
        "area_sqm": 75.0,
        "z_min": 9.600000000000001,
        "z_max": 12.8,
        "height": 3.1999999999999993,
        "volume_m3": 239.99999999999994,
        "data_status": "DEMO / SYNTHETIC"
      },
      "geometry": {
        "type": "Polygon",
        "coordinates": [
          [
            [
              80.20253588299289,
              13.082592671858535
            ],
            [
              80.20253588299289,
              13.08251899985775
            ],
            [
              80.20234214900479,
              13.08251899985775
            ],
            [
              80.2023465829998,
              13.082602449864
            ],
            [
              80.20253588299289,
              13.082592671858535
            ]
          ]
        ]
      }
    },
    {
      "type": "Feature",
      "properties": {
        "unit_id": "B020-F04-U04",
        "floor_id": "B020-F04",
        "building_id": "B020",
        "parcel_id": "P000020",
        "demo_ulpin": "DEMO-TN-CHN-000020",
        "property_3d_id": "3D-CHN-P000020-B020-F04-U04",
        "area_sqm": 75.0,
        "z_min": 9.600000000000001,
        "z_max": 12.8,
        "height": 3.1999999999999993,
        "volume_m3": 239.99999999999994,
        "data_status": "DEMO / SYNTHETIC"
      },
      "geometry": {
        "type": "Polygon",
        "coordinates": [
          [
            [
              80.2027124829938,
              13.082583549852
            ],
            [
              80.20270903914793,
              13.08251899985775
            ],
            [
              80.20253588299289,
              13.08251899985775
            ],
            [
              80.20253588299289,
              13.082592671858535
            ],
            [
              80.2027124829938,
              13.082583549852
            ]
          ]
        ]
      }
    },
    {
      "type": "Feature",
      "properties": {
        "unit_id": "B021-F01-U01",
        "floor_id": "B021-F01",
        "building_id": "B021",
        "parcel_id": "P000021",
        "demo_ulpin": "DEMO-TN-CHN-000021",
        "property_3d_id": "3D-CHN-P000021-B021-F01-U01",
        "area_sqm": 75.0,
        "z_min": 0.0,
        "z_max": 3.2,
        "height": 3.2,
        "volume_m3": 240.0,
        "data_status": "DEMO / SYNTHETIC"
      },
      "geometry": {
        "type": "Polygon",
        "coordinates": [
          [
            [
              80.20795056606593,
              13.0881303998122
            ],
            [
              80.20810973316705,
              13.0881303998122
            ],
            [
              80.20810973316705,
              13.088039992538917
            ],
            [
              80.2079415831671,
              13.0880607498175
            ],
            [
              80.20795056606593,
              13.0881303998122
            ]
          ]
        ]
      }
    },
    {
      "type": "Feature",
      "properties": {
        "unit_id": "B021-F01-U02",
        "floor_id": "B021-F01",
        "building_id": "B021",
        "parcel_id": "P000021",
        "demo_ulpin": "DEMO-TN-CHN-000021",
        "property_3d_id": "3D-CHN-P000021-B021-F01-U02",
        "area_sqm": 75.0,
        "z_min": 0.0,
        "z_max": 3.2,
        "height": 3.2,
        "volume_m3": 240.0,
        "data_status": "DEMO / SYNTHETIC"
      },
      "geometry": {
        "type": "Polygon",
        "coordinates": [
          [
            [
              80.2081696831654,
              13.08810514981
            ],
            [
              80.2082642831636,
              13.088093449807
            ],
            [
              80.2082550831612,
              13.0880220498073
            ],
            [
              80.20810973316705,
              13.088039992538917
            ],
            [
              80.20810973316705,
              13.0881303998122
            ],
            [
              80.2081728838707,
              13.0881303998122
            ],
            [
              80.2081696831654,
              13.08810514981
            ]
          ]
        ]
      }
    },
    {
      "type": "Feature",
      "properties": {
        "unit_id": "B021-F01-U03",
        "floor_id": "B021-F01",
        "building_id": "B021",
        "parcel_id": "P000021",
        "demo_ulpin": "DEMO-TN-CHN-000021",
        "property_3d_id": "3D-CHN-P000021-B021-F01-U03",
        "area_sqm": 75.0,
        "z_min": 0.0,
        "z_max": 3.2,
        "height": 3.2,
        "volume_m3": 240.0,
        "data_status": "DEMO / SYNTHETIC"
      },
      "geometry": {
        "type": "Polygon",
        "coordinates": [
          [
            [
              80.20810973316705,
              13.088219621282986
            ],
            [
              80.20810973316705,
              13.0881303998122
            ],
            [
              80.20795056606593,
              13.0881303998122
            ],
            [
              80.2079553831706,
              13.088167749817
            ],
            [
              80.2079638831704,
              13.0881667498168
            ],
            [
              80.207966383171,
              13.0881856498167
            ],
            [
              80.2079482831714,
              13.0881878498173
            ],
            [
              80.207954883173,
              13.0882387498171
            ],
            [
              80.20810973316705,
              13.088219621282986
            ]
          ]
        ]
      }
    },
    {
      "type": "Feature",
      "properties": {
        "unit_id": "B021-F01-U04",
        "floor_id": "B021-F01",
        "building_id": "B021",
        "parcel_id": "P000021",
        "demo_ulpin": "DEMO-TN-CHN-000021",
        "property_3d_id": "3D-CHN-P000021-B021-F01-U04",
        "area_sqm": 75.0,
        "z_min": 0.0,
        "z_max": 3.2,
        "height": 3.2,
        "volume_m3": 240.0,
        "data_status": "DEMO / SYNTHETIC"
      },
      "geometry": {
        "type": "Polygon",
        "coordinates": [
          [
            [
              80.2081741831665,
              13.0881406498099
            ],
            [
              80.2081728838707,
              13.0881303998122
            ],
            [
              80.20810973316705,
              13.0881303998122
            ],
            [
              80.20810973316705,
              13.088219621282986
            ],
            [
              80.208277883167,
              13.0881988498065
            ],
            [
              80.20826906986073,
              13.0881303998122
            ],
            [
              80.20825714679954,
              13.0881303998122
            ],
            [
              80.2081741831665,
              13.0881406498099
            ]
          ]
        ]
      }
    },
    {
      "type": "Feature",
      "properties": {
        "unit_id": "B021-F02-U01",
        "floor_id": "B021-F02",
        "building_id": "B021",
        "parcel_id": "P000021",
        "demo_ulpin": "DEMO-TN-CHN-000021",
        "property_3d_id": "3D-CHN-P000021-B021-F02-U01",
        "area_sqm": 75.0,
        "z_min": 3.2,
        "z_max": 6.4,
        "height": 3.2,
        "volume_m3": 240.0,
        "data_status": "DEMO / SYNTHETIC"
      },
      "geometry": {
        "type": "Polygon",
        "coordinates": [
          [
            [
              80.20795056606593,
              13.0881303998122
            ],
            [
              80.20810973316705,
              13.0881303998122
            ],
            [
              80.20810973316705,
              13.088039992538917
            ],
            [
              80.2079415831671,
              13.0880607498175
            ],
            [
              80.20795056606593,
              13.0881303998122
            ]
          ]
        ]
      }
    },
    {
      "type": "Feature",
      "properties": {
        "unit_id": "B021-F02-U02",
        "floor_id": "B021-F02",
        "building_id": "B021",
        "parcel_id": "P000021",
        "demo_ulpin": "DEMO-TN-CHN-000021",
        "property_3d_id": "3D-CHN-P000021-B021-F02-U02",
        "area_sqm": 75.0,
        "z_min": 3.2,
        "z_max": 6.4,
        "height": 3.2,
        "volume_m3": 240.0,
        "data_status": "DEMO / SYNTHETIC"
      },
      "geometry": {
        "type": "Polygon",
        "coordinates": [
          [
            [
              80.2081696831654,
              13.08810514981
            ],
            [
              80.2082642831636,
              13.088093449807
            ],
            [
              80.2082550831612,
              13.0880220498073
            ],
            [
              80.20810973316705,
              13.088039992538917
            ],
            [
              80.20810973316705,
              13.0881303998122
            ],
            [
              80.2081728838707,
              13.0881303998122
            ],
            [
              80.2081696831654,
              13.08810514981
            ]
          ]
        ]
      }
    },
    {
      "type": "Feature",
      "properties": {
        "unit_id": "B021-F02-U03",
        "floor_id": "B021-F02",
        "building_id": "B021",
        "parcel_id": "P000021",
        "demo_ulpin": "DEMO-TN-CHN-000021",
        "property_3d_id": "3D-CHN-P000021-B021-F02-U03",
        "area_sqm": 75.0,
        "z_min": 3.2,
        "z_max": 6.4,
        "height": 3.2,
        "volume_m3": 240.0,
        "data_status": "DEMO / SYNTHETIC"
      },
      "geometry": {
        "type": "Polygon",
        "coordinates": [
          [
            [
              80.20810973316705,
              13.088219621282986
            ],
            [
              80.20810973316705,
              13.0881303998122
            ],
            [
              80.20795056606593,
              13.0881303998122
            ],
            [
              80.2079553831706,
              13.088167749817
            ],
            [
              80.2079638831704,
              13.0881667498168
            ],
            [
              80.207966383171,
              13.0881856498167
            ],
            [
              80.2079482831714,
              13.0881878498173
            ],
            [
              80.207954883173,
              13.0882387498171
            ],
            [
              80.20810973316705,
              13.088219621282986
            ]
          ]
        ]
      }
    },
    {
      "type": "Feature",
      "properties": {
        "unit_id": "B021-F02-U04",
        "floor_id": "B021-F02",
        "building_id": "B021",
        "parcel_id": "P000021",
        "demo_ulpin": "DEMO-TN-CHN-000021",
        "property_3d_id": "3D-CHN-P000021-B021-F02-U04",
        "area_sqm": 75.0,
        "z_min": 3.2,
        "z_max": 6.4,
        "height": 3.2,
        "volume_m3": 240.0,
        "data_status": "DEMO / SYNTHETIC"
      },
      "geometry": {
        "type": "Polygon",
        "coordinates": [
          [
            [
              80.2081741831665,
              13.0881406498099
            ],
            [
              80.2081728838707,
              13.0881303998122
            ],
            [
              80.20810973316705,
              13.0881303998122
            ],
            [
              80.20810973316705,
              13.088219621282986
            ],
            [
              80.208277883167,
              13.0881988498065
            ],
            [
              80.20826906986073,
              13.0881303998122
            ],
            [
              80.20825714679954,
              13.0881303998122
            ],
            [
              80.2081741831665,
              13.0881406498099
            ]
          ]
        ]
      }
    },
    {
      "type": "Feature",
      "properties": {
        "unit_id": "B021-F03-U01",
        "floor_id": "B021-F03",
        "building_id": "B021",
        "parcel_id": "P000021",
        "demo_ulpin": "DEMO-TN-CHN-000021",
        "property_3d_id": "3D-CHN-P000021-B021-F03-U01",
        "area_sqm": 75.0,
        "z_min": 6.4,
        "z_max": 9.600000000000001,
        "height": 3.200000000000001,
        "volume_m3": 240.00000000000009,
        "data_status": "DEMO / SYNTHETIC"
      },
      "geometry": {
        "type": "Polygon",
        "coordinates": [
          [
            [
              80.20795056606593,
              13.0881303998122
            ],
            [
              80.20810973316705,
              13.0881303998122
            ],
            [
              80.20810973316705,
              13.088039992538917
            ],
            [
              80.2079415831671,
              13.0880607498175
            ],
            [
              80.20795056606593,
              13.0881303998122
            ]
          ]
        ]
      }
    },
    {
      "type": "Feature",
      "properties": {
        "unit_id": "B021-F03-U02",
        "floor_id": "B021-F03",
        "building_id": "B021",
        "parcel_id": "P000021",
        "demo_ulpin": "DEMO-TN-CHN-000021",
        "property_3d_id": "3D-CHN-P000021-B021-F03-U02",
        "area_sqm": 75.0,
        "z_min": 6.4,
        "z_max": 9.600000000000001,
        "height": 3.200000000000001,
        "volume_m3": 240.00000000000009,
        "data_status": "DEMO / SYNTHETIC"
      },
      "geometry": {
        "type": "Polygon",
        "coordinates": [
          [
            [
              80.2081696831654,
              13.08810514981
            ],
            [
              80.2082642831636,
              13.088093449807
            ],
            [
              80.2082550831612,
              13.0880220498073
            ],
            [
              80.20810973316705,
              13.088039992538917
            ],
            [
              80.20810973316705,
              13.0881303998122
            ],
            [
              80.2081728838707,
              13.0881303998122
            ],
            [
              80.2081696831654,
              13.08810514981
            ]
          ]
        ]
      }
    },
    {
      "type": "Feature",
      "properties": {
        "unit_id": "B021-F03-U03",
        "floor_id": "B021-F03",
        "building_id": "B021",
        "parcel_id": "P000021",
        "demo_ulpin": "DEMO-TN-CHN-000021",
        "property_3d_id": "3D-CHN-P000021-B021-F03-U03",
        "area_sqm": 75.0,
        "z_min": 6.4,
        "z_max": 9.600000000000001,
        "height": 3.200000000000001,
        "volume_m3": 240.00000000000009,
        "data_status": "DEMO / SYNTHETIC"
      },
      "geometry": {
        "type": "Polygon",
        "coordinates": [
          [
            [
              80.20810973316705,
              13.088219621282986
            ],
            [
              80.20810973316705,
              13.0881303998122
            ],
            [
              80.20795056606593,
              13.0881303998122
            ],
            [
              80.2079553831706,
              13.088167749817
            ],
            [
              80.2079638831704,
              13.0881667498168
            ],
            [
              80.207966383171,
              13.0881856498167
            ],
            [
              80.2079482831714,
              13.0881878498173
            ],
            [
              80.207954883173,
              13.0882387498171
            ],
            [
              80.20810973316705,
              13.088219621282986
            ]
          ]
        ]
      }
    },
    {
      "type": "Feature",
      "properties": {
        "unit_id": "B021-F03-U04",
        "floor_id": "B021-F03",
        "building_id": "B021",
        "parcel_id": "P000021",
        "demo_ulpin": "DEMO-TN-CHN-000021",
        "property_3d_id": "3D-CHN-P000021-B021-F03-U04",
        "area_sqm": 75.0,
        "z_min": 6.4,
        "z_max": 9.600000000000001,
        "height": 3.200000000000001,
        "volume_m3": 240.00000000000009,
        "data_status": "DEMO / SYNTHETIC"
      },
      "geometry": {
        "type": "Polygon",
        "coordinates": [
          [
            [
              80.2081741831665,
              13.0881406498099
            ],
            [
              80.2081728838707,
              13.0881303998122
            ],
            [
              80.20810973316705,
              13.0881303998122
            ],
            [
              80.20810973316705,
              13.088219621282986
            ],
            [
              80.208277883167,
              13.0881988498065
            ],
            [
              80.20826906986073,
              13.0881303998122
            ],
            [
              80.20825714679954,
              13.0881303998122
            ],
            [
              80.2081741831665,
              13.0881406498099
            ]
          ]
        ]
      }
    },
    {
      "type": "Feature",
      "properties": {
        "unit_id": "B022-F01-U01",
        "floor_id": "B022-F01",
        "building_id": "B022",
        "parcel_id": "P000022",
        "demo_ulpin": "DEMO-TN-CHN-000022",
        "property_3d_id": "3D-CHN-P000022-B022-F01-U01",
        "area_sqm": 75.0,
        "z_min": 0.0,
        "z_max": 3.2,
        "height": 3.2,
        "volume_m3": 240.0,
        "data_status": "DEMO / SYNTHETIC"
      },
      "geometry": {
        "type": "Polygon",
        "coordinates": [
          [
            [
              80.206468982852,
              13.0806495496813
            ],
            [
              80.20646690811299,
              13.0807627496788
            ],
            [
              80.2066300828536,
              13.0807627496788
            ],
            [
              80.2066300828536,
              13.08065236386548
            ],
            [
              80.206468982852,
              13.0806495496813
            ]
          ]
        ]
      }
    },
    {
      "type": "Feature",
      "properties": {
        "unit_id": "B022-F01-U02",
        "floor_id": "B022-F01",
        "building_id": "B022",
        "parcel_id": "P000022",
        "demo_ulpin": "DEMO-TN-CHN-000022",
        "property_3d_id": "3D-CHN-P000022-B022-F01-U02",
        "area_sqm": 75.0,
        "z_min": 0.0,
        "z_max": 3.2,
        "height": 3.2,
        "volume_m3": 240.0,
        "data_status": "DEMO / SYNTHETIC"
      },
      "geometry": {
        "type": "Polygon",
        "coordinates": [
          [
            [
              80.2066300828536,
              13.08065236386548
            ],
            [
              80.2066300828536,
              13.0807627496788
            ],
            [
              80.20665139995438,
              13.0807627496788
            ],
            [
              80.2066517828526,
              13.0807423496753
            ],
            [
              80.2067936828506,
              13.0807447496707
            ],
            [
              80.2067943828494,
              13.0807102496707
            ],
            [
              80.2067705828497,
              13.0807098496715
            ],
            [
              80.2067710828488,
              13.0806834496714
            ],
            [
              80.2067947828485,
              13.0806838496707
            ],
            [
              80.2067952828475,
              13.0806552496706
            ],
            [
              80.2066300828536,
              13.08065236386548
            ]
          ]
        ]
      }
    },
    {
      "type": "Feature",
      "properties": {
        "unit_id": "B022-F01-U03",
        "floor_id": "B022-F01",
        "building_id": "B022",
        "parcel_id": "P000022",
        "demo_ulpin": "DEMO-TN-CHN-000022",
        "property_3d_id": "3D-CHN-P000022-B022-F01-U03",
        "area_sqm": 75.0,
        "z_min": 0.0,
        "z_max": 3.2,
        "height": 3.2,
        "volume_m3": 240.0,
        "data_status": "DEMO / SYNTHETIC"
      },
      "geometry": {
        "type": "Polygon",
        "coordinates": [
          [
            [
              80.2066229828563,
              13.0808377496763
            ],
            [
              80.2066300828536,
              13.080837881157498
            ],
            [
              80.2066300828536,
              13.0807627496788
            ],
            [
              80.20646690811299,
              13.0807627496788
            ],
            [
              80.2064648828597,
              13.0808732496814
            ],
            [
              80.2066223828576,
              13.0808759496763
            ],
            [
              80.2066229828563,
              13.0808377496763
            ]
          ]
        ]
      }
    },
    {
      "type": "Feature",
      "properties": {
        "unit_id": "B022-F01-U04",
        "floor_id": "B022-F01",
        "building_id": "B022",
        "parcel_id": "P000022",
        "demo_ulpin": "DEMO-TN-CHN-000022",
        "property_3d_id": "3D-CHN-P000022-B022-F01-U04",
        "area_sqm": 75.0,
        "z_min": 0.0,
        "z_max": 3.2,
        "height": 3.2,
        "volume_m3": 240.0,
        "data_status": "DEMO / SYNTHETIC"
      },
      "geometry": {
        "type": "Polygon",
        "coordinates": [
          [
            [
              80.2066499828559,
              13.0808382496754
            ],
            [
              80.20665139995438,
              13.0807627496788
            ],
            [
              80.2066300828536,
              13.0807627496788
            ],
            [
              80.2066300828536,
              13.080837881157498
            ],
            [
              80.2066499828559,
              13.0808382496754
            ]
          ]
        ]
      }
    },
    {
      "type": "Feature",
      "properties": {
        "unit_id": "B022-F02-U01",
        "floor_id": "B022-F02",
        "building_id": "B022",
        "parcel_id": "P000022",
        "demo_ulpin": "DEMO-TN-CHN-000022",
        "property_3d_id": "3D-CHN-P000022-B022-F02-U01",
        "area_sqm": 75.0,
        "z_min": 3.2,
        "z_max": 6.4,
        "height": 3.2,
        "volume_m3": 240.0,
        "data_status": "DEMO / SYNTHETIC"
      },
      "geometry": {
        "type": "Polygon",
        "coordinates": [
          [
            [
              80.206468982852,
              13.0806495496813
            ],
            [
              80.20646690811299,
              13.0807627496788
            ],
            [
              80.2066300828536,
              13.0807627496788
            ],
            [
              80.2066300828536,
              13.08065236386548
            ],
            [
              80.206468982852,
              13.0806495496813
            ]
          ]
        ]
      }
    },
    {
      "type": "Feature",
      "properties": {
        "unit_id": "B022-F02-U02",
        "floor_id": "B022-F02",
        "building_id": "B022",
        "parcel_id": "P000022",
        "demo_ulpin": "DEMO-TN-CHN-000022",
        "property_3d_id": "3D-CHN-P000022-B022-F02-U02",
        "area_sqm": 75.0,
        "z_min": 3.2,
        "z_max": 6.4,
        "height": 3.2,
        "volume_m3": 240.0,
        "data_status": "DEMO / SYNTHETIC"
      },
      "geometry": {
        "type": "Polygon",
        "coordinates": [
          [
            [
              80.2066300828536,
              13.08065236386548
            ],
            [
              80.2066300828536,
              13.0807627496788
            ],
            [
              80.20665139995438,
              13.0807627496788
            ],
            [
              80.2066517828526,
              13.0807423496753
            ],
            [
              80.2067936828506,
              13.0807447496707
            ],
            [
              80.2067943828494,
              13.0807102496707
            ],
            [
              80.2067705828497,
              13.0807098496715
            ],
            [
              80.2067710828488,
              13.0806834496714
            ],
            [
              80.2067947828485,
              13.0806838496707
            ],
            [
              80.2067952828475,
              13.0806552496706
            ],
            [
              80.2066300828536,
              13.08065236386548
            ]
          ]
        ]
      }
    },
    {
      "type": "Feature",
      "properties": {
        "unit_id": "B022-F02-U03",
        "floor_id": "B022-F02",
        "building_id": "B022",
        "parcel_id": "P000022",
        "demo_ulpin": "DEMO-TN-CHN-000022",
        "property_3d_id": "3D-CHN-P000022-B022-F02-U03",
        "area_sqm": 75.0,
        "z_min": 3.2,
        "z_max": 6.4,
        "height": 3.2,
        "volume_m3": 240.0,
        "data_status": "DEMO / SYNTHETIC"
      },
      "geometry": {
        "type": "Polygon",
        "coordinates": [
          [
            [
              80.2066229828563,
              13.0808377496763
            ],
            [
              80.2066300828536,
              13.080837881157498
            ],
            [
              80.2066300828536,
              13.0807627496788
            ],
            [
              80.20646690811299,
              13.0807627496788
            ],
            [
              80.2064648828597,
              13.0808732496814
            ],
            [
              80.2066223828576,
              13.0808759496763
            ],
            [
              80.2066229828563,
              13.0808377496763
            ]
          ]
        ]
      }
    },
    {
      "type": "Feature",
      "properties": {
        "unit_id": "B022-F02-U04",
        "floor_id": "B022-F02",
        "building_id": "B022",
        "parcel_id": "P000022",
        "demo_ulpin": "DEMO-TN-CHN-000022",
        "property_3d_id": "3D-CHN-P000022-B022-F02-U04",
        "area_sqm": 75.0,
        "z_min": 3.2,
        "z_max": 6.4,
        "height": 3.2,
        "volume_m3": 240.0,
        "data_status": "DEMO / SYNTHETIC"
      },
      "geometry": {
        "type": "Polygon",
        "coordinates": [
          [
            [
              80.2066499828559,
              13.0808382496754
            ],
            [
              80.20665139995438,
              13.0807627496788
            ],
            [
              80.2066300828536,
              13.0807627496788
            ],
            [
              80.2066300828536,
              13.080837881157498
            ],
            [
              80.2066499828559,
              13.0808382496754
            ]
          ]
        ]
      }
    },
    {
      "type": "Feature",
      "properties": {
        "unit_id": "B023-F01-U01",
        "floor_id": "B023-F01",
        "building_id": "B023",
        "parcel_id": "P000023",
        "demo_ulpin": "DEMO-TN-CHN-000023",
        "property_3d_id": "3D-CHN-P000023-B023-F01-U01",
        "area_sqm": 75.0,
        "z_min": 0.0,
        "z_max": 3.2,
        "height": 3.2,
        "volume_m3": 240.0,
        "data_status": "DEMO / SYNTHETIC"
      },
      "geometry": {
        "type": "Polygon",
        "coordinates": [
          [
            [
              80.20471064553644,
              13.081899107847999
            ],
            [
              80.20488178187405,
              13.081899107847999
            ],
            [
              80.20488178187405,
              13.081822774309869
            ],
            [
              80.2047067456006,
              13.0818326439543
            ],
            [
              80.20471064553644,
              13.081899107847999
            ]
          ]
        ]
      }
    },
    {
      "type": "Feature",
      "properties": {
        "unit_id": "B023-F01-U02",
        "floor_id": "B023-F01",
        "building_id": "B023",
        "parcel_id": "P000023",
        "demo_ulpin": "DEMO-TN-CHN-000023",
        "property_3d_id": "3D-CHN-P000023-B023-F01-U02",
        "area_sqm": 75.0,
        "z_min": 0.0,
        "z_max": 3.2,
        "height": 3.2,
        "volume_m3": 240.0,
        "data_status": "DEMO / SYNTHETIC"
      },
      "geometry": {
        "type": "Polygon",
        "coordinates": [
          [
            [
              80.20488178187405,
              13.081822774309869
            ],
            [
              80.20488178187405,
              13.081899107847999
            ],
            [
              80.20505267058743,
              13.081899107847999
            ],
            [
              80.2050476426396,
              13.0818134220382
            ],
            [
              80.20488178187405,
              13.081822774309869
            ]
          ]
        ]
      }
    },
    {
      "type": "Feature",
      "properties": {
        "unit_id": "B023-F01-U03",
        "floor_id": "B023-F01",
        "building_id": "B023",
        "parcel_id": "P000023",
        "demo_ulpin": "DEMO-TN-CHN-000023",
        "property_3d_id": "3D-CHN-P000023-B023-F01-U03",
        "area_sqm": 75.0,
        "z_min": 0.0,
        "z_max": 3.2,
        "height": 3.2,
        "volume_m3": 240.0,
        "data_status": "DEMO / SYNTHETIC"
      },
      "geometry": {
        "type": "Polygon",
        "coordinates": [
          [
            [
              80.20488178187405,
              13.08197965983673
            ],
            [
              80.20488178187405,
              13.081899107847999
            ],
            [
              80.20471064553644,
              13.081899107847999
            ],
            [
              80.2047148621267,
              13.0819709682629
            ],
            [
              80.2047896759348,
              13.081966749832
            ],
            [
              80.2047907347075,
              13.0819847936578
            ],
            [
              80.20488178187405,
              13.08197965983673
            ]
          ]
        ]
      }
    },
    {
      "type": "Feature",
      "properties": {
        "unit_id": "B023-F01-U04",
        "floor_id": "B023-F01",
        "building_id": "B023",
        "parcel_id": "P000023",
        "demo_ulpin": "DEMO-TN-CHN-000023",
        "property_3d_id": "3D-CHN-P000023-B023-F01-U04",
        "area_sqm": 75.0,
        "z_min": 0.0,
        "z_max": 3.2,
        "height": 3.2,
        "volume_m3": 240.0,
        "data_status": "DEMO / SYNTHETIC"
      },
      "geometry": {
        "type": "Polygon",
        "coordinates": [
          [
            [
              80.2050568181475,
              13.0819697901731
            ],
            [
              80.20505267058743,
              13.081899107847999
            ],
            [
              80.20488178187405,
              13.081899107847999
            ],
            [
              80.20488178187405,
              13.08197965983673
            ],
            [
              80.2050568181475,
              13.0819697901731
            ]
          ]
        ]
      }
    },
    {
      "type": "Feature",
      "properties": {
        "unit_id": "B023-F02-U01",
        "floor_id": "B023-F02",
        "building_id": "B023",
        "parcel_id": "P000023",
        "demo_ulpin": "DEMO-TN-CHN-000023",
        "property_3d_id": "3D-CHN-P000023-B023-F02-U01",
        "area_sqm": 75.0,
        "z_min": 3.2,
        "z_max": 6.4,
        "height": 3.2,
        "volume_m3": 240.0,
        "data_status": "DEMO / SYNTHETIC"
      },
      "geometry": {
        "type": "Polygon",
        "coordinates": [
          [
            [
              80.20471064553644,
              13.081899107847999
            ],
            [
              80.20488178187405,
              13.081899107847999
            ],
            [
              80.20488178187405,
              13.081822774309869
            ],
            [
              80.2047067456006,
              13.0818326439543
            ],
            [
              80.20471064553644,
              13.081899107847999
            ]
          ]
        ]
      }
    },
    {
      "type": "Feature",
      "properties": {
        "unit_id": "B023-F02-U02",
        "floor_id": "B023-F02",
        "building_id": "B023",
        "parcel_id": "P000023",
        "demo_ulpin": "DEMO-TN-CHN-000023",
        "property_3d_id": "3D-CHN-P000023-B023-F02-U02",
        "area_sqm": 75.0,
        "z_min": 3.2,
        "z_max": 6.4,
        "height": 3.2,
        "volume_m3": 240.0,
        "data_status": "DEMO / SYNTHETIC"
      },
      "geometry": {
        "type": "Polygon",
        "coordinates": [
          [
            [
              80.20488178187405,
              13.081822774309869
            ],
            [
              80.20488178187405,
              13.081899107847999
            ],
            [
              80.20505267058743,
              13.081899107847999
            ],
            [
              80.2050476426396,
              13.0818134220382
            ],
            [
              80.20488178187405,
              13.081822774309869
            ]
          ]
        ]
      }
    },
    {
      "type": "Feature",
      "properties": {
        "unit_id": "B023-F02-U03",
        "floor_id": "B023-F02",
        "building_id": "B023",
        "parcel_id": "P000023",
        "demo_ulpin": "DEMO-TN-CHN-000023",
        "property_3d_id": "3D-CHN-P000023-B023-F02-U03",
        "area_sqm": 75.0,
        "z_min": 3.2,
        "z_max": 6.4,
        "height": 3.2,
        "volume_m3": 240.0,
        "data_status": "DEMO / SYNTHETIC"
      },
      "geometry": {
        "type": "Polygon",
        "coordinates": [
          [
            [
              80.20488178187405,
              13.08197965983673
            ],
            [
              80.20488178187405,
              13.081899107847999
            ],
            [
              80.20471064553644,
              13.081899107847999
            ],
            [
              80.2047148621267,
              13.0819709682629
            ],
            [
              80.2047896759348,
              13.081966749832
            ],
            [
              80.2047907347075,
              13.0819847936578
            ],
            [
              80.20488178187405,
              13.08197965983673
            ]
          ]
        ]
      }
    },
    {
      "type": "Feature",
      "properties": {
        "unit_id": "B023-F02-U04",
        "floor_id": "B023-F02",
        "building_id": "B023",
        "parcel_id": "P000023",
        "demo_ulpin": "DEMO-TN-CHN-000023",
        "property_3d_id": "3D-CHN-P000023-B023-F02-U04",
        "area_sqm": 75.0,
        "z_min": 3.2,
        "z_max": 6.4,
        "height": 3.2,
        "volume_m3": 240.0,
        "data_status": "DEMO / SYNTHETIC"
      },
      "geometry": {
        "type": "Polygon",
        "coordinates": [
          [
            [
              80.2050568181475,
              13.0819697901731
            ],
            [
              80.20505267058743,
              13.081899107847999
            ],
            [
              80.20488178187405,
              13.081899107847999
            ],
            [
              80.20488178187405,
              13.08197965983673
            ],
            [
              80.2050568181475,
              13.0819697901731
            ]
          ]
        ]
      }
    },
    {
      "type": "Feature",
      "properties": {
        "unit_id": "B023-F03-U01",
        "floor_id": "B023-F03",
        "building_id": "B023",
        "parcel_id": "P000023",
        "demo_ulpin": "DEMO-TN-CHN-000023",
        "property_3d_id": "3D-CHN-P000023-B023-F03-U01",
        "area_sqm": 75.0,
        "z_min": 6.4,
        "z_max": 9.600000000000001,
        "height": 3.200000000000001,
        "volume_m3": 240.00000000000009,
        "data_status": "DEMO / SYNTHETIC"
      },
      "geometry": {
        "type": "Polygon",
        "coordinates": [
          [
            [
              80.20471064553644,
              13.081899107847999
            ],
            [
              80.20488178187405,
              13.081899107847999
            ],
            [
              80.20488178187405,
              13.081822774309869
            ],
            [
              80.2047067456006,
              13.0818326439543
            ],
            [
              80.20471064553644,
              13.081899107847999
            ]
          ]
        ]
      }
    },
    {
      "type": "Feature",
      "properties": {
        "unit_id": "B023-F03-U02",
        "floor_id": "B023-F03",
        "building_id": "B023",
        "parcel_id": "P000023",
        "demo_ulpin": "DEMO-TN-CHN-000023",
        "property_3d_id": "3D-CHN-P000023-B023-F03-U02",
        "area_sqm": 75.0,
        "z_min": 6.4,
        "z_max": 9.600000000000001,
        "height": 3.200000000000001,
        "volume_m3": 240.00000000000009,
        "data_status": "DEMO / SYNTHETIC"
      },
      "geometry": {
        "type": "Polygon",
        "coordinates": [
          [
            [
              80.20488178187405,
              13.081822774309869
            ],
            [
              80.20488178187405,
              13.081899107847999
            ],
            [
              80.20505267058743,
              13.081899107847999
            ],
            [
              80.2050476426396,
              13.0818134220382
            ],
            [
              80.20488178187405,
              13.081822774309869
            ]
          ]
        ]
      }
    },
    {
      "type": "Feature",
      "properties": {
        "unit_id": "B023-F03-U03",
        "floor_id": "B023-F03",
        "building_id": "B023",
        "parcel_id": "P000023",
        "demo_ulpin": "DEMO-TN-CHN-000023",
        "property_3d_id": "3D-CHN-P000023-B023-F03-U03",
        "area_sqm": 75.0,
        "z_min": 6.4,
        "z_max": 9.600000000000001,
        "height": 3.200000000000001,
        "volume_m3": 240.00000000000009,
        "data_status": "DEMO / SYNTHETIC"
      },
      "geometry": {
        "type": "Polygon",
        "coordinates": [
          [
            [
              80.20488178187405,
              13.08197965983673
            ],
            [
              80.20488178187405,
              13.081899107847999
            ],
            [
              80.20471064553644,
              13.081899107847999
            ],
            [
              80.2047148621267,
              13.0819709682629
            ],
            [
              80.2047896759348,
              13.081966749832
            ],
            [
              80.2047907347075,
              13.0819847936578
            ],
            [
              80.20488178187405,
              13.08197965983673
            ]
          ]
        ]
      }
    },
    {
      "type": "Feature",
      "properties": {
        "unit_id": "B023-F03-U04",
        "floor_id": "B023-F03",
        "building_id": "B023",
        "parcel_id": "P000023",
        "demo_ulpin": "DEMO-TN-CHN-000023",
        "property_3d_id": "3D-CHN-P000023-B023-F03-U04",
        "area_sqm": 75.0,
        "z_min": 6.4,
        "z_max": 9.600000000000001,
        "height": 3.200000000000001,
        "volume_m3": 240.00000000000009,
        "data_status": "DEMO / SYNTHETIC"
      },
      "geometry": {
        "type": "Polygon",
        "coordinates": [
          [
            [
              80.2050568181475,
              13.0819697901731
            ],
            [
              80.20505267058743,
              13.081899107847999
            ],
            [
              80.20488178187405,
              13.081899107847999
            ],
            [
              80.20488178187405,
              13.08197965983673
            ],
            [
              80.2050568181475,
              13.0819697901731
            ]
          ]
        ]
      }
    },
    {
      "type": "Feature",
      "properties": {
        "unit_id": "B024-F01-U01",
        "floor_id": "B024-F01",
        "building_id": "B024",
        "parcel_id": "P000024",
        "demo_ulpin": "DEMO-TN-CHN-000024",
        "property_3d_id": "3D-CHN-P000024-B024-F01-U01",
        "area_sqm": 75.0,
        "z_min": 0.0,
        "z_max": 3.2,
        "height": 3.2,
        "volume_m3": 240.0,
        "data_status": "DEMO / SYNTHETIC"
      },
      "geometry": {
        "type": "Polygon",
        "coordinates": [
          [
            [
              80.20867333249373,
              13.0858261997271
            ],
            [
              80.2089153330503,
              13.0858261997271
            ],
            [
              80.2089153330503,
              13.085772477507057
            ],
            [
              80.2086712830524,
              13.085783949735
            ],
            [
              80.20867333249373,
              13.0858261997271
            ]
          ]
        ]
      }
    },
    {
      "type": "Feature",
      "properties": {
        "unit_id": "B024-F01-U02",
        "floor_id": "B024-F01",
        "building_id": "B024",
        "parcel_id": "P000024",
        "demo_ulpin": "DEMO-TN-CHN-000024",
        "property_3d_id": "3D-CHN-P000024-B024-F01-U02",
        "area_sqm": 75.0,
        "z_min": 0.0,
        "z_max": 3.2,
        "height": 3.2,
        "volume_m3": 240.0,
        "data_status": "DEMO / SYNTHETIC"
      },
      "geometry": {
        "type": "Polygon",
        "coordinates": [
          [
            [
              80.2089153330503,
              13.085772477507057
            ],
            [
              80.2089153330503,
              13.0858261997271
            ],
            [
              80.2091573277399,
              13.0858261997271
            ],
            [
              80.2091541830446,
              13.0857612497193
            ],
            [
              80.2089153330503,
              13.085772477507057
            ]
          ]
        ]
      }
    },
    {
      "type": "Feature",
      "properties": {
        "unit_id": "B024-F01-U03",
        "floor_id": "B024-F01",
        "building_id": "B024",
        "parcel_id": "P000024",
        "demo_ulpin": "DEMO-TN-CHN-000024",
        "property_3d_id": "3D-CHN-P000024-B024-F01-U03",
        "area_sqm": 75.0,
        "z_min": 0.0,
        "z_max": 3.2,
        "height": 3.2,
        "volume_m3": 240.0,
        "data_status": "DEMO / SYNTHETIC"
      },
      "geometry": {
        "type": "Polygon",
        "coordinates": [
          [
            [
              80.2089153330503,
              13.085880020870265
            ],
            [
              80.2089153330503,
              13.0858261997271
            ],
            [
              80.20867333249373,
              13.0858261997271
            ],
            [
              80.208676483056,
              13.0858911497349
            ],
            [
              80.2089153330503,
              13.085880020870265
            ]
          ]
        ]
      }
    },
    {
      "type": "Feature",
      "properties": {
        "unit_id": "B024-F01-U04",
        "floor_id": "B024-F01",
        "building_id": "B024",
        "parcel_id": "P000024",
        "demo_ulpin": "DEMO-TN-CHN-000024",
        "property_3d_id": "3D-CHN-P000024-B024-F01-U04",
        "area_sqm": 75.0,
        "z_min": 0.0,
        "z_max": 3.2,
        "height": 3.2,
        "volume_m3": 240.0,
        "data_status": "DEMO / SYNTHETIC"
      },
      "geometry": {
        "type": "Polygon",
        "coordinates": [
          [
            [
              80.2091593830482,
              13.0858686497191
            ],
            [
              80.2091573277399,
              13.0858261997271
            ],
            [
              80.2089153330503,
              13.0858261997271
            ],
            [
              80.2089153330503,
              13.085880020870265
            ],
            [
              80.2091593830482,
              13.0858686497191
            ]
          ]
        ]
      }
    },
    {
      "type": "Feature",
      "properties": {
        "unit_id": "B024-F02-U01",
        "floor_id": "B024-F02",
        "building_id": "B024",
        "parcel_id": "P000024",
        "demo_ulpin": "DEMO-TN-CHN-000024",
        "property_3d_id": "3D-CHN-P000024-B024-F02-U01",
        "area_sqm": 75.0,
        "z_min": 3.2,
        "z_max": 6.4,
        "height": 3.2,
        "volume_m3": 240.0,
        "data_status": "DEMO / SYNTHETIC"
      },
      "geometry": {
        "type": "Polygon",
        "coordinates": [
          [
            [
              80.20867333249373,
              13.0858261997271
            ],
            [
              80.2089153330503,
              13.0858261997271
            ],
            [
              80.2089153330503,
              13.085772477507057
            ],
            [
              80.2086712830524,
              13.085783949735
            ],
            [
              80.20867333249373,
              13.0858261997271
            ]
          ]
        ]
      }
    },
    {
      "type": "Feature",
      "properties": {
        "unit_id": "B024-F02-U02",
        "floor_id": "B024-F02",
        "building_id": "B024",
        "parcel_id": "P000024",
        "demo_ulpin": "DEMO-TN-CHN-000024",
        "property_3d_id": "3D-CHN-P000024-B024-F02-U02",
        "area_sqm": 75.0,
        "z_min": 3.2,
        "z_max": 6.4,
        "height": 3.2,
        "volume_m3": 240.0,
        "data_status": "DEMO / SYNTHETIC"
      },
      "geometry": {
        "type": "Polygon",
        "coordinates": [
          [
            [
              80.2089153330503,
              13.085772477507057
            ],
            [
              80.2089153330503,
              13.0858261997271
            ],
            [
              80.2091573277399,
              13.0858261997271
            ],
            [
              80.2091541830446,
              13.0857612497193
            ],
            [
              80.2089153330503,
              13.085772477507057
            ]
          ]
        ]
      }
    },
    {
      "type": "Feature",
      "properties": {
        "unit_id": "B024-F02-U03",
        "floor_id": "B024-F02",
        "building_id": "B024",
        "parcel_id": "P000024",
        "demo_ulpin": "DEMO-TN-CHN-000024",
        "property_3d_id": "3D-CHN-P000024-B024-F02-U03",
        "area_sqm": 75.0,
        "z_min": 3.2,
        "z_max": 6.4,
        "height": 3.2,
        "volume_m3": 240.0,
        "data_status": "DEMO / SYNTHETIC"
      },
      "geometry": {
        "type": "Polygon",
        "coordinates": [
          [
            [
              80.2089153330503,
              13.085880020870265
            ],
            [
              80.2089153330503,
              13.0858261997271
            ],
            [
              80.20867333249373,
              13.0858261997271
            ],
            [
              80.208676483056,
              13.0858911497349
            ],
            [
              80.2089153330503,
              13.085880020870265
            ]
          ]
        ]
      }
    },
    {
      "type": "Feature",
      "properties": {
        "unit_id": "B024-F02-U04",
        "floor_id": "B024-F02",
        "building_id": "B024",
        "parcel_id": "P000024",
        "demo_ulpin": "DEMO-TN-CHN-000024",
        "property_3d_id": "3D-CHN-P000024-B024-F02-U04",
        "area_sqm": 75.0,
        "z_min": 3.2,
        "z_max": 6.4,
        "height": 3.2,
        "volume_m3": 240.0,
        "data_status": "DEMO / SYNTHETIC"
      },
      "geometry": {
        "type": "Polygon",
        "coordinates": [
          [
            [
              80.2091593830482,
              13.0858686497191
            ],
            [
              80.2091573277399,
              13.0858261997271
            ],
            [
              80.2089153330503,
              13.0858261997271
            ],
            [
              80.2089153330503,
              13.085880020870265
            ],
            [
              80.2091593830482,
              13.0858686497191
            ]
          ]
        ]
      }
    },
    {
      "type": "Feature",
      "properties": {
        "unit_id": "B024-F03-U01",
        "floor_id": "B024-F03",
        "building_id": "B024",
        "parcel_id": "P000024",
        "demo_ulpin": "DEMO-TN-CHN-000024",
        "property_3d_id": "3D-CHN-P000024-B024-F03-U01",
        "area_sqm": 75.0,
        "z_min": 6.4,
        "z_max": 9.600000000000001,
        "height": 3.200000000000001,
        "volume_m3": 240.00000000000009,
        "data_status": "DEMO / SYNTHETIC"
      },
      "geometry": {
        "type": "Polygon",
        "coordinates": [
          [
            [
              80.20867333249373,
              13.0858261997271
            ],
            [
              80.2089153330503,
              13.0858261997271
            ],
            [
              80.2089153330503,
              13.085772477507057
            ],
            [
              80.2086712830524,
              13.085783949735
            ],
            [
              80.20867333249373,
              13.0858261997271
            ]
          ]
        ]
      }
    },
    {
      "type": "Feature",
      "properties": {
        "unit_id": "B024-F03-U02",
        "floor_id": "B024-F03",
        "building_id": "B024",
        "parcel_id": "P000024",
        "demo_ulpin": "DEMO-TN-CHN-000024",
        "property_3d_id": "3D-CHN-P000024-B024-F03-U02",
        "area_sqm": 75.0,
        "z_min": 6.4,
        "z_max": 9.600000000000001,
        "height": 3.200000000000001,
        "volume_m3": 240.00000000000009,
        "data_status": "DEMO / SYNTHETIC"
      },
      "geometry": {
        "type": "Polygon",
        "coordinates": [
          [
            [
              80.2089153330503,
              13.085772477507057
            ],
            [
              80.2089153330503,
              13.0858261997271
            ],
            [
              80.2091573277399,
              13.0858261997271
            ],
            [
              80.2091541830446,
              13.0857612497193
            ],
            [
              80.2089153330503,
              13.085772477507057
            ]
          ]
        ]
      }
    },
    {
      "type": "Feature",
      "properties": {
        "unit_id": "B024-F03-U03",
        "floor_id": "B024-F03",
        "building_id": "B024",
        "parcel_id": "P000024",
        "demo_ulpin": "DEMO-TN-CHN-000024",
        "property_3d_id": "3D-CHN-P000024-B024-F03-U03",
        "area_sqm": 75.0,
        "z_min": 6.4,
        "z_max": 9.600000000000001,
        "height": 3.200000000000001,
        "volume_m3": 240.00000000000009,
        "data_status": "DEMO / SYNTHETIC"
      },
      "geometry": {
        "type": "Polygon",
        "coordinates": [
          [
            [
              80.2089153330503,
              13.085880020870265
            ],
            [
              80.2089153330503,
              13.0858261997271
            ],
            [
              80.20867333249373,
              13.0858261997271
            ],
            [
              80.208676483056,
              13.0858911497349
            ],
            [
              80.2089153330503,
              13.085880020870265
            ]
          ]
        ]
      }
    },
    {
      "type": "Feature",
      "properties": {
        "unit_id": "B024-F03-U04",
        "floor_id": "B024-F03",
        "building_id": "B024",
        "parcel_id": "P000024",
        "demo_ulpin": "DEMO-TN-CHN-000024",
        "property_3d_id": "3D-CHN-P000024-B024-F03-U04",
        "area_sqm": 75.0,
        "z_min": 6.4,
        "z_max": 9.600000000000001,
        "height": 3.200000000000001,
        "volume_m3": 240.00000000000009,
        "data_status": "DEMO / SYNTHETIC"
      },
      "geometry": {
        "type": "Polygon",
        "coordinates": [
          [
            [
              80.2091593830482,
              13.0858686497191
            ],
            [
              80.2091573277399,
              13.0858261997271
            ],
            [
              80.2089153330503,
              13.0858261997271
            ],
            [
              80.2089153330503,
              13.085880020870265
            ],
            [
              80.2091593830482,
              13.0858686497191
            ]
          ]
        ]
      }
    },
    {
      "type": "Feature",
      "properties": {
        "unit_id": "B024-F04-U01",
        "floor_id": "B024-F04",
        "building_id": "B024",
        "parcel_id": "P000024",
        "demo_ulpin": "DEMO-TN-CHN-000024",
        "property_3d_id": "3D-CHN-P000024-B024-F04-U01",
        "area_sqm": 75.0,
        "z_min": 9.600000000000001,
        "z_max": 12.8,
        "height": 3.1999999999999993,
        "volume_m3": 239.99999999999994,
        "data_status": "DEMO / SYNTHETIC"
      },
      "geometry": {
        "type": "Polygon",
        "coordinates": [
          [
            [
              80.20867333249373,
              13.0858261997271
            ],
            [
              80.2089153330503,
              13.0858261997271
            ],
            [
              80.2089153330503,
              13.085772477507057
            ],
            [
              80.2086712830524,
              13.085783949735
            ],
            [
              80.20867333249373,
              13.0858261997271
            ]
          ]
        ]
      }
    },
    {
      "type": "Feature",
      "properties": {
        "unit_id": "B024-F04-U02",
        "floor_id": "B024-F04",
        "building_id": "B024",
        "parcel_id": "P000024",
        "demo_ulpin": "DEMO-TN-CHN-000024",
        "property_3d_id": "3D-CHN-P000024-B024-F04-U02",
        "area_sqm": 75.0,
        "z_min": 9.600000000000001,
        "z_max": 12.8,
        "height": 3.1999999999999993,
        "volume_m3": 239.99999999999994,
        "data_status": "DEMO / SYNTHETIC"
      },
      "geometry": {
        "type": "Polygon",
        "coordinates": [
          [
            [
              80.2089153330503,
              13.085772477507057
            ],
            [
              80.2089153330503,
              13.0858261997271
            ],
            [
              80.2091573277399,
              13.0858261997271
            ],
            [
              80.2091541830446,
              13.0857612497193
            ],
            [
              80.2089153330503,
              13.085772477507057
            ]
          ]
        ]
      }
    },
    {
      "type": "Feature",
      "properties": {
        "unit_id": "B024-F04-U03",
        "floor_id": "B024-F04",
        "building_id": "B024",
        "parcel_id": "P000024",
        "demo_ulpin": "DEMO-TN-CHN-000024",
        "property_3d_id": "3D-CHN-P000024-B024-F04-U03",
        "area_sqm": 75.0,
        "z_min": 9.600000000000001,
        "z_max": 12.8,
        "height": 3.1999999999999993,
        "volume_m3": 239.99999999999994,
        "data_status": "DEMO / SYNTHETIC"
      },
      "geometry": {
        "type": "Polygon",
        "coordinates": [
          [
            [
              80.2089153330503,
              13.085880020870265
            ],
            [
              80.2089153330503,
              13.0858261997271
            ],
            [
              80.20867333249373,
              13.0858261997271
            ],
            [
              80.208676483056,
              13.0858911497349
            ],
            [
              80.2089153330503,
              13.085880020870265
            ]
          ]
        ]
      }
    },
    {
      "type": "Feature",
      "properties": {
        "unit_id": "B024-F04-U04",
        "floor_id": "B024-F04",
        "building_id": "B024",
        "parcel_id": "P000024",
        "demo_ulpin": "DEMO-TN-CHN-000024",
        "property_3d_id": "3D-CHN-P000024-B024-F04-U04",
        "area_sqm": 75.0,
        "z_min": 9.600000000000001,
        "z_max": 12.8,
        "height": 3.1999999999999993,
        "volume_m3": 239.99999999999994,
        "data_status": "DEMO / SYNTHETIC"
      },
      "geometry": {
        "type": "Polygon",
        "coordinates": [
          [
            [
              80.2091593830482,
              13.0858686497191
            ],
            [
              80.2091573277399,
              13.0858261997271
            ],
            [
              80.2089153330503,
              13.0858261997271
            ],
            [
              80.2089153330503,
              13.085880020870265
            ],
            [
              80.2091593830482,
              13.0858686497191
            ]
          ]
        ]
      }
    },
    {
      "type": "Feature",
      "properties": {
        "unit_id": "B025-F01-U01",
        "floor_id": "B025-F01",
        "building_id": "B025",
        "parcel_id": "P000025",
        "demo_ulpin": "DEMO-TN-CHN-000025",
        "property_3d_id": "3D-CHN-P000025-B025-F01-U01",
        "area_sqm": 75.0,
        "z_min": 0.0,
        "z_max": 3.2,
        "height": 3.2,
        "volume_m3": 240.0,
        "data_status": "DEMO / SYNTHETIC"
      },
      "geometry": {
        "type": "Polygon",
        "coordinates": [
          [
            [
              80.20687741502178,
              13.0856285997851
            ],
            [
              80.20702153306955,
              13.0856285997851
            ],
            [
              80.20702153306955,
              13.085529682430698
            ],
            [
              80.2068932830679,
              13.0855356497897
            ],
            [
              80.2068973830708,
              13.0856206497895
            ],
            [
              80.2068770830711,
              13.0856215497902
            ],
            [
              80.20687741502178,
              13.0856285997851
            ]
          ]
        ]
      }
    },
    {
      "type": "Feature",
      "properties": {
        "unit_id": "B025-F01-U02",
        "floor_id": "B025-F01",
        "building_id": "B025",
        "parcel_id": "P000025",
        "demo_ulpin": "DEMO-TN-CHN-000025",
        "property_3d_id": "3D-CHN-P000025-B025-F01-U02",
        "area_sqm": 75.0,
        "z_min": 0.0,
        "z_max": 3.2,
        "height": 3.2,
        "volume_m3": 240.0,
        "data_status": "DEMO / SYNTHETIC"
      },
      "geometry": {
        "type": "Polygon",
        "coordinates": [
          [
            [
              80.2071597830637,
              13.0855232497809
            ],
            [
              80.20702153306955,
              13.085529682430698
            ],
            [
              80.20702153306955,
              13.0856285997851
            ],
            [
              80.20716482295937,
              13.0856285997851
            ],
            [
              80.2071597830637,
              13.0855232497809
            ]
          ]
        ]
      }
    },
    {
      "type": "Feature",
      "properties": {
        "unit_id": "B025-F01-U03",
        "floor_id": "B025-F01",
        "building_id": "B025",
        "parcel_id": "P000025",
        "demo_ulpin": "DEMO-TN-CHN-000025",
        "property_3d_id": "3D-CHN-P000025-B025-F01-U03",
        "area_sqm": 75.0,
        "z_min": 0.0,
        "z_max": 3.2,
        "height": 3.2,
        "volume_m3": 240.0,
        "data_status": "DEMO / SYNTHETIC"
      },
      "geometry": {
        "type": "Polygon",
        "coordinates": [
          [
            [
              80.2069537830738,
              13.0857315497877
            ],
            [
              80.2069528830732,
              13.0857133497877
            ],
            [
              80.20702153306955,
              13.085710174345019
            ],
            [
              80.20702153306955,
              13.0856285997851
            ],
            [
              80.20687741502178,
              13.0856285997851
            ],
            [
              80.2068791830726,
              13.0856661497901
            ],
            [
              80.2068994830723,
              13.0856652497894
            ],
            [
              80.2069028830746,
              13.0857339497893
            ],
            [
              80.2069537830738,
              13.0857315497877
            ]
          ]
        ]
      }
    },
    {
      "type": "Feature",
      "properties": {
        "unit_id": "B025-F01-U04",
        "floor_id": "B025-F01",
        "building_id": "B025",
        "parcel_id": "P000025",
        "demo_ulpin": "DEMO-TN-CHN-000025",
        "property_3d_id": "3D-CHN-P000025-B025-F01-U04",
        "area_sqm": 75.0,
        "z_min": 0.0,
        "z_max": 3.2,
        "height": 3.2,
        "volume_m3": 240.0,
        "data_status": "DEMO / SYNTHETIC"
      },
      "geometry": {
        "type": "Polygon",
        "coordinates": [
          [
            [
              80.20716482295937,
              13.0856285997851
            ],
            [
              80.20702153306955,
              13.0856285997851
            ],
            [
              80.20702153306955,
              13.085710174345019
            ],
            [
              80.2070436830717,
              13.0857091497847
            ],
            [
              80.2070445830723,
              13.0857273497847
            ],
            [
              80.2071442830707,
              13.0857227497815
            ],
            [
              80.2071408830684,
              13.0856539497816
            ],
            [
              80.207165983068,
              13.0856528497807
            ],
            [
              80.20716482295937,
              13.0856285997851
            ]
          ]
        ]
      }
    },
    {
      "type": "Feature",
      "properties": {
        "unit_id": "B025-F02-U01",
        "floor_id": "B025-F02",
        "building_id": "B025",
        "parcel_id": "P000025",
        "demo_ulpin": "DEMO-TN-CHN-000025",
        "property_3d_id": "3D-CHN-P000025-B025-F02-U01",
        "area_sqm": 75.0,
        "z_min": 3.2,
        "z_max": 6.4,
        "height": 3.2,
        "volume_m3": 240.0,
        "data_status": "DEMO / SYNTHETIC"
      },
      "geometry": {
        "type": "Polygon",
        "coordinates": [
          [
            [
              80.20687741502178,
              13.0856285997851
            ],
            [
              80.20702153306955,
              13.0856285997851
            ],
            [
              80.20702153306955,
              13.085529682430698
            ],
            [
              80.2068932830679,
              13.0855356497897
            ],
            [
              80.2068973830708,
              13.0856206497895
            ],
            [
              80.2068770830711,
              13.0856215497902
            ],
            [
              80.20687741502178,
              13.0856285997851
            ]
          ]
        ]
      }
    },
    {
      "type": "Feature",
      "properties": {
        "unit_id": "B025-F02-U02",
        "floor_id": "B025-F02",
        "building_id": "B025",
        "parcel_id": "P000025",
        "demo_ulpin": "DEMO-TN-CHN-000025",
        "property_3d_id": "3D-CHN-P000025-B025-F02-U02",
        "area_sqm": 75.0,
        "z_min": 3.2,
        "z_max": 6.4,
        "height": 3.2,
        "volume_m3": 240.0,
        "data_status": "DEMO / SYNTHETIC"
      },
      "geometry": {
        "type": "Polygon",
        "coordinates": [
          [
            [
              80.2071597830637,
              13.0855232497809
            ],
            [
              80.20702153306955,
              13.085529682430698
            ],
            [
              80.20702153306955,
              13.0856285997851
            ],
            [
              80.20716482295937,
              13.0856285997851
            ],
            [
              80.2071597830637,
              13.0855232497809
            ]
          ]
        ]
      }
    },
    {
      "type": "Feature",
      "properties": {
        "unit_id": "B025-F02-U03",
        "floor_id": "B025-F02",
        "building_id": "B025",
        "parcel_id": "P000025",
        "demo_ulpin": "DEMO-TN-CHN-000025",
        "property_3d_id": "3D-CHN-P000025-B025-F02-U03",
        "area_sqm": 75.0,
        "z_min": 3.2,
        "z_max": 6.4,
        "height": 3.2,
        "volume_m3": 240.0,
        "data_status": "DEMO / SYNTHETIC"
      },
      "geometry": {
        "type": "Polygon",
        "coordinates": [
          [
            [
              80.2069537830738,
              13.0857315497877
            ],
            [
              80.2069528830732,
              13.0857133497877
            ],
            [
              80.20702153306955,
              13.085710174345019
            ],
            [
              80.20702153306955,
              13.0856285997851
            ],
            [
              80.20687741502178,
              13.0856285997851
            ],
            [
              80.2068791830726,
              13.0856661497901
            ],
            [
              80.2068994830723,
              13.0856652497894
            ],
            [
              80.2069028830746,
              13.0857339497893
            ],
            [
              80.2069537830738,
              13.0857315497877
            ]
          ]
        ]
      }
    },
    {
      "type": "Feature",
      "properties": {
        "unit_id": "B025-F02-U04",
        "floor_id": "B025-F02",
        "building_id": "B025",
        "parcel_id": "P000025",
        "demo_ulpin": "DEMO-TN-CHN-000025",
        "property_3d_id": "3D-CHN-P000025-B025-F02-U04",
        "area_sqm": 75.0,
        "z_min": 3.2,
        "z_max": 6.4,
        "height": 3.2,
        "volume_m3": 240.0,
        "data_status": "DEMO / SYNTHETIC"
      },
      "geometry": {
        "type": "Polygon",
        "coordinates": [
          [
            [
              80.20716482295937,
              13.0856285997851
            ],
            [
              80.20702153306955,
              13.0856285997851
            ],
            [
              80.20702153306955,
              13.085710174345019
            ],
            [
              80.2070436830717,
              13.0857091497847
            ],
            [
              80.2070445830723,
              13.0857273497847
            ],
            [
              80.2071442830707,
              13.0857227497815
            ],
            [
              80.2071408830684,
              13.0856539497816
            ],
            [
              80.207165983068,
              13.0856528497807
            ],
            [
              80.20716482295937,
              13.0856285997851
            ]
          ]
        ]
      }
    },
    {
      "type": "Feature",
      "properties": {
        "unit_id": "B025-F03-U01",
        "floor_id": "B025-F03",
        "building_id": "B025",
        "parcel_id": "P000025",
        "demo_ulpin": "DEMO-TN-CHN-000025",
        "property_3d_id": "3D-CHN-P000025-B025-F03-U01",
        "area_sqm": 75.0,
        "z_min": 6.4,
        "z_max": 9.600000000000001,
        "height": 3.200000000000001,
        "volume_m3": 240.00000000000009,
        "data_status": "DEMO / SYNTHETIC"
      },
      "geometry": {
        "type": "Polygon",
        "coordinates": [
          [
            [
              80.20687741502178,
              13.0856285997851
            ],
            [
              80.20702153306955,
              13.0856285997851
            ],
            [
              80.20702153306955,
              13.085529682430698
            ],
            [
              80.2068932830679,
              13.0855356497897
            ],
            [
              80.2068973830708,
              13.0856206497895
            ],
            [
              80.2068770830711,
              13.0856215497902
            ],
            [
              80.20687741502178,
              13.0856285997851
            ]
          ]
        ]
      }
    },
    {
      "type": "Feature",
      "properties": {
        "unit_id": "B025-F03-U02",
        "floor_id": "B025-F03",
        "building_id": "B025",
        "parcel_id": "P000025",
        "demo_ulpin": "DEMO-TN-CHN-000025",
        "property_3d_id": "3D-CHN-P000025-B025-F03-U02",
        "area_sqm": 75.0,
        "z_min": 6.4,
        "z_max": 9.600000000000001,
        "height": 3.200000000000001,
        "volume_m3": 240.00000000000009,
        "data_status": "DEMO / SYNTHETIC"
      },
      "geometry": {
        "type": "Polygon",
        "coordinates": [
          [
            [
              80.2071597830637,
              13.0855232497809
            ],
            [
              80.20702153306955,
              13.085529682430698
            ],
            [
              80.20702153306955,
              13.0856285997851
            ],
            [
              80.20716482295937,
              13.0856285997851
            ],
            [
              80.2071597830637,
              13.0855232497809
            ]
          ]
        ]
      }
    },
    {
      "type": "Feature",
      "properties": {
        "unit_id": "B025-F03-U03",
        "floor_id": "B025-F03",
        "building_id": "B025",
        "parcel_id": "P000025",
        "demo_ulpin": "DEMO-TN-CHN-000025",
        "property_3d_id": "3D-CHN-P000025-B025-F03-U03",
        "area_sqm": 75.0,
        "z_min": 6.4,
        "z_max": 9.600000000000001,
        "height": 3.200000000000001,
        "volume_m3": 240.00000000000009,
        "data_status": "DEMO / SYNTHETIC"
      },
      "geometry": {
        "type": "Polygon",
        "coordinates": [
          [
            [
              80.2069537830738,
              13.0857315497877
            ],
            [
              80.2069528830732,
              13.0857133497877
            ],
            [
              80.20702153306955,
              13.085710174345019
            ],
            [
              80.20702153306955,
              13.0856285997851
            ],
            [
              80.20687741502178,
              13.0856285997851
            ],
            [
              80.2068791830726,
              13.0856661497901
            ],
            [
              80.2068994830723,
              13.0856652497894
            ],
            [
              80.2069028830746,
              13.0857339497893
            ],
            [
              80.2069537830738,
              13.0857315497877
            ]
          ]
        ]
      }
    },
    {
      "type": "Feature",
      "properties": {
        "unit_id": "B025-F03-U04",
        "floor_id": "B025-F03",
        "building_id": "B025",
        "parcel_id": "P000025",
        "demo_ulpin": "DEMO-TN-CHN-000025",
        "property_3d_id": "3D-CHN-P000025-B025-F03-U04",
        "area_sqm": 75.0,
        "z_min": 6.4,
        "z_max": 9.600000000000001,
        "height": 3.200000000000001,
        "volume_m3": 240.00000000000009,
        "data_status": "DEMO / SYNTHETIC"
      },
      "geometry": {
        "type": "Polygon",
        "coordinates": [
          [
            [
              80.20716482295937,
              13.0856285997851
            ],
            [
              80.20702153306955,
              13.0856285997851
            ],
            [
              80.20702153306955,
              13.085710174345019
            ],
            [
              80.2070436830717,
              13.0857091497847
            ],
            [
              80.2070445830723,
              13.0857273497847
            ],
            [
              80.2071442830707,
              13.0857227497815
            ],
            [
              80.2071408830684,
              13.0856539497816
            ],
            [
              80.207165983068,
              13.0856528497807
            ],
            [
              80.20716482295937,
              13.0856285997851
            ]
          ]
        ]
      }
    },
    {
      "type": "Feature",
      "properties": {
        "unit_id": "B025-F04-U01",
        "floor_id": "B025-F04",
        "building_id": "B025",
        "parcel_id": "P000025",
        "demo_ulpin": "DEMO-TN-CHN-000025",
        "property_3d_id": "3D-CHN-P000025-B025-F04-U01",
        "area_sqm": 75.0,
        "z_min": 9.600000000000001,
        "z_max": 12.8,
        "height": 3.1999999999999993,
        "volume_m3": 239.99999999999994,
        "data_status": "DEMO / SYNTHETIC"
      },
      "geometry": {
        "type": "Polygon",
        "coordinates": [
          [
            [
              80.20687741502178,
              13.0856285997851
            ],
            [
              80.20702153306955,
              13.0856285997851
            ],
            [
              80.20702153306955,
              13.085529682430698
            ],
            [
              80.2068932830679,
              13.0855356497897
            ],
            [
              80.2068973830708,
              13.0856206497895
            ],
            [
              80.2068770830711,
              13.0856215497902
            ],
            [
              80.20687741502178,
              13.0856285997851
            ]
          ]
        ]
      }
    },
    {
      "type": "Feature",
      "properties": {
        "unit_id": "B025-F04-U02",
        "floor_id": "B025-F04",
        "building_id": "B025",
        "parcel_id": "P000025",
        "demo_ulpin": "DEMO-TN-CHN-000025",
        "property_3d_id": "3D-CHN-P000025-B025-F04-U02",
        "area_sqm": 75.0,
        "z_min": 9.600000000000001,
        "z_max": 12.8,
        "height": 3.1999999999999993,
        "volume_m3": 239.99999999999994,
        "data_status": "DEMO / SYNTHETIC"
      },
      "geometry": {
        "type": "Polygon",
        "coordinates": [
          [
            [
              80.2071597830637,
              13.0855232497809
            ],
            [
              80.20702153306955,
              13.085529682430698
            ],
            [
              80.20702153306955,
              13.0856285997851
            ],
            [
              80.20716482295937,
              13.0856285997851
            ],
            [
              80.2071597830637,
              13.0855232497809
            ]
          ]
        ]
      }
    },
    {
      "type": "Feature",
      "properties": {
        "unit_id": "B025-F04-U03",
        "floor_id": "B025-F04",
        "building_id": "B025",
        "parcel_id": "P000025",
        "demo_ulpin": "DEMO-TN-CHN-000025",
        "property_3d_id": "3D-CHN-P000025-B025-F04-U03",
        "area_sqm": 75.0,
        "z_min": 9.600000000000001,
        "z_max": 12.8,
        "height": 3.1999999999999993,
        "volume_m3": 239.99999999999994,
        "data_status": "DEMO / SYNTHETIC"
      },
      "geometry": {
        "type": "Polygon",
        "coordinates": [
          [
            [
              80.2069537830738,
              13.0857315497877
            ],
            [
              80.2069528830732,
              13.0857133497877
            ],
            [
              80.20702153306955,
              13.085710174345019
            ],
            [
              80.20702153306955,
              13.0856285997851
            ],
            [
              80.20687741502178,
              13.0856285997851
            ],
            [
              80.2068791830726,
              13.0856661497901
            ],
            [
              80.2068994830723,
              13.0856652497894
            ],
            [
              80.2069028830746,
              13.0857339497893
            ],
            [
              80.2069537830738,
              13.0857315497877
            ]
          ]
        ]
      }
    },
    {
      "type": "Feature",
      "properties": {
        "unit_id": "B025-F04-U04",
        "floor_id": "B025-F04",
        "building_id": "B025",
        "parcel_id": "P000025",
        "demo_ulpin": "DEMO-TN-CHN-000025",
        "property_3d_id": "3D-CHN-P000025-B025-F04-U04",
        "area_sqm": 75.0,
        "z_min": 9.600000000000001,
        "z_max": 12.8,
        "height": 3.1999999999999993,
        "volume_m3": 239.99999999999994,
        "data_status": "DEMO / SYNTHETIC"
      },
      "geometry": {
        "type": "Polygon",
        "coordinates": [
          [
            [
              80.20716482295937,
              13.0856285997851
            ],
            [
              80.20702153306955,
              13.0856285997851
            ],
            [
              80.20702153306955,
              13.085710174345019
            ],
            [
              80.2070436830717,
              13.0857091497847
            ],
            [
              80.2070445830723,
              13.0857273497847
            ],
            [
              80.2071442830707,
              13.0857227497815
            ],
            [
              80.2071408830684,
              13.0856539497816
            ],
            [
              80.207165983068,
              13.0856528497807
            ],
            [
              80.20716482295937,
              13.0856285997851
            ]
          ]
        ]
      }
    },
    {
      "type": "Feature",
      "properties": {
        "unit_id": "B026-F01-U01",
        "floor_id": "B026-F01",
        "building_id": "B026",
        "parcel_id": "P000026",
        "demo_ulpin": "DEMO-TN-CHN-000026",
        "property_3d_id": "3D-CHN-P000026-B026-F01-U01",
        "area_sqm": 75.0,
        "z_min": 0.0,
        "z_max": 3.2,
        "height": 3.2,
        "volume_m3": 240.0,
        "data_status": "DEMO / SYNTHETIC"
      },
      "geometry": {
        "type": "Polygon",
        "coordinates": [
          [
            [
              80.20259183353002,
              13.0845865999038
            ],
            [
              80.2027145830856,
              13.0845865999038
            ],
            [
              80.2027145830856,
              13.084484626436701
            ],
            [
              80.2025859830842,
              13.084492249908
            ],
            [
              80.20259183353002,
              13.0845865999038
            ]
          ]
        ]
      }
    },
    {
      "type": "Feature",
      "properties": {
        "unit_id": "B026-F01-U02",
        "floor_id": "B026-F01",
        "building_id": "B026",
        "parcel_id": "P000026",
        "demo_ulpin": "DEMO-TN-CHN-000026",
        "property_3d_id": "3D-CHN-P000026-B026-F01-U02",
        "area_sqm": 75.0,
        "z_min": 0.0,
        "z_max": 3.2,
        "height": 3.2,
        "volume_m3": 240.0,
        "data_status": "DEMO / SYNTHETIC"
      },
      "geometry": {
        "type": "Polygon",
        "coordinates": [
          [
            [
              80.2027145830856,
              13.084484626436701
            ],
            [
              80.2027145830856,
              13.0845865999038
            ],
            [
              80.20283733596445,
              13.0845865999038
            ],
            [
              80.2028305830802,
              13.0844777499
            ],
            [
              80.2027145830856,
              13.084484626436701
            ]
          ]
        ]
      }
    },
    {
      "type": "Feature",
      "properties": {
        "unit_id": "B026-F01-U03",
        "floor_id": "B026-F01",
        "building_id": "B026",
        "parcel_id": "P000026",
        "demo_ulpin": "DEMO-TN-CHN-000026",
        "property_3d_id": "3D-CHN-P000026-B026-F01-U03",
        "area_sqm": 75.0,
        "z_min": 0.0,
        "z_max": 3.2,
        "height": 3.2,
        "volume_m3": 240.0,
        "data_status": "DEMO / SYNTHETIC"
      },
      "geometry": {
        "type": "Polygon",
        "coordinates": [
          [
            [
              80.2027145830856,
              13.084688525946534
            ],
            [
              80.2027145830856,
              13.0845865999038
            ],
            [
              80.20259183353002,
              13.0845865999038
            ],
            [
              80.202598583091,
              13.0846954499076
            ],
            [
              80.2027145830856,
              13.084688525946534
            ]
          ]
        ]
      }
    },
    {
      "type": "Feature",
      "properties": {
        "unit_id": "B026-F01-U04",
        "floor_id": "B026-F01",
        "building_id": "B026",
        "parcel_id": "P000026",
        "demo_ulpin": "DEMO-TN-CHN-000026",
        "property_3d_id": "3D-CHN-P000026-B026-F01-U04",
        "area_sqm": 75.0,
        "z_min": 0.0,
        "z_max": 3.2,
        "height": 3.2,
        "volume_m3": 240.0,
        "data_status": "DEMO / SYNTHETIC"
      },
      "geometry": {
        "type": "Polygon",
        "coordinates": [
          [
            [
              80.202843183087,
              13.0846808498996
            ],
            [
              80.20283733596445,
              13.0845865999038
            ],
            [
              80.2027145830856,
              13.0845865999038
            ],
            [
              80.2027145830856,
              13.084688525946534
            ],
            [
              80.202843183087,
              13.0846808498996
            ]
          ]
        ]
      }
    },
    {
      "type": "Feature",
      "properties": {
        "unit_id": "B026-F02-U01",
        "floor_id": "B026-F02",
        "building_id": "B026",
        "parcel_id": "P000026",
        "demo_ulpin": "DEMO-TN-CHN-000026",
        "property_3d_id": "3D-CHN-P000026-B026-F02-U01",
        "area_sqm": 75.0,
        "z_min": 3.2,
        "z_max": 6.4,
        "height": 3.2,
        "volume_m3": 240.0,
        "data_status": "DEMO / SYNTHETIC"
      },
      "geometry": {
        "type": "Polygon",
        "coordinates": [
          [
            [
              80.20259183353002,
              13.0845865999038
            ],
            [
              80.2027145830856,
              13.0845865999038
            ],
            [
              80.2027145830856,
              13.084484626436701
            ],
            [
              80.2025859830842,
              13.084492249908
            ],
            [
              80.20259183353002,
              13.0845865999038
            ]
          ]
        ]
      }
    },
    {
      "type": "Feature",
      "properties": {
        "unit_id": "B026-F02-U02",
        "floor_id": "B026-F02",
        "building_id": "B026",
        "parcel_id": "P000026",
        "demo_ulpin": "DEMO-TN-CHN-000026",
        "property_3d_id": "3D-CHN-P000026-B026-F02-U02",
        "area_sqm": 75.0,
        "z_min": 3.2,
        "z_max": 6.4,
        "height": 3.2,
        "volume_m3": 240.0,
        "data_status": "DEMO / SYNTHETIC"
      },
      "geometry": {
        "type": "Polygon",
        "coordinates": [
          [
            [
              80.2027145830856,
              13.084484626436701
            ],
            [
              80.2027145830856,
              13.0845865999038
            ],
            [
              80.20283733596445,
              13.0845865999038
            ],
            [
              80.2028305830802,
              13.0844777499
            ],
            [
              80.2027145830856,
              13.084484626436701
            ]
          ]
        ]
      }
    },
    {
      "type": "Feature",
      "properties": {
        "unit_id": "B026-F02-U03",
        "floor_id": "B026-F02",
        "building_id": "B026",
        "parcel_id": "P000026",
        "demo_ulpin": "DEMO-TN-CHN-000026",
        "property_3d_id": "3D-CHN-P000026-B026-F02-U03",
        "area_sqm": 75.0,
        "z_min": 3.2,
        "z_max": 6.4,
        "height": 3.2,
        "volume_m3": 240.0,
        "data_status": "DEMO / SYNTHETIC"
      },
      "geometry": {
        "type": "Polygon",
        "coordinates": [
          [
            [
              80.2027145830856,
              13.084688525946534
            ],
            [
              80.2027145830856,
              13.0845865999038
            ],
            [
              80.20259183353002,
              13.0845865999038
            ],
            [
              80.202598583091,
              13.0846954499076
            ],
            [
              80.2027145830856,
              13.084688525946534
            ]
          ]
        ]
      }
    },
    {
      "type": "Feature",
      "properties": {
        "unit_id": "B026-F02-U04",
        "floor_id": "B026-F02",
        "building_id": "B026",
        "parcel_id": "P000026",
        "demo_ulpin": "DEMO-TN-CHN-000026",
        "property_3d_id": "3D-CHN-P000026-B026-F02-U04",
        "area_sqm": 75.0,
        "z_min": 3.2,
        "z_max": 6.4,
        "height": 3.2,
        "volume_m3": 240.0,
        "data_status": "DEMO / SYNTHETIC"
      },
      "geometry": {
        "type": "Polygon",
        "coordinates": [
          [
            [
              80.202843183087,
              13.0846808498996
            ],
            [
              80.20283733596445,
              13.0845865999038
            ],
            [
              80.2027145830856,
              13.0845865999038
            ],
            [
              80.2027145830856,
              13.084688525946534
            ],
            [
              80.202843183087,
              13.0846808498996
            ]
          ]
        ]
      }
    },
    {
      "type": "Feature",
      "properties": {
        "unit_id": "B027-F01-U01",
        "floor_id": "B027-F01",
        "building_id": "B027",
        "parcel_id": "P000027",
        "demo_ulpin": "DEMO-TN-CHN-000027",
        "property_3d_id": "3D-CHN-P000027-B027-F01-U01",
        "area_sqm": 75.0,
        "z_min": 0.0,
        "z_max": 3.2,
        "height": 3.2,
        "volume_m3": 240.0,
        "data_status": "DEMO / SYNTHETIC"
      },
      "geometry": {
        "type": "Polygon",
        "coordinates": [
          [
            [
              80.2085105315851,
              13.082287437584348
            ],
            [
              80.20864693087555,
              13.082287437584348
            ],
            [
              80.20864693087555,
              13.082181364844296
            ],
            [
              80.2085072440504,
              13.0821857025305
            ],
            [
              80.2085105315851,
              13.082287437584348
            ]
          ]
        ]
      }
    },
    {
      "type": "Feature",
      "properties": {
        "unit_id": "B027-F01-U02",
        "floor_id": "B027-F01",
        "building_id": "B027",
        "parcel_id": "P000027",
        "demo_ulpin": "DEMO-TN-CHN-000027",
        "property_3d_id": "3D-CHN-P000027-B027-F01-U02",
        "area_sqm": 75.0,
        "z_min": 0.0,
        "z_max": 3.2,
        "height": 3.2,
        "volume_m3": 240.0,
        "data_status": "DEMO / SYNTHETIC"
      },
      "geometry": {
        "type": "Polygon",
        "coordinates": [
          [
            [
              80.2087809636233,
              13.0821772027338
            ],
            [
              80.20864693087555,
              13.082181364844296
            ],
            [
              80.20864693087555,
              13.082287437584348
            ],
            [
              80.20878452594799,
              13.082287437584348
            ],
            [
              80.2087809636233,
              13.0821772027338
            ]
          ]
        ]
      }
    },
    {
      "type": "Feature",
      "properties": {
        "unit_id": "B027-F01-U03",
        "floor_id": "B027-F01",
        "building_id": "B027",
        "parcel_id": "P000027",
        "demo_ulpin": "DEMO-TN-CHN-000027",
        "property_3d_id": "3D-CHN-P000027-B027-F01-U03",
        "area_sqm": 75.0,
        "z_min": 0.0,
        "z_max": 3.2,
        "height": 3.2,
        "volume_m3": 240.0,
        "data_status": "DEMO / SYNTHETIC"
      },
      "geometry": {
        "type": "Polygon",
        "coordinates": [
          [
            [
              80.20864693087555,
              13.082397663968012
            ],
            [
              80.20864693087555,
              13.082287437584348
            ],
            [
              80.2085105315851,
              13.082287437584348
            ],
            [
              80.2085124205496,
              13.0823458929076
            ],
            [
              80.2086448520588,
              13.0823417805616
            ],
            [
              80.2086466582163,
              13.0823976724349
            ],
            [
              80.20864693087555,
              13.082397663968012
            ]
          ]
        ]
      }
    },
    {
      "type": "Feature",
      "properties": {
        "unit_id": "B027-F01-U04",
        "floor_id": "B027-F01",
        "building_id": "B027",
        "parcel_id": "P000027",
        "demo_ulpin": "DEMO-TN-CHN-000027",
        "property_3d_id": "3D-CHN-P000027-B027-F01-U04",
        "area_sqm": 75.0,
        "z_min": 0.0,
        "z_max": 3.2,
        "height": 3.2,
        "volume_m3": 240.0,
        "data_status": "DEMO / SYNTHETIC"
      },
      "geometry": {
        "type": "Polygon",
        "coordinates": [
          [
            [
              80.20878452594799,
              13.082287437584348
            ],
            [
              80.20864693087555,
              13.082287437584348
            ],
            [
              80.20864693087555,
              13.082397663968012
            ],
            [
              80.2087145494772,
              13.0823955642074
            ],
            [
              80.2087132207012,
              13.0823544453338
            ],
            [
              80.2087866177007,
              13.0823521661158
            ],
            [
              80.20878452594799,
              13.082287437584348
            ]
          ]
        ]
      }
    },
    {
      "type": "Feature",
      "properties": {
        "unit_id": "B027-F02-U01",
        "floor_id": "B027-F02",
        "building_id": "B027",
        "parcel_id": "P000027",
        "demo_ulpin": "DEMO-TN-CHN-000027",
        "property_3d_id": "3D-CHN-P000027-B027-F02-U01",
        "area_sqm": 75.0,
        "z_min": 3.2,
        "z_max": 6.4,
        "height": 3.2,
        "volume_m3": 240.0,
        "data_status": "DEMO / SYNTHETIC"
      },
      "geometry": {
        "type": "Polygon",
        "coordinates": [
          [
            [
              80.2085105315851,
              13.082287437584348
            ],
            [
              80.20864693087555,
              13.082287437584348
            ],
            [
              80.20864693087555,
              13.082181364844296
            ],
            [
              80.2085072440504,
              13.0821857025305
            ],
            [
              80.2085105315851,
              13.082287437584348
            ]
          ]
        ]
      }
    },
    {
      "type": "Feature",
      "properties": {
        "unit_id": "B027-F02-U02",
        "floor_id": "B027-F02",
        "building_id": "B027",
        "parcel_id": "P000027",
        "demo_ulpin": "DEMO-TN-CHN-000027",
        "property_3d_id": "3D-CHN-P000027-B027-F02-U02",
        "area_sqm": 75.0,
        "z_min": 3.2,
        "z_max": 6.4,
        "height": 3.2,
        "volume_m3": 240.0,
        "data_status": "DEMO / SYNTHETIC"
      },
      "geometry": {
        "type": "Polygon",
        "coordinates": [
          [
            [
              80.2087809636233,
              13.0821772027338
            ],
            [
              80.20864693087555,
              13.082181364844296
            ],
            [
              80.20864693087555,
              13.082287437584348
            ],
            [
              80.20878452594799,
              13.082287437584348
            ],
            [
              80.2087809636233,
              13.0821772027338
            ]
          ]
        ]
      }
    },
    {
      "type": "Feature",
      "properties": {
        "unit_id": "B027-F02-U03",
        "floor_id": "B027-F02",
        "building_id": "B027",
        "parcel_id": "P000027",
        "demo_ulpin": "DEMO-TN-CHN-000027",
        "property_3d_id": "3D-CHN-P000027-B027-F02-U03",
        "area_sqm": 75.0,
        "z_min": 3.2,
        "z_max": 6.4,
        "height": 3.2,
        "volume_m3": 240.0,
        "data_status": "DEMO / SYNTHETIC"
      },
      "geometry": {
        "type": "Polygon",
        "coordinates": [
          [
            [
              80.20864693087555,
              13.082397663968012
            ],
            [
              80.20864693087555,
              13.082287437584348
            ],
            [
              80.2085105315851,
              13.082287437584348
            ],
            [
              80.2085124205496,
              13.0823458929076
            ],
            [
              80.2086448520588,
              13.0823417805616
            ],
            [
              80.2086466582163,
              13.0823976724349
            ],
            [
              80.20864693087555,
              13.082397663968012
            ]
          ]
        ]
      }
    },
    {
      "type": "Feature",
      "properties": {
        "unit_id": "B027-F02-U04",
        "floor_id": "B027-F02",
        "building_id": "B027",
        "parcel_id": "P000027",
        "demo_ulpin": "DEMO-TN-CHN-000027",
        "property_3d_id": "3D-CHN-P000027-B027-F02-U04",
        "area_sqm": 75.0,
        "z_min": 3.2,
        "z_max": 6.4,
        "height": 3.2,
        "volume_m3": 240.0,
        "data_status": "DEMO / SYNTHETIC"
      },
      "geometry": {
        "type": "Polygon",
        "coordinates": [
          [
            [
              80.20878452594799,
              13.082287437584348
            ],
            [
              80.20864693087555,
              13.082287437584348
            ],
            [
              80.20864693087555,
              13.082397663968012
            ],
            [
              80.2087145494772,
              13.0823955642074
            ],
            [
              80.2087132207012,
              13.0823544453338
            ],
            [
              80.2087866177007,
              13.0823521661158
            ],
            [
              80.20878452594799,
              13.082287437584348
            ]
          ]
        ]
      }
    },
    {
      "type": "Feature",
      "properties": {
        "unit_id": "B027-F03-U01",
        "floor_id": "B027-F03",
        "building_id": "B027",
        "parcel_id": "P000027",
        "demo_ulpin": "DEMO-TN-CHN-000027",
        "property_3d_id": "3D-CHN-P000027-B027-F03-U01",
        "area_sqm": 75.0,
        "z_min": 6.4,
        "z_max": 9.600000000000001,
        "height": 3.200000000000001,
        "volume_m3": 240.00000000000009,
        "data_status": "DEMO / SYNTHETIC"
      },
      "geometry": {
        "type": "Polygon",
        "coordinates": [
          [
            [
              80.2085105315851,
              13.082287437584348
            ],
            [
              80.20864693087555,
              13.082287437584348
            ],
            [
              80.20864693087555,
              13.082181364844296
            ],
            [
              80.2085072440504,
              13.0821857025305
            ],
            [
              80.2085105315851,
              13.082287437584348
            ]
          ]
        ]
      }
    },
    {
      "type": "Feature",
      "properties": {
        "unit_id": "B027-F03-U02",
        "floor_id": "B027-F03",
        "building_id": "B027",
        "parcel_id": "P000027",
        "demo_ulpin": "DEMO-TN-CHN-000027",
        "property_3d_id": "3D-CHN-P000027-B027-F03-U02",
        "area_sqm": 75.0,
        "z_min": 6.4,
        "z_max": 9.600000000000001,
        "height": 3.200000000000001,
        "volume_m3": 240.00000000000009,
        "data_status": "DEMO / SYNTHETIC"
      },
      "geometry": {
        "type": "Polygon",
        "coordinates": [
          [
            [
              80.2087809636233,
              13.0821772027338
            ],
            [
              80.20864693087555,
              13.082181364844296
            ],
            [
              80.20864693087555,
              13.082287437584348
            ],
            [
              80.20878452594799,
              13.082287437584348
            ],
            [
              80.2087809636233,
              13.0821772027338
            ]
          ]
        ]
      }
    },
    {
      "type": "Feature",
      "properties": {
        "unit_id": "B027-F03-U03",
        "floor_id": "B027-F03",
        "building_id": "B027",
        "parcel_id": "P000027",
        "demo_ulpin": "DEMO-TN-CHN-000027",
        "property_3d_id": "3D-CHN-P000027-B027-F03-U03",
        "area_sqm": 75.0,
        "z_min": 6.4,
        "z_max": 9.600000000000001,
        "height": 3.200000000000001,
        "volume_m3": 240.00000000000009,
        "data_status": "DEMO / SYNTHETIC"
      },
      "geometry": {
        "type": "Polygon",
        "coordinates": [
          [
            [
              80.20864693087555,
              13.082397663968012
            ],
            [
              80.20864693087555,
              13.082287437584348
            ],
            [
              80.2085105315851,
              13.082287437584348
            ],
            [
              80.2085124205496,
              13.0823458929076
            ],
            [
              80.2086448520588,
              13.0823417805616
            ],
            [
              80.2086466582163,
              13.0823976724349
            ],
            [
              80.20864693087555,
              13.082397663968012
            ]
          ]
        ]
      }
    },
    {
      "type": "Feature",
      "properties": {
        "unit_id": "B027-F03-U04",
        "floor_id": "B027-F03",
        "building_id": "B027",
        "parcel_id": "P000027",
        "demo_ulpin": "DEMO-TN-CHN-000027",
        "property_3d_id": "3D-CHN-P000027-B027-F03-U04",
        "area_sqm": 75.0,
        "z_min": 6.4,
        "z_max": 9.600000000000001,
        "height": 3.200000000000001,
        "volume_m3": 240.00000000000009,
        "data_status": "DEMO / SYNTHETIC"
      },
      "geometry": {
        "type": "Polygon",
        "coordinates": [
          [
            [
              80.20878452594799,
              13.082287437584348
            ],
            [
              80.20864693087555,
              13.082287437584348
            ],
            [
              80.20864693087555,
              13.082397663968012
            ],
            [
              80.2087145494772,
              13.0823955642074
            ],
            [
              80.2087132207012,
              13.0823544453338
            ],
            [
              80.2087866177007,
              13.0823521661158
            ],
            [
              80.20878452594799,
              13.082287437584348
            ]
          ]
        ]
      }
    },
    {
      "type": "Feature",
      "properties": {
        "unit_id": "B028-F01-U01",
        "floor_id": "B028-F01",
        "building_id": "B028",
        "parcel_id": "P000028",
        "demo_ulpin": "DEMO-TN-CHN-000028",
        "property_3d_id": "3D-CHN-P000028-B028-F01-U01",
        "area_sqm": 75.0,
        "z_min": 0.0,
        "z_max": 3.2,
        "height": 3.2,
        "volume_m3": 240.0,
        "data_status": "DEMO / SYNTHETIC"
      },
      "geometry": {
        "type": "Polygon",
        "coordinates": [
          [
            [
              80.20401904892931,
              13.089589499981852
            ],
            [
              80.20416733328969,
              13.089589499981852
            ],
            [
              80.20416733328969,
              13.08949864269131
            ],
            [
              80.2040116832914,
              13.0895129499859
            ],
            [
              80.20401904892931,
              13.089589499981852
            ]
          ]
        ]
      }
    },
    {
      "type": "Feature",
      "properties": {
        "unit_id": "B028-F01-U02",
        "floor_id": "B028-F01",
        "building_id": "B028",
        "parcel_id": "P000028",
        "demo_ulpin": "DEMO-TN-CHN-000028",
        "property_3d_id": "3D-CHN-P000028-B028-F01-U02",
        "area_sqm": 75.0,
        "z_min": 0.0,
        "z_max": 3.2,
        "height": 3.2,
        "volume_m3": 240.0,
        "data_status": "DEMO / SYNTHETIC"
      },
      "geometry": {
        "type": "Polygon",
        "coordinates": [
          [
            [
              80.2042944832885,
              13.0895466499767
            ],
            [
              80.204322983288,
              13.0895440499758
            ],
            [
              80.2043199832869,
              13.0895120499759
            ],
            [
              80.2042482832882,
              13.0895186499782
            ],
            [
              80.2042455832873,
              13.0894914499783
            ],
            [
              80.20416733328969,
              13.08949864269131
            ],
            [
              80.20416733328969,
              13.089589499981852
            ],
            [
              80.20429860491087,
              13.089589499981852
            ],
            [
              80.2042944832885,
              13.0895466499767
            ]
          ]
        ]
      }
    },
    {
      "type": "Feature",
      "properties": {
        "unit_id": "B028-F01-U03",
        "floor_id": "B028-F01",
        "building_id": "B028",
        "parcel_id": "P000028",
        "demo_ulpin": "DEMO-TN-CHN-000028",
        "property_3d_id": "3D-CHN-P000028-B028-F01-U03",
        "area_sqm": 75.0,
        "z_min": 0.0,
        "z_max": 3.2,
        "height": 3.2,
        "volume_m3": 240.0,
        "data_status": "DEMO / SYNTHETIC"
      },
      "geometry": {
        "type": "Polygon",
        "coordinates": [
          [
            [
              80.20416733328969,
              13.089674772373943
            ],
            [
              80.20416733328969,
              13.089589499981852
            ],
            [
              80.20401904892931,
              13.089589499981852
            ],
            [
              80.2040284832972,
              13.0896875499854
            ],
            [
              80.20416733328969,
              13.089674772373943
            ]
          ]
        ]
      }
    },
    {
      "type": "Feature",
      "properties": {
        "unit_id": "B028-F01-U04",
        "floor_id": "B028-F01",
        "building_id": "B028",
        "parcel_id": "P000028",
        "demo_ulpin": "DEMO-TN-CHN-000028",
        "property_3d_id": "3D-CHN-P000028-B028-F01-U04",
        "area_sqm": 75.0,
        "z_min": 0.0,
        "z_max": 3.2,
        "height": 3.2,
        "volume_m3": 240.0,
        "data_status": "DEMO / SYNTHETIC"
      },
      "geometry": {
        "type": "Polygon",
        "coordinates": [
          [
            [
              80.2043055832923,
              13.0896620499763
            ],
            [
              80.20429860491087,
              13.089589499981852
            ],
            [
              80.20416733328969,
              13.089589499981852
            ],
            [
              80.20416733328969,
              13.089674772373943
            ],
            [
              80.2043055832923,
              13.0896620499763
            ]
          ]
        ]
      }
    },
    {
      "type": "Feature",
      "properties": {
        "unit_id": "B028-F02-U01",
        "floor_id": "B028-F02",
        "building_id": "B028",
        "parcel_id": "P000028",
        "demo_ulpin": "DEMO-TN-CHN-000028",
        "property_3d_id": "3D-CHN-P000028-B028-F02-U01",
        "area_sqm": 75.0,
        "z_min": 3.2,
        "z_max": 6.4,
        "height": 3.2,
        "volume_m3": 240.0,
        "data_status": "DEMO / SYNTHETIC"
      },
      "geometry": {
        "type": "Polygon",
        "coordinates": [
          [
            [
              80.20401904892931,
              13.089589499981852
            ],
            [
              80.20416733328969,
              13.089589499981852
            ],
            [
              80.20416733328969,
              13.08949864269131
            ],
            [
              80.2040116832914,
              13.0895129499859
            ],
            [
              80.20401904892931,
              13.089589499981852
            ]
          ]
        ]
      }
    },
    {
      "type": "Feature",
      "properties": {
        "unit_id": "B028-F02-U02",
        "floor_id": "B028-F02",
        "building_id": "B028",
        "parcel_id": "P000028",
        "demo_ulpin": "DEMO-TN-CHN-000028",
        "property_3d_id": "3D-CHN-P000028-B028-F02-U02",
        "area_sqm": 75.0,
        "z_min": 3.2,
        "z_max": 6.4,
        "height": 3.2,
        "volume_m3": 240.0,
        "data_status": "DEMO / SYNTHETIC"
      },
      "geometry": {
        "type": "Polygon",
        "coordinates": [
          [
            [
              80.2042944832885,
              13.0895466499767
            ],
            [
              80.204322983288,
              13.0895440499758
            ],
            [
              80.2043199832869,
              13.0895120499759
            ],
            [
              80.2042482832882,
              13.0895186499782
            ],
            [
              80.2042455832873,
              13.0894914499783
            ],
            [
              80.20416733328969,
              13.08949864269131
            ],
            [
              80.20416733328969,
              13.089589499981852
            ],
            [
              80.20429860491087,
              13.089589499981852
            ],
            [
              80.2042944832885,
              13.0895466499767
            ]
          ]
        ]
      }
    },
    {
      "type": "Feature",
      "properties": {
        "unit_id": "B028-F02-U03",
        "floor_id": "B028-F02",
        "building_id": "B028",
        "parcel_id": "P000028",
        "demo_ulpin": "DEMO-TN-CHN-000028",
        "property_3d_id": "3D-CHN-P000028-B028-F02-U03",
        "area_sqm": 75.0,
        "z_min": 3.2,
        "z_max": 6.4,
        "height": 3.2,
        "volume_m3": 240.0,
        "data_status": "DEMO / SYNTHETIC"
      },
      "geometry": {
        "type": "Polygon",
        "coordinates": [
          [
            [
              80.20416733328969,
              13.089674772373943
            ],
            [
              80.20416733328969,
              13.089589499981852
            ],
            [
              80.20401904892931,
              13.089589499981852
            ],
            [
              80.2040284832972,
              13.0896875499854
            ],
            [
              80.20416733328969,
              13.089674772373943
            ]
          ]
        ]
      }
    },
    {
      "type": "Feature",
      "properties": {
        "unit_id": "B028-F02-U04",
        "floor_id": "B028-F02",
        "building_id": "B028",
        "parcel_id": "P000028",
        "demo_ulpin": "DEMO-TN-CHN-000028",
        "property_3d_id": "3D-CHN-P000028-B028-F02-U04",
        "area_sqm": 75.0,
        "z_min": 3.2,
        "z_max": 6.4,
        "height": 3.2,
        "volume_m3": 240.0,
        "data_status": "DEMO / SYNTHETIC"
      },
      "geometry": {
        "type": "Polygon",
        "coordinates": [
          [
            [
              80.2043055832923,
              13.0896620499763
            ],
            [
              80.20429860491087,
              13.089589499981852
            ],
            [
              80.20416733328969,
              13.089589499981852
            ],
            [
              80.20416733328969,
              13.089674772373943
            ],
            [
              80.2043055832923,
              13.0896620499763
            ]
          ]
        ]
      }
    },
    {
      "type": "Feature",
      "properties": {
        "unit_id": "B028-F03-U01",
        "floor_id": "B028-F03",
        "building_id": "B028",
        "parcel_id": "P000028",
        "demo_ulpin": "DEMO-TN-CHN-000028",
        "property_3d_id": "3D-CHN-P000028-B028-F03-U01",
        "area_sqm": 75.0,
        "z_min": 6.4,
        "z_max": 9.600000000000001,
        "height": 3.200000000000001,
        "volume_m3": 240.00000000000009,
        "data_status": "DEMO / SYNTHETIC"
      },
      "geometry": {
        "type": "Polygon",
        "coordinates": [
          [
            [
              80.20401904892931,
              13.089589499981852
            ],
            [
              80.20416733328969,
              13.089589499981852
            ],
            [
              80.20416733328969,
              13.08949864269131
            ],
            [
              80.2040116832914,
              13.0895129499859
            ],
            [
              80.20401904892931,
              13.089589499981852
            ]
          ]
        ]
      }
    },
    {
      "type": "Feature",
      "properties": {
        "unit_id": "B028-F03-U02",
        "floor_id": "B028-F03",
        "building_id": "B028",
        "parcel_id": "P000028",
        "demo_ulpin": "DEMO-TN-CHN-000028",
        "property_3d_id": "3D-CHN-P000028-B028-F03-U02",
        "area_sqm": 75.0,
        "z_min": 6.4,
        "z_max": 9.600000000000001,
        "height": 3.200000000000001,
        "volume_m3": 240.00000000000009,
        "data_status": "DEMO / SYNTHETIC"
      },
      "geometry": {
        "type": "Polygon",
        "coordinates": [
          [
            [
              80.2042944832885,
              13.0895466499767
            ],
            [
              80.204322983288,
              13.0895440499758
            ],
            [
              80.2043199832869,
              13.0895120499759
            ],
            [
              80.2042482832882,
              13.0895186499782
            ],
            [
              80.2042455832873,
              13.0894914499783
            ],
            [
              80.20416733328969,
              13.08949864269131
            ],
            [
              80.20416733328969,
              13.089589499981852
            ],
            [
              80.20429860491087,
              13.089589499981852
            ],
            [
              80.2042944832885,
              13.0895466499767
            ]
          ]
        ]
      }
    },
    {
      "type": "Feature",
      "properties": {
        "unit_id": "B028-F03-U03",
        "floor_id": "B028-F03",
        "building_id": "B028",
        "parcel_id": "P000028",
        "demo_ulpin": "DEMO-TN-CHN-000028",
        "property_3d_id": "3D-CHN-P000028-B028-F03-U03",
        "area_sqm": 75.0,
        "z_min": 6.4,
        "z_max": 9.600000000000001,
        "height": 3.200000000000001,
        "volume_m3": 240.00000000000009,
        "data_status": "DEMO / SYNTHETIC"
      },
      "geometry": {
        "type": "Polygon",
        "coordinates": [
          [
            [
              80.20416733328969,
              13.089674772373943
            ],
            [
              80.20416733328969,
              13.089589499981852
            ],
            [
              80.20401904892931,
              13.089589499981852
            ],
            [
              80.2040284832972,
              13.0896875499854
            ],
            [
              80.20416733328969,
              13.089674772373943
            ]
          ]
        ]
      }
    },
    {
      "type": "Feature",
      "properties": {
        "unit_id": "B028-F03-U04",
        "floor_id": "B028-F03",
        "building_id": "B028",
        "parcel_id": "P000028",
        "demo_ulpin": "DEMO-TN-CHN-000028",
        "property_3d_id": "3D-CHN-P000028-B028-F03-U04",
        "area_sqm": 75.0,
        "z_min": 6.4,
        "z_max": 9.600000000000001,
        "height": 3.200000000000001,
        "volume_m3": 240.00000000000009,
        "data_status": "DEMO / SYNTHETIC"
      },
      "geometry": {
        "type": "Polygon",
        "coordinates": [
          [
            [
              80.2043055832923,
              13.0896620499763
            ],
            [
              80.20429860491087,
              13.089589499981852
            ],
            [
              80.20416733328969,
              13.089589499981852
            ],
            [
              80.20416733328969,
              13.089674772373943
            ],
            [
              80.2043055832923,
              13.0896620499763
            ]
          ]
        ]
      }
    },
    {
      "type": "Feature",
      "properties": {
        "unit_id": "B029-F01-U01",
        "floor_id": "B029-F01",
        "building_id": "B029",
        "parcel_id": "P000029",
        "demo_ulpin": "DEMO-TN-CHN-000029",
        "property_3d_id": "3D-CHN-P000029-B029-F01-U01",
        "area_sqm": 75.0,
        "z_min": 0.0,
        "z_max": 3.2,
        "height": 3.2,
        "volume_m3": 240.0,
        "data_status": "DEMO / SYNTHETIC"
      },
      "geometry": {
        "type": "Polygon",
        "coordinates": [
          [
            [
              80.20344664417135,
              13.0817357219251
            ],
            [
              80.2035843900064,
              13.0817357219251
            ],
            [
              80.2035843900064,
              13.081649600357148
            ],
            [
              80.203443746875,
              13.0816544164614
            ],
            [
              80.20344664417135,
              13.0817357219251
            ]
          ]
        ]
      }
    },
    {
      "type": "Feature",
      "properties": {
        "unit_id": "B029-F01-U02",
        "floor_id": "B029-F01",
        "building_id": "B029",
        "parcel_id": "P000029",
        "demo_ulpin": "DEMO-TN-CHN-000029",
        "property_3d_id": "3D-CHN-P000029-B029-F01-U02",
        "area_sqm": 75.0,
        "z_min": 0.0,
        "z_max": 3.2,
        "height": 3.2,
        "volume_m3": 240.0,
        "data_status": "DEMO / SYNTHETIC"
      },
      "geometry": {
        "type": "Polygon",
        "coordinates": [
          [
            [
              80.2035843900064,
              13.081649600357148
            ],
            [
              80.2035843900064,
              13.0817357219251
            ],
            [
              80.20372213575091,
              13.0817357219251
            ],
            [
              80.2037189025936,
              13.0816449941838
            ],
            [
              80.2035843900064,
              13.081649600357148
            ]
          ]
        ]
      }
    },
    {
      "type": "Feature",
      "properties": {
        "unit_id": "B029-F01-U03",
        "floor_id": "B029-F01",
        "building_id": "B029",
        "parcel_id": "P000029",
        "demo_ulpin": "DEMO-TN-CHN-000029",
        "property_3d_id": "3D-CHN-P000029-B029-F01-U03",
        "area_sqm": 75.0,
        "z_min": 0.0,
        "z_max": 3.2,
        "height": 3.2,
        "volume_m3": 240.0,
        "data_status": "DEMO / SYNTHETIC"
      },
      "geometry": {
        "type": "Polygon",
        "coordinates": [
          [
            [
              80.2035843900064,
              13.081821843491854
            ],
            [
              80.2035843900064,
              13.0817357219251
            ],
            [
              80.20344664417135,
              13.0817357219251
            ],
            [
              80.2034498772278,
              13.0818264496664
            ],
            [
              80.2035843900064,
              13.081821843491854
            ]
          ]
        ]
      }
    },
    {
      "type": "Feature",
      "properties": {
        "unit_id": "B029-F01-U04",
        "floor_id": "B029-F01",
        "building_id": "B029",
        "parcel_id": "P000029",
        "demo_ulpin": "DEMO-TN-CHN-000029",
        "property_3d_id": "3D-CHN-P000029-B029-F01-U04",
        "area_sqm": 75.0,
        "z_min": 0.0,
        "z_max": 3.2,
        "height": 3.2,
        "volume_m3": 240.0,
        "data_status": "DEMO / SYNTHETIC"
      },
      "geometry": {
        "type": "Polygon",
        "coordinates": [
          [
            [
              80.2037250331378,
              13.0818170273932
            ],
            [
              80.20372213575091,
              13.0817357219251
            ],
            [
              80.2035843900064,
              13.0817357219251
            ],
            [
              80.2035843900064,
              13.081821843491854
            ],
            [
              80.2037250331378,
              13.0818170273932
            ]
          ]
        ]
      }
    },
    {
      "type": "Feature",
      "properties": {
        "unit_id": "B029-F02-U01",
        "floor_id": "B029-F02",
        "building_id": "B029",
        "parcel_id": "P000029",
        "demo_ulpin": "DEMO-TN-CHN-000029",
        "property_3d_id": "3D-CHN-P000029-B029-F02-U01",
        "area_sqm": 75.0,
        "z_min": 3.2,
        "z_max": 6.4,
        "height": 3.2,
        "volume_m3": 240.0,
        "data_status": "DEMO / SYNTHETIC"
      },
      "geometry": {
        "type": "Polygon",
        "coordinates": [
          [
            [
              80.20344664417135,
              13.0817357219251
            ],
            [
              80.2035843900064,
              13.0817357219251
            ],
            [
              80.2035843900064,
              13.081649600357148
            ],
            [
              80.203443746875,
              13.0816544164614
            ],
            [
              80.20344664417135,
              13.0817357219251
            ]
          ]
        ]
      }
    },
    {
      "type": "Feature",
      "properties": {
        "unit_id": "B029-F02-U02",
        "floor_id": "B029-F02",
        "building_id": "B029",
        "parcel_id": "P000029",
        "demo_ulpin": "DEMO-TN-CHN-000029",
        "property_3d_id": "3D-CHN-P000029-B029-F02-U02",
        "area_sqm": 75.0,
        "z_min": 3.2,
        "z_max": 6.4,
        "height": 3.2,
        "volume_m3": 240.0,
        "data_status": "DEMO / SYNTHETIC"
      },
      "geometry": {
        "type": "Polygon",
        "coordinates": [
          [
            [
              80.2035843900064,
              13.081649600357148
            ],
            [
              80.2035843900064,
              13.0817357219251
            ],
            [
              80.20372213575091,
              13.0817357219251
            ],
            [
              80.2037189025936,
              13.0816449941838
            ],
            [
              80.2035843900064,
              13.081649600357148
            ]
          ]
        ]
      }
    },
    {
      "type": "Feature",
      "properties": {
        "unit_id": "B029-F02-U03",
        "floor_id": "B029-F02",
        "building_id": "B029",
        "parcel_id": "P000029",
        "demo_ulpin": "DEMO-TN-CHN-000029",
        "property_3d_id": "3D-CHN-P000029-B029-F02-U03",
        "area_sqm": 75.0,
        "z_min": 3.2,
        "z_max": 6.4,
        "height": 3.2,
        "volume_m3": 240.0,
        "data_status": "DEMO / SYNTHETIC"
      },
      "geometry": {
        "type": "Polygon",
        "coordinates": [
          [
            [
              80.2035843900064,
              13.081821843491854
            ],
            [
              80.2035843900064,
              13.0817357219251
            ],
            [
              80.20344664417135,
              13.0817357219251
            ],
            [
              80.2034498772278,
              13.0818264496664
            ],
            [
              80.2035843900064,
              13.081821843491854
            ]
          ]
        ]
      }
    },
    {
      "type": "Feature",
      "properties": {
        "unit_id": "B029-F02-U04",
        "floor_id": "B029-F02",
        "building_id": "B029",
        "parcel_id": "P000029",
        "demo_ulpin": "DEMO-TN-CHN-000029",
        "property_3d_id": "3D-CHN-P000029-B029-F02-U04",
        "area_sqm": 75.0,
        "z_min": 3.2,
        "z_max": 6.4,
        "height": 3.2,
        "volume_m3": 240.0,
        "data_status": "DEMO / SYNTHETIC"
      },
      "geometry": {
        "type": "Polygon",
        "coordinates": [
          [
            [
              80.2037250331378,
              13.0818170273932
            ],
            [
              80.20372213575091,
              13.0817357219251
            ],
            [
              80.2035843900064,
              13.0817357219251
            ],
            [
              80.2035843900064,
              13.081821843491854
            ],
            [
              80.2037250331378,
              13.0818170273932
            ]
          ]
        ]
      }
    },
    {
      "type": "Feature",
      "properties": {
        "unit_id": "B029-F03-U01",
        "floor_id": "B029-F03",
        "building_id": "B029",
        "parcel_id": "P000029",
        "demo_ulpin": "DEMO-TN-CHN-000029",
        "property_3d_id": "3D-CHN-P000029-B029-F03-U01",
        "area_sqm": 75.0,
        "z_min": 6.4,
        "z_max": 9.600000000000001,
        "height": 3.200000000000001,
        "volume_m3": 240.00000000000009,
        "data_status": "DEMO / SYNTHETIC"
      },
      "geometry": {
        "type": "Polygon",
        "coordinates": [
          [
            [
              80.20344664417135,
              13.0817357219251
            ],
            [
              80.2035843900064,
              13.0817357219251
            ],
            [
              80.2035843900064,
              13.081649600357148
            ],
            [
              80.203443746875,
              13.0816544164614
            ],
            [
              80.20344664417135,
              13.0817357219251
            ]
          ]
        ]
      }
    },
    {
      "type": "Feature",
      "properties": {
        "unit_id": "B029-F03-U02",
        "floor_id": "B029-F03",
        "building_id": "B029",
        "parcel_id": "P000029",
        "demo_ulpin": "DEMO-TN-CHN-000029",
        "property_3d_id": "3D-CHN-P000029-B029-F03-U02",
        "area_sqm": 75.0,
        "z_min": 6.4,
        "z_max": 9.600000000000001,
        "height": 3.200000000000001,
        "volume_m3": 240.00000000000009,
        "data_status": "DEMO / SYNTHETIC"
      },
      "geometry": {
        "type": "Polygon",
        "coordinates": [
          [
            [
              80.2035843900064,
              13.081649600357148
            ],
            [
              80.2035843900064,
              13.0817357219251
            ],
            [
              80.20372213575091,
              13.0817357219251
            ],
            [
              80.2037189025936,
              13.0816449941838
            ],
            [
              80.2035843900064,
              13.081649600357148
            ]
          ]
        ]
      }
    },
    {
      "type": "Feature",
      "properties": {
        "unit_id": "B029-F03-U03",
        "floor_id": "B029-F03",
        "building_id": "B029",
        "parcel_id": "P000029",
        "demo_ulpin": "DEMO-TN-CHN-000029",
        "property_3d_id": "3D-CHN-P000029-B029-F03-U03",
        "area_sqm": 75.0,
        "z_min": 6.4,
        "z_max": 9.600000000000001,
        "height": 3.200000000000001,
        "volume_m3": 240.00000000000009,
        "data_status": "DEMO / SYNTHETIC"
      },
      "geometry": {
        "type": "Polygon",
        "coordinates": [
          [
            [
              80.2035843900064,
              13.081821843491854
            ],
            [
              80.2035843900064,
              13.0817357219251
            ],
            [
              80.20344664417135,
              13.0817357219251
            ],
            [
              80.2034498772278,
              13.0818264496664
            ],
            [
              80.2035843900064,
              13.081821843491854
            ]
          ]
        ]
      }
    },
    {
      "type": "Feature",
      "properties": {
        "unit_id": "B029-F03-U04",
        "floor_id": "B029-F03",
        "building_id": "B029",
        "parcel_id": "P000029",
        "demo_ulpin": "DEMO-TN-CHN-000029",
        "property_3d_id": "3D-CHN-P000029-B029-F03-U04",
        "area_sqm": 75.0,
        "z_min": 6.4,
        "z_max": 9.600000000000001,
        "height": 3.200000000000001,
        "volume_m3": 240.00000000000009,
        "data_status": "DEMO / SYNTHETIC"
      },
      "geometry": {
        "type": "Polygon",
        "coordinates": [
          [
            [
              80.2037250331378,
              13.0818170273932
            ],
            [
              80.20372213575091,
              13.0817357219251
            ],
            [
              80.2035843900064,
              13.0817357219251
            ],
            [
              80.2035843900064,
              13.081821843491854
            ],
            [
              80.2037250331378,
              13.0818170273932
            ]
          ]
        ]
      }
    },
    {
      "type": "Feature",
      "properties": {
        "unit_id": "B029-F04-U01",
        "floor_id": "B029-F04",
        "building_id": "B029",
        "parcel_id": "P000029",
        "demo_ulpin": "DEMO-TN-CHN-000029",
        "property_3d_id": "3D-CHN-P000029-B029-F04-U01",
        "area_sqm": 75.0,
        "z_min": 9.600000000000001,
        "z_max": 12.8,
        "height": 3.1999999999999993,
        "volume_m3": 239.99999999999994,
        "data_status": "DEMO / SYNTHETIC"
      },
      "geometry": {
        "type": "Polygon",
        "coordinates": [
          [
            [
              80.20344664417135,
              13.0817357219251
            ],
            [
              80.2035843900064,
              13.0817357219251
            ],
            [
              80.2035843900064,
              13.081649600357148
            ],
            [
              80.203443746875,
              13.0816544164614
            ],
            [
              80.20344664417135,
              13.0817357219251
            ]
          ]
        ]
      }
    },
    {
      "type": "Feature",
      "properties": {
        "unit_id": "B029-F04-U02",
        "floor_id": "B029-F04",
        "building_id": "B029",
        "parcel_id": "P000029",
        "demo_ulpin": "DEMO-TN-CHN-000029",
        "property_3d_id": "3D-CHN-P000029-B029-F04-U02",
        "area_sqm": 75.0,
        "z_min": 9.600000000000001,
        "z_max": 12.8,
        "height": 3.1999999999999993,
        "volume_m3": 239.99999999999994,
        "data_status": "DEMO / SYNTHETIC"
      },
      "geometry": {
        "type": "Polygon",
        "coordinates": [
          [
            [
              80.2035843900064,
              13.081649600357148
            ],
            [
              80.2035843900064,
              13.0817357219251
            ],
            [
              80.20372213575091,
              13.0817357219251
            ],
            [
              80.2037189025936,
              13.0816449941838
            ],
            [
              80.2035843900064,
              13.081649600357148
            ]
          ]
        ]
      }
    },
    {
      "type": "Feature",
      "properties": {
        "unit_id": "B029-F04-U03",
        "floor_id": "B029-F04",
        "building_id": "B029",
        "parcel_id": "P000029",
        "demo_ulpin": "DEMO-TN-CHN-000029",
        "property_3d_id": "3D-CHN-P000029-B029-F04-U03",
        "area_sqm": 75.0,
        "z_min": 9.600000000000001,
        "z_max": 12.8,
        "height": 3.1999999999999993,
        "volume_m3": 239.99999999999994,
        "data_status": "DEMO / SYNTHETIC"
      },
      "geometry": {
        "type": "Polygon",
        "coordinates": [
          [
            [
              80.2035843900064,
              13.081821843491854
            ],
            [
              80.2035843900064,
              13.0817357219251
            ],
            [
              80.20344664417135,
              13.0817357219251
            ],
            [
              80.2034498772278,
              13.0818264496664
            ],
            [
              80.2035843900064,
              13.081821843491854
            ]
          ]
        ]
      }
    },
    {
      "type": "Feature",
      "properties": {
        "unit_id": "B029-F04-U04",
        "floor_id": "B029-F04",
        "building_id": "B029",
        "parcel_id": "P000029",
        "demo_ulpin": "DEMO-TN-CHN-000029",
        "property_3d_id": "3D-CHN-P000029-B029-F04-U04",
        "area_sqm": 75.0,
        "z_min": 9.600000000000001,
        "z_max": 12.8,
        "height": 3.1999999999999993,
        "volume_m3": 239.99999999999994,
        "data_status": "DEMO / SYNTHETIC"
      },
      "geometry": {
        "type": "Polygon",
        "coordinates": [
          [
            [
              80.2037250331378,
              13.0818170273932
            ],
            [
              80.20372213575091,
              13.0817357219251
            ],
            [
              80.2035843900064,
              13.0817357219251
            ],
            [
              80.2035843900064,
              13.081821843491854
            ],
            [
              80.2037250331378,
              13.0818170273932
            ]
          ]
        ]
      }
    },
    {
      "type": "Feature",
      "properties": {
        "unit_id": "B030-F01-U01",
        "floor_id": "B030-F01",
        "building_id": "B030",
        "parcel_id": "P000030",
        "demo_ulpin": "DEMO-TN-CHN-000030",
        "property_3d_id": "3D-CHN-P000030-B030-F01-U01",
        "area_sqm": 75.0,
        "z_min": 0.0,
        "z_max": 3.2,
        "height": 3.2,
        "volume_m3": 240.0,
        "data_status": "DEMO / SYNTHETIC"
      },
      "geometry": {
        "type": "Polygon",
        "coordinates": [
          [
            [
              80.20527541588427,
              13.08657158673035
            ],
            [
              80.20539938031885,
              13.08657158673035
            ],
            [
              80.20539938031885,
              13.08646693925542
            ],
            [
              80.2052924928287,
              13.0864773847401
            ],
            [
              80.2053001665906,
              13.0865528398453
            ],
            [
              80.2052737716578,
              13.0865554192535
            ],
            [
              80.20527541588427,
              13.08657158673035
            ]
          ]
        ]
      }
    },
    {
      "type": "Feature",
      "properties": {
        "unit_id": "B030-F01-U02",
        "floor_id": "B030-F01",
        "building_id": "B030",
        "parcel_id": "P000030",
        "demo_ulpin": "DEMO-TN-CHN-000030",
        "property_3d_id": "3D-CHN-P000030-B030-F01-U02",
        "area_sqm": 75.0,
        "z_min": 0.0,
        "z_max": 3.2,
        "height": 3.2,
        "volume_m3": 240.0,
        "data_status": "DEMO / SYNTHETIC"
      },
      "geometry": {
        "type": "Polygon",
        "coordinates": [
          [
            [
              80.20539938031885,
              13.08646693925542
            ],
            [
              80.20539938031885,
              13.08657158673035
            ],
            [
              80.20552156409713,
              13.08657158673035
            ],
            [
              80.2055098237334,
              13.0864561462712
            ],
            [
              80.20539938031885,
              13.08646693925542
            ]
          ]
        ]
      }
    },
    {
      "type": "Feature",
      "properties": {
        "unit_id": "B030-F01-U03",
        "floor_id": "B030-F01",
        "building_id": "B030",
        "parcel_id": "P000030",
        "demo_ulpin": "DEMO-TN-CHN-000030",
        "property_3d_id": "3D-CHN-P000030-B030-F01-U03",
        "area_sqm": 75.0,
        "z_min": 0.0,
        "z_max": 3.2,
        "height": 3.2,
        "volume_m3": 240.0,
        "data_status": "DEMO / SYNTHETIC"
      },
      "geometry": {
        "type": "Polygon",
        "coordinates": [
          [
            [
              80.20539938031885,
              13.08667866524513
            ],
            [
              80.20539938031885,
              13.08657158673035
            ],
            [
              80.20527541588427,
              13.08657158673035
            ],
            [
              80.2052802217905,
              13.086618842616
            ],
            [
              80.2053066167304,
              13.0866162632076
            ],
            [
              80.2053138134121,
              13.0866870271895
            ],
            [
              80.20539938031885,
              13.08667866524513
            ]
          ]
        ]
      }
    },
    {
      "type": "Feature",
      "properties": {
        "unit_id": "B030-F01-U04",
        "floor_id": "B030-F01",
        "building_id": "B030",
        "parcel_id": "P000030",
        "demo_ulpin": "DEMO-TN-CHN-000030",
        "property_3d_id": "3D-CHN-P000030-B030-F01-U04",
        "area_sqm": 75.0,
        "z_min": 0.0,
        "z_max": 3.2,
        "height": 3.2,
        "volume_m3": 240.0,
        "data_status": "DEMO / SYNTHETIC"
      },
      "geometry": {
        "type": "Polygon",
        "coordinates": [
          [
            [
              80.205517792238,
              13.0865956262779
            ],
            [
              80.205523947756,
              13.086595024733
            ],
            [
              80.20552156409713,
              13.08657158673035
            ],
            [
              80.20539938031885,
              13.08657158673035
            ],
            [
              80.20539938031885,
              13.08667866524513
            ],
            [
              80.2055249889799,
              13.0866663902585
            ],
            [
              80.205517792238,
              13.0865956262779
            ]
          ]
        ]
      }
    },
    {
      "type": "Feature",
      "properties": {
        "unit_id": "B030-F02-U01",
        "floor_id": "B030-F02",
        "building_id": "B030",
        "parcel_id": "P000030",
        "demo_ulpin": "DEMO-TN-CHN-000030",
        "property_3d_id": "3D-CHN-P000030-B030-F02-U01",
        "area_sqm": 75.0,
        "z_min": 3.2,
        "z_max": 6.4,
        "height": 3.2,
        "volume_m3": 240.0,
        "data_status": "DEMO / SYNTHETIC"
      },
      "geometry": {
        "type": "Polygon",
        "coordinates": [
          [
            [
              80.20527541588427,
              13.08657158673035
            ],
            [
              80.20539938031885,
              13.08657158673035
            ],
            [
              80.20539938031885,
              13.08646693925542
            ],
            [
              80.2052924928287,
              13.0864773847401
            ],
            [
              80.2053001665906,
              13.0865528398453
            ],
            [
              80.2052737716578,
              13.0865554192535
            ],
            [
              80.20527541588427,
              13.08657158673035
            ]
          ]
        ]
      }
    },
    {
      "type": "Feature",
      "properties": {
        "unit_id": "B030-F02-U02",
        "floor_id": "B030-F02",
        "building_id": "B030",
        "parcel_id": "P000030",
        "demo_ulpin": "DEMO-TN-CHN-000030",
        "property_3d_id": "3D-CHN-P000030-B030-F02-U02",
        "area_sqm": 75.0,
        "z_min": 3.2,
        "z_max": 6.4,
        "height": 3.2,
        "volume_m3": 240.0,
        "data_status": "DEMO / SYNTHETIC"
      },
      "geometry": {
        "type": "Polygon",
        "coordinates": [
          [
            [
              80.20539938031885,
              13.08646693925542
            ],
            [
              80.20539938031885,
              13.08657158673035
            ],
            [
              80.20552156409713,
              13.08657158673035
            ],
            [
              80.2055098237334,
              13.0864561462712
            ],
            [
              80.20539938031885,
              13.08646693925542
            ]
          ]
        ]
      }
    },
    {
      "type": "Feature",
      "properties": {
        "unit_id": "B030-F02-U03",
        "floor_id": "B030-F02",
        "building_id": "B030",
        "parcel_id": "P000030",
        "demo_ulpin": "DEMO-TN-CHN-000030",
        "property_3d_id": "3D-CHN-P000030-B030-F02-U03",
        "area_sqm": 75.0,
        "z_min": 3.2,
        "z_max": 6.4,
        "height": 3.2,
        "volume_m3": 240.0,
        "data_status": "DEMO / SYNTHETIC"
      },
      "geometry": {
        "type": "Polygon",
        "coordinates": [
          [
            [
              80.20539938031885,
              13.08667866524513
            ],
            [
              80.20539938031885,
              13.08657158673035
            ],
            [
              80.20527541588427,
              13.08657158673035
            ],
            [
              80.2052802217905,
              13.086618842616
            ],
            [
              80.2053066167304,
              13.0866162632076
            ],
            [
              80.2053138134121,
              13.0866870271895
            ],
            [
              80.20539938031885,
              13.08667866524513
            ]
          ]
        ]
      }
    },
    {
      "type": "Feature",
      "properties": {
        "unit_id": "B030-F02-U04",
        "floor_id": "B030-F02",
        "building_id": "B030",
        "parcel_id": "P000030",
        "demo_ulpin": "DEMO-TN-CHN-000030",
        "property_3d_id": "3D-CHN-P000030-B030-F02-U04",
        "area_sqm": 75.0,
        "z_min": 3.2,
        "z_max": 6.4,
        "height": 3.2,
        "volume_m3": 240.0,
        "data_status": "DEMO / SYNTHETIC"
      },
      "geometry": {
        "type": "Polygon",
        "coordinates": [
          [
            [
              80.205517792238,
              13.0865956262779
            ],
            [
              80.205523947756,
              13.086595024733
            ],
            [
              80.20552156409713,
              13.08657158673035
            ],
            [
              80.20539938031885,
              13.08657158673035
            ],
            [
              80.20539938031885,
              13.08667866524513
            ],
            [
              80.2055249889799,
              13.0866663902585
            ],
            [
              80.205517792238,
              13.0865956262779
            ]
          ]
        ]
      }
    }
  ]
}