{
  "type": "FeatureCollection",
  "features": [
    {
      "type": "Feature",
      "properties": {
        "building_id": "B001",
        "parcel_id": "P000001",
        "demo_ulpin": "DEMO-TN-CHN-000001",
        "height": 12.8,
        "floors": 4,
        "is_primary": true,
        "is_mapped": true,
        "data_status": "REAL FOOTPRINT / SYNTHETIC HEIGHT",
        "source": "Google Open Buildings"
      },
      "geometry": {
        "type": "Polygon",
        "coordinates": [
          [
            [
              80.205115185996,
              13.0849503835059
            ],
            [
              80.2049453517028,
              13.0849545436748
            ],
            [
              80.2049431072852,
              13.0848664976921
            ],
            [
              80.2051129415176,
              13.0848623375212
            ],
            [
              80.205115185996,
              13.0849503835059
            ]
          ]
        ]
      }
    },
    {
      "type": "Feature",
      "properties": {
        "building_id": "B002",
        "parcel_id": "P000002",
        "demo_ulpin": "DEMO-TN-CHN-000002",
        "height": 12.8,
        "floors": 4,
        "is_primary": false,
        "is_mapped": true,
        "data_status": "REAL FOOTPRINT / SYNTHETIC HEIGHT",
        "source": "Google Open Buildings"
      },
      "geometry": {
        "type": "Polygon",
        "coordinates": [
          [
            [
              80.2049358260077,
              13.0849517487448
            ],
            [
              80.2047374740306,
              13.0849573034543
            ],
            [
              80.2047347639978,
              13.0848643123638
            ],
            [
              80.2049331159005,
              13.084858757652
            ],
            [
              80.2049358260077,
              13.0849517487448
            ]
          ]
        ]
      }
    },
    {
      "type": "Feature",
      "properties": {
        "building_id": "B003",
        "parcel_id": "P000003",
        "demo_ulpin": "DEMO-TN-CHN-000003",
        "height": 9.600000000000001,
        "floors": 3,
        "is_primary": false,
        "is_mapped": true,
        "data_status": "REAL FOOTPRINT / SYNTHETIC HEIGHT",
        "source": "Google Open Buildings"
      },
      "geometry": {
        "type": "Polygon",
        "coordinates": [
          [
            [
              80.2051301127234,
              13.0846287985371
            ],
            [
              80.2051378848278,
              13.0848274237046
            ],
            [
              80.2049826110996,
              13.084833261986
            ],
            [
              80.20497483912,
              13.0846346368217
            ],
            [
              80.2051301127234,
              13.0846287985371
            ]
          ]
        ]
      }
    },
    {
      "type": "Feature",
      "properties": {
        "building_id": "B004",
        "parcel_id": "P000004",
        "demo_ulpin": "DEMO-TN-CHN-000004",
        "height": 6.4,
        "floors": 2,
        "is_primary": false,
        "is_mapped": true,
        "data_status": "REAL FOOTPRINT / SYNTHETIC HEIGHT",
        "source": "Google Open Buildings"
      },
      "geometry": {
        "type": "Polygon",
        "coordinates": [
          [
            [
              80.2053208211873,
              13.0848495331988
            ],
            [
              80.2053196105992,
              13.0849379010604
            ],
            [
              80.2051959650545,
              13.0849362733592
            ],
            [
              80.2051971756868,
              13.0848479055009
            ],
            [
              80.2053208211873,
              13.0848495331988
            ]
          ]
        ]
      }
    },
    {
      "type": "Feature",
      "properties": {
        "building_id": "B005",
        "parcel_id": "P000005",
        "demo_ulpin": "DEMO-TN-CHN-000005",
        "height": 16.0,
        "floors": 5,
        "is_primary": false,
        "is_mapped": true,
        "data_status": "REAL FOOTPRINT / SYNTHETIC HEIGHT",
        "source": "Google Open Buildings"
      },
      "geometry": {
        "type": "Polygon",
        "coordinates": [
          [
            [
              80.2049352665536,
              13.0848073759798
            ],
            [
              80.2048485472789,
              13.0848112585461
            ],
            [
              80.2048496026221,
              13.0848339090731
            ],
            [
              80.2047870870127,
              13.0848367079822
            ],
            [
              80.2047805077274,
              13.0846954978894
            ],
            [
              80.2049297425339,
              13.0846888164129
            ],
            [
              80.2049352665536,
              13.0848073759798
            ]
          ]
        ]
      }
    },
    {
      "type": "Feature",
      "properties": {
        "building_id": "B006",
        "parcel_id": "P000006",
        "demo_ulpin": "DEMO-TN-CHN-000006",
        "height": 16.0,
        "floors": 5,
        "is_primary": false,
        "is_mapped": true,
        "data_status": "REAL FOOTPRINT / SYNTHETIC HEIGHT",
        "source": "Google Open Buildings"
      },
      "geometry": {
        "type": "Polygon",
        "coordinates": [
          [
            [
              80.2052582256083,
              13.0846482624207
            ],
            [
              80.2052570725724,
              13.0848258567204
            ],
            [
              80.2051324200657,
              13.084825079007
            ],
            [
              80.2051335731909,
              13.0846474847133
            ],
            [
              80.2052582256083,
              13.0846482624207
            ]
          ]
        ]
      }
    },
    {
      "type": "Feature",
      "properties": {
        "building_id": "B007",
        "parcel_id": "P000007",
        "demo_ulpin": "DEMO-TN-CHN-000007",
        "height": 6.4,
        "floors": 2,
        "is_primary": false,
        "is_mapped": true,
        "data_status": "REAL FOOTPRINT / SYNTHETIC HEIGHT",
        "source": "Google Open Buildings"
      },
      "geometry": {
        "type": "Polygon",
        "coordinates": [
          [
            [
              80.2054437477144,
              13.0848511513732
            ],
            [
              80.2054425371701,
              13.0849395192381
            ],
            [
              80.2053196105992,
              13.0849379010603
            ],
            [
              80.2053208211873,
              13.0848495331987
            ],
            [
              80.2054437477144,
              13.0848511513732
            ]
          ]
        ]
      }
    },
    {
      "type": "Feature",
      "properties": {
        "building_id": "B008",
        "parcel_id": "P000008",
        "demo_ulpin": "DEMO-TN-CHN-000008",
        "height": 16.0,
        "floors": 5,
        "is_primary": false,
        "is_mapped": true,
        "data_status": "REAL FOOTPRINT / SYNTHETIC HEIGHT",
        "source": "Google Open Buildings"
      },
      "geometry": {
        "type": "Polygon",
        "coordinates": [
          [
            [
              80.2047181257548,
              13.0848414542036
            ],
            [
              80.2046092035206,
              13.0848484255709
            ],
            [
              80.2045977716197,
              13.0846767910302
            ],
            [
              80.2047066937781,
              13.0846698196635
            ],
            [
              80.2047181257548,
              13.0848414542036
            ]
          ]
        ]
      }
    },
    {
      "type": "Feature",
      "properties": {
        "building_id": "B009",
        "parcel_id": "P000009",
        "demo_ulpin": "DEMO-TN-CHN-000009",
        "height": 16.0,
        "floors": 5,
        "is_primary": false,
        "is_mapped": true,
        "data_status": "REAL FOOTPRINT / SYNTHETIC HEIGHT",
        "source": "Google Open Buildings"
      },
      "geometry": {
        "type": "Polygon",
        "coordinates": [
          [
            [
              80.2050608113999,
              13.0854206504337
            ],
            [
              80.2049400813939,
              13.0854262045667
            ],
            [
              80.204947598711,
              13.0855832219621
            ],
            [
              80.2048889781146,
              13.0855859187552
            ],
            [
              80.2048790032943,
              13.085377569324
            ],
            [
              80.2049070186666,
              13.0853762804997
            ],
            [
              80.2049048205484,
              13.0853303673179
            ],
            [
              80.2050561556734,
              13.0853234052148
            ],
            [
              80.2050608113999,
              13.0854206504337
            ]
          ]
        ]
      }
    },
    {
      "type": "Feature",
      "properties": {
        "building_id": "B010",
        "parcel_id": "P000010",
        "demo_ulpin": "DEMO-TN-CHN-000010",
        "height": 9.600000000000001,
        "floors": 3,
        "is_primary": false,
        "is_mapped": true,
        "data_status": "REAL FOOTPRINT / SYNTHETIC HEIGHT",
        "source": "Google Open Buildings"
      },
      "geometry": {
        "type": "Polygon",
        "coordinates": [
          [
            [
              80.2050622830919,
              13.0854884498477
            ],
            [
              80.2050643830938,
              13.0855442498476
            ],
            [
              80.2049454830956,
              13.0855484498515
            ],
            [
              80.2049408830914,
              13.0854228498516
            ],
            [
              80.2050597830895,
              13.0854186498478
            ],
            [
              80.2050622830919,
              13.0854884498477
            ]
          ]
        ]
      }
    },
    {
      "type": "Feature",
      "properties": {
        "building_id": "B011",
        "parcel_id": "P000011",
        "demo_ulpin": "DEMO-TN-CHN-000011",
        "height": 16.0,
        "floors": 5,
        "is_primary": false,
        "is_mapped": true,
        "data_status": "REAL FOOTPRINT / SYNTHETIC HEIGHT",
        "source": "Google Open Buildings"
      },
      "geometry": {
        "type": "Polygon",
        "coordinates": [
          [
            [
              80.2054686743136,
              13.0846156078463
            ],
            [
              80.2054761529144,
              13.0848087933633
            ],
            [
              80.2053295951426,
              13.0848142451337
            ],
            [
              80.2053221166563,
              13.0846210596191
            ],
            [
              80.2054686743136,
              13.0846156078463
            ]
          ]
        ]
      }
    },
    {
      "type": "Feature",
      "properties": {
        "building_id": "B012",
        "parcel_id": "P000012",
        "demo_ulpin": "DEMO-TN-CHN-000012",
        "height": 12.8,
        "floors": 4,
        "is_primary": false,
        "is_mapped": true,
        "data_status": "REAL FOOTPRINT / SYNTHETIC HEIGHT",
        "source": "Google Open Buildings"
      },
      "geometry": {
        "type": "Polygon",
        "coordinates": [
          [
            [
              80.2048797734573,
              13.0853780766433
            ],
            [
              80.2048861118539,
              13.0855505851612
            ],
            [
              80.2047490192658,
              13.0855554253593
            ],
            [
              80.2047426809647,
              13.0853829168438
            ],
            [
              80.2048797734573,
              13.0853780766433
            ]
          ]
        ]
      }
    },
    {
      "type": "Feature",
      "properties": {
        "building_id": "B013",
        "parcel_id": "P000013",
        "demo_ulpin": "DEMO-TN-CHN-000013",
        "height": 6.4,
        "floors": 2,
        "is_primary": false,
        "is_mapped": true,
        "data_status": "REAL FOOTPRINT / SYNTHETIC HEIGHT",
        "source": "Google Open Buildings"
      },
      "geometry": {
        "type": "Polygon",
        "coordinates": [
          [
            [
              80.2045929830661,
              13.0847714498452
            ],
            [
              80.2045491830667,
              13.0847697498466
            ],
            [
              80.2045458830696,
              13.0848529498467
            ],
            [
              80.2044170830713,
              13.0848479498509
            ],
            [
              80.2044240830652,
              13.0846729498507
            ],
            [
              80.2045966830629,
              13.0846796498451
            ],
            [
              80.2045929830661,
              13.0847714498452
            ]
          ]
        ]
      }
    },
    {
      "type": "Feature",
      "properties": {
        "building_id": "B014",
        "parcel_id": "P000014",
        "demo_ulpin": "DEMO-TN-CHN-000014",
        "height": 6.4,
        "floors": 2,
        "is_primary": false,
        "is_mapped": true,
        "data_status": "REAL FOOTPRINT / SYNTHETIC HEIGHT",
        "source": "Google Open Buildings"
      },
      "geometry": {
        "type": "Polygon",
        "coordinates": [
          [
            [
              80.2049345830432,
              13.084364149825
            ],
            [
              80.2049303830459,
              13.0844402498252
            ],
            [
              80.2048947830463,
              13.0844383498263
            ],
            [
              80.204892283048,
              13.0844848498264
            ],
            [
              80.2048337830487,
              13.0844817498283
            ],
            [
              80.2048362830471,
              13.0844353498283
            ],
            [
              80.2048049830475,
              13.0844336498293
            ],
            [
              80.2048091830448,
              13.0843575498291
            ],
            [
              80.2049345830432,
              13.084364149825
            ]
          ]
        ]
      }
    },
    {
      "type": "Feature",
      "properties": {
        "building_id": "B015",
        "parcel_id": "P000015",
        "demo_ulpin": "DEMO-TN-CHN-000015",
        "height": 12.8,
        "floors": 4,
        "is_primary": false,
        "is_mapped": true,
        "data_status": "REAL FOOTPRINT / SYNTHETIC HEIGHT",
        "source": "Google Open Buildings"
      },
      "geometry": {
        "type": "Polygon",
        "coordinates": [
          [
            [
              80.2053686713347,
              13.0854066488292
            ],
            [
              80.205369900125,
              13.0854262628483
            ],
            [
              80.2054167742834,
              13.085423441028
            ],
            [
              80.2054243736735,
              13.0855447425092
            ],
            [
              80.2053425517473,
              13.0855496681755
            ],
            [
              80.2053337236098,
              13.0854087526738
            ],
            [
              80.2053686713347,
              13.0854066488292
            ]
          ]
        ]
      }
    },
    {
      "type": "Feature",
      "properties": {
        "building_id": "B016",
        "parcel_id": "P000016",
        "demo_ulpin": "DEMO-TN-CHN-000016",
        "height": 9.600000000000001,
        "floors": 3,
        "is_primary": false,
        "is_mapped": true,
        "data_status": "REAL FOOTPRINT / SYNTHETIC HEIGHT",
        "source": "Google Open Buildings"
      },
      "geometry": {
        "type": "Polygon",
        "coordinates": [
          [
            [
              80.2052858830433,
              13.0845134498135
            ],
            [
              80.2051999830444,
              13.0845098498163
            ],
            [
              80.2052075830382,
              13.0843322498161
            ],
            [
              80.205293483037,
              13.0843357498133
            ],
            [
              80.2052858830433,
              13.0845134498135
            ]
          ]
        ]
      }
    },
    {
      "type": "Feature",
      "properties": {
        "building_id": "B017",
        "parcel_id": "P000017",
        "demo_ulpin": "DEMO-TN-CHN-000017",
        "height": 6.4,
        "floors": 2,
        "is_primary": false,
        "is_mapped": true,
        "data_status": "REAL FOOTPRINT / SYNTHETIC HEIGHT",
        "source": "Google Open Buildings"
      },
      "geometry": {
        "type": "Polygon",
        "coordinates": [
          [
            [
              80.204445920583,
              13.0849977885887
            ],
            [
              80.2042372913474,
              13.0850057289835
            ],
            [
              80.2042324792058,
              13.0848842330927
            ],
            [
              80.2044411083389,
              13.084876292695
            ],
            [
              80.204445920583,
              13.0849977885887
            ]
          ]
        ]
      }
    },
    {
      "type": "Feature",
      "properties": {
        "building_id": "B018",
        "parcel_id": "P000018",
        "demo_ulpin": "DEMO-TN-CHN-000018",
        "height": 6.4,
        "floors": 2,
        "is_primary": false,
        "is_mapped": true,
        "data_status": "REAL FOOTPRINT / SYNTHETIC HEIGHT",
        "source": "Google Open Buildings"
      },
      "geometry": {
        "type": "Polygon",
        "coordinates": [
          [
            [
              80.2050926758604,
              13.0856013303965
            ],
            [
              80.205099875997,
              13.0857379632335
            ],
            [
              80.2049586246767,
              13.0857451157481
            ],
            [
              80.2049514246184,
              13.0856084829118
            ],
            [
              80.2050926758604,
              13.0856013303965
            ]
          ]
        ]
      }
    },
    {
      "type": "Feature",
      "properties": {
        "building_id": "B019",
        "parcel_id": "P000019",
        "demo_ulpin": "DEMO-TN-CHN-000019",
        "height": 16.0,
        "floors": 5,
        "is_primary": false,
        "is_mapped": true,
        "data_status": "REAL FOOTPRINT / SYNTHETIC HEIGHT",
        "source": "Google Open Buildings"
      },
      "geometry": {
        "type": "Polygon",
        "coordinates": [
          [
            [
              80.2052076996082,
              13.085596692726
            ],
            [
              80.2052141757921,
              13.0857272699241
            ],
            [
              80.2051222482794,
              13.0857316509789
            ],
            [
              80.2051157721441,
              13.0856010737813
            ],
            [
              80.2052076996082,
              13.085596692726
            ]
          ]
        ]
      }
    },
    {
      "type": "Feature",
      "properties": {
        "building_id": "B020",
        "parcel_id": "P000020",
        "demo_ulpin": "DEMO-TN-CHN-000020",
        "height": 12.8,
        "floors": 4,
        "is_primary": false,
        "is_mapped": true,
        "data_status": "REAL FOOTPRINT / SYNTHETIC HEIGHT",
        "source": "Google Open Buildings"
      },
      "geometry": {
        "type": "Polygon",
        "coordinates": [
          [
            [
              80.2049514246185,
              13.085608482912
            ],
            [
              80.2049586246768,
              13.0857451157484
            ],
            [
              80.2048610236579,
              13.085750057906
            ],
            [
              80.2048538236535,
              13.0856134250701
            ],
            [
              80.2049514246185,
              13.085608482912
            ]
          ]
        ]
      }
    },
    {
      "type": "Feature",
      "properties": {
        "building_id": "B021",
        "parcel_id": "P000021",
        "demo_ulpin": "DEMO-TN-CHN-000021",
        "height": 9.600000000000001,
        "floors": 3,
        "is_primary": false,
        "is_mapped": true,
        "data_status": "REAL FOOTPRINT / SYNTHETIC HEIGHT",
        "source": "Google Open Buildings"
      },
      "geometry": {
        "type": "Polygon",
        "coordinates": [
          [
            [
              80.2055282110104,
              13.0854484702822
            ],
            [
              80.2055274824721,
              13.0855627912479
            ],
            [
              80.2054811868152,
              13.0855625077448
            ],
            [
              80.205481306748,
              13.0855436886949
            ],
            [
              80.2054253461883,
              13.0855433459956
            ],
            [
              80.2054259548367,
              13.0854478440825
            ],
            [
              80.2055282110104,
              13.0854484702822
            ]
          ]
        ]
      }
    },
    {
      "type": "Feature",
      "properties": {
        "building_id": "B022",
        "parcel_id": "P000022",
        "demo_ulpin": "DEMO-TN-CHN-000022",
        "height": 6.4,
        "floors": 2,
        "is_primary": false,
        "is_mapped": true,
        "data_status": "REAL FOOTPRINT / SYNTHETIC HEIGHT",
        "source": "Google Open Buildings"
      },
      "geometry": {
        "type": "Polygon",
        "coordinates": [
          [
            [
              80.205349683036,
              13.0843318498112
            ],
            [
              80.2054581830346,
              13.0843370498077
            ],
            [
              80.2054495830407,
              13.084509749808
            ],
            [
              80.2053411830421,
              13.0845045498115
            ],
            [
              80.205349683036,
              13.0843318498112
            ]
          ]
        ]
      }
    },
    {
      "type": "Feature",
      "properties": {
        "building_id": "B023",
        "parcel_id": "P000023",
        "demo_ulpin": "DEMO-TN-CHN-000023",
        "height": 9.600000000000001,
        "floors": 3,
        "is_primary": false,
        "is_mapped": true,
        "data_status": "REAL FOOTPRINT / SYNTHETIC HEIGHT",
        "source": "Google Open Buildings"
      },
      "geometry": {
        "type": "Polygon",
        "coordinates": [
          [
            [
              80.2043884296392,
              13.084680590027
            ],
            [
              80.2043859780289,
              13.0848543446856
            ],
            [
              80.2042683291444,
              13.0848527495519
            ],
            [
              80.2042707808369,
              13.0846789948993
            ],
            [
              80.2043884296392,
              13.084680590027
            ]
          ]
        ]
      }
    },
    {
      "type": "Feature",
      "properties": {
        "building_id": "B024",
        "parcel_id": "P000024",
        "demo_ulpin": "DEMO-TN-CHN-000024",
        "height": 6.4,
        "floors": 2,
        "is_primary": false,
        "is_mapped": true,
        "data_status": "REAL FOOTPRINT / SYNTHETIC HEIGHT",
        "source": "Google Open Buildings"
      },
      "geometry": {
        "type": "Polygon",
        "coordinates": [
          [
            [
              80.2047920702713,
              13.085616552018
            ],
            [
              80.2047992702416,
              13.0857531848535
            ],
            [
              80.2046875803948,
              13.0857588403451
            ],
            [
              80.204684931684,
              13.0857085757043
            ],
            [
              80.2046816575752,
              13.0857087414903
            ],
            [
              80.2046771063787,
              13.085622373296
            ],
            [
              80.2047920702713,
              13.085616552018
            ]
          ]
        ]
      }
    },
    {
      "type": "Feature",
      "properties": {
        "building_id": "B025",
        "parcel_id": "P000025",
        "demo_ulpin": "DEMO-TN-CHN-000025",
        "height": 6.4,
        "floors": 2,
        "is_primary": false,
        "is_mapped": true,
        "data_status": "REAL FOOTPRINT / SYNTHETIC HEIGHT",
        "source": "Google Open Buildings"
      },
      "geometry": {
        "type": "Polygon",
        "coordinates": [
          [
            [
              80.2053640718056,
              13.0857331349017
            ],
            [
              80.2052549921975,
              13.0857421145637
            ],
            [
              80.2052433840977,
              13.0856066178215
            ],
            [
              80.205352463646,
              13.085597638161
            ],
            [
              80.2053640718056,
              13.0857331349017
            ]
          ]
        ]
      }
    },
    {
      "type": "Feature",
      "properties": {
        "building_id": "B026",
        "parcel_id": "P000026",
        "demo_ulpin": "DEMO-TN-CHN-000026",
        "height": 12.8,
        "floors": 4,
        "is_primary": false,
        "is_mapped": true,
        "data_status": "REAL FOOTPRINT / SYNTHETIC HEIGHT",
        "source": "Google Open Buildings"
      },
      "geometry": {
        "type": "Polygon",
        "coordinates": [
          [
            [
              80.2058540830541,
              13.084925049806
            ],
            [
              80.205606583058,
              13.0849337498141
            ],
            [
              80.2056028830545,
              13.0848324498142
            ],
            [
              80.2058502830507,
              13.0848236498061
            ],
            [
              80.2058540830541,
              13.084925049806
            ]
          ]
        ]
      }
    },
    {
      "type": "Feature",
      "properties": {
        "building_id": "B027",
        "parcel_id": "P000027",
        "demo_ulpin": "DEMO-TN-CHN-000027",
        "height": 6.4,
        "floors": 2,
        "is_primary": false,
        "is_mapped": true,
        "data_status": "REAL FOOTPRINT / SYNTHETIC HEIGHT",
        "source": "Google Open Buildings"
      },
      "geometry": {
        "type": "Polygon",
        "coordinates": [
          [
            [
              80.2057656082565,
              13.0853349463139
            ],
            [
              80.2055986105612,
              13.0853415994003
            ],
            [
              80.2055961280649,
              13.085281721882
            ],
            [
              80.2057631257214,
              13.0852750687947
            ],
            [
              80.2057656082565,
              13.0853349463139
            ]
          ]
        ]
      }
    },
    {
      "type": "Feature",
      "properties": {
        "building_id": "B028",
        "parcel_id": "P000028",
        "demo_ulpin": "DEMO-TN-CHN-000028",
        "height": 12.8,
        "floors": 4,
        "is_primary": false,
        "is_mapped": true,
        "data_status": "REAL FOOTPRINT / SYNTHETIC HEIGHT",
        "source": "Google Open Buildings"
      },
      "geometry": {
        "type": "Polygon",
        "coordinates": [
          [
            [
              80.204555308995,
              13.0845295092695
            ],
            [
              80.2044302530297,
              13.0845363340845
            ],
            [
              80.2044210310592,
              13.0843739563454
            ],
            [
              80.2045460869425,
              13.0843671315301
            ],
            [
              80.204555308995,
              13.0845295092695
            ]
          ]
        ]
      }
    },
    {
      "type": "Feature",
      "properties": {
        "building_id": "B029",
        "parcel_id": "P000029",
        "demo_ulpin": "DEMO-TN-CHN-000029",
        "height": 6.4,
        "floors": 2,
        "is_primary": false,
        "is_mapped": true,
        "data_status": "REAL FOOTPRINT / SYNTHETIC HEIGHT",
        "source": "Google Open Buildings"
      },
      "geometry": {
        "type": "Polygon",
        "coordinates": [
          [
            [
              80.2045784831071,
              13.0856547498692
            ],
            [
              80.2046847831055,
              13.0856510498658
            ],
            [
              80.2046882831087,
              13.0857454498657
            ],
            [
              80.2045819831103,
              13.0857491498691
            ],
            [
              80.2045784831071,
              13.0856547498692
            ]
          ]
        ]
      }
    },
    {
      "type": "Feature",
      "properties": {
        "building_id": "B030",
        "parcel_id": "P000030",
        "demo_ulpin": "DEMO-TN-CHN-000030",
        "height": 9.600000000000001,
        "floors": 3,
        "is_primary": false,
        "is_mapped": true,
        "data_status": "REAL FOOTPRINT / SYNTHETIC HEIGHT",
        "source": "Google Open Buildings"
      },
      "geometry": {
        "type": "Polygon",
        "coordinates": [
          [
            [
              80.2057851948395,
              13.0846014876354
            ],
            [
              80.2057918535478,
              13.0848063980986
            ],
            [
              80.2057259802133,
              13.0848084550309
            ],
            [
              80.2057239157337,
              13.0847449236543
            ],
            [
              80.2056661696191,
              13.0847467267962
            ],
            [
              80.205661575478,
              13.0846053477117
            ],
            [
              80.2057851948395,
              13.0846014876354
            ]
          ]
        ]
      }
    },
    {
      "type": "Feature",
      "properties": {
        "building_id": "B031",
        "parcel_id": "P000031",
        "demo_ulpin": "DEMO-TN-CHN-000031",
        "height": 9.600000000000001,
        "floors": 3,
        "is_primary": false,
        "is_mapped": false,
        "data_status": "REAL FOOTPRINT / SYNTHETIC HEIGHT",
        "source": "Google Open Buildings"
      },
      "geometry": {
        "type": "Polygon",
        "coordinates": [
          [
            [
              80.2051925830289,
              13.084128049811
            ],
            [
              80.2051971830333,
              13.0842593498109
            ],
            [
              80.2051064830348,
              13.0842623498138
            ],
            [
              80.2051023830308,
              13.084144849814
            ],
            [
              80.20515338303,
              13.0841431498123
            ],
            [
              80.2051529830295,
              13.0841293498123
            ],
            [
              80.2051925830289,
              13.084128049811
            ]
          ]
        ]
      }
    },
    {
      "type": "Feature",
      "properties": {
        "building_id": "B032",
        "parcel_id": "P000032",
        "demo_ulpin": "DEMO-TN-CHN-000032",
        "height": 9.600000000000001,
        "floors": 3,
        "is_primary": false,
        "is_mapped": false,
        "data_status": "REAL FOOTPRINT / SYNTHETIC HEIGHT",
        "source": "Google Open Buildings"
      },
      "geometry": {
        "type": "Polygon",
        "coordinates": [
          [
            [
              80.2048120118945,
              13.0841513652433
            ],
            [
              80.204815240512,
              13.0842959452575
            ],
            [
              80.204609076778,
              13.0843003691072
            ],
            [
              80.2046058482816,
              13.0841557890973
            ],
            [
              80.2048120118945,
              13.0841513652433
            ]
          ]
        ]
      }
    },
    {
      "type": "Feature",
      "properties": {
        "building_id": "B033",
        "parcel_id": "P000033",
        "demo_ulpin": "DEMO-TN-CHN-000033",
        "height": 6.4,
        "floors": 2,
        "is_primary": false,
        "is_mapped": false,
        "data_status": "REAL FOOTPRINT / SYNTHETIC HEIGHT",
        "source": "Google Open Buildings"
      },
      "geometry": {
        "type": "Polygon",
        "coordinates": [
          [
            [
              80.2052648830279,
              13.0841256498089
            ],
            [
              80.2052653830283,
              13.0841393498089
            ],
            [
              80.2053187830275,
              13.0841376498071
            ],
            [
              80.205324383033,
              13.0842992498069
            ],
            [
              80.2052292830345,
              13.08430234981
            ],
            [
              80.205227783033,
              13.0842583498101
            ],
            [
              80.2051971830334,
              13.0842593498111
            ],
            [
              80.205192583029,
              13.0841280498112
            ],
            [
              80.2052648830279,
              13.0841256498089
            ]
          ]
        ]
      }
    },
    {
      "type": "Feature",
      "properties": {
        "building_id": "B034",
        "parcel_id": "P000034",
        "demo_ulpin": "DEMO-TN-CHN-000034",
        "height": 16.0,
        "floors": 5,
        "is_primary": false,
        "is_mapped": false,
        "data_status": "REAL FOOTPRINT / SYNTHETIC HEIGHT",
        "source": "Google Open Buildings"
      },
      "geometry": {
        "type": "Polygon",
        "coordinates": [
          [
            [
              80.2057939965313,
              13.0855275753915
            ],
            [
              80.2056866686102,
              13.0855340366621
            ],
            [
              80.2056787517487,
              13.0854076698479
            ],
            [
              80.2056090380558,
              13.0854118666745
            ],
            [
              80.2056051756459,
              13.0853502156217
            ],
            [
              80.2057822171617,
              13.0853395575247
            ],
            [
              80.2057939965313,
              13.0855275753915
            ]
          ]
        ]
      }
    },
    {
      "type": "Feature",
      "properties": {
        "building_id": "B035",
        "parcel_id": "P000035",
        "demo_ulpin": "DEMO-TN-CHN-000035",
        "height": 16.0,
        "floors": 5,
        "is_primary": false,
        "is_mapped": false,
        "data_status": "REAL FOOTPRINT / SYNTHETIC HEIGHT",
        "source": "Google Open Buildings"
      },
      "geometry": {
        "type": "Polygon",
        "coordinates": [
          [
            [
              80.2045490473553,
              13.08561238256
            ],
            [
              80.2045537649204,
              13.0857410631608
            ],
            [
              80.2044668147161,
              13.0857441262261
            ],
            [
              80.2044620971978,
              13.0856154456261
            ],
            [
              80.2045490473553,
              13.08561238256
            ]
          ]
        ]
      }
    },
    {
      "type": "Feature",
      "properties": {
        "building_id": "B036",
        "parcel_id": "P000036",
        "demo_ulpin": "DEMO-TN-CHN-000036",
        "height": 12.8,
        "floors": 4,
        "is_primary": false,
        "is_mapped": false,
        "data_status": "REAL FOOTPRINT / SYNTHETIC HEIGHT",
        "source": "Google Open Buildings"
      },
      "geometry": {
        "type": "Polygon",
        "coordinates": [
          [
            [
              80.2044282830938,
              13.0845016480435
            ],
            [
              80.2042895993517,
              13.0845092165115
            ],
            [
              80.2042823473887,
              13.0843815248135
            ],
            [
              80.2044210310592,
              13.0843739563453
            ],
            [
              80.2044282830938,
              13.0845016480435
            ]
          ]
        ]
      }
    },
    {
      "type": "Feature",
      "properties": {
        "building_id": "B037",
        "parcel_id": "P000037",
        "demo_ulpin": "DEMO-TN-CHN-000037",
        "height": 6.4,
        "floors": 2,
        "is_primary": false,
        "is_mapped": false,
        "data_status": "REAL FOOTPRINT / SYNTHETIC HEIGHT",
        "source": "Google Open Buildings"
      },
      "geometry": {
        "type": "Polygon",
        "coordinates": [
          [
            [
              80.2043312841131,
              13.0853883391674
            ],
            [
              80.2043390085046,
              13.0855913960331
            ],
            [
              80.2042488816123,
              13.085594690479
            ],
            [
              80.2042411572949,
              13.0853916336149
            ],
            [
              80.2043312841131,
              13.0853883391674
            ]
          ]
        ]
      }
    },
    {
      "type": "Feature",
      "properties": {
        "building_id": "B038",
        "parcel_id": "P000038",
        "demo_ulpin": "DEMO-TN-CHN-000038",
        "height": 16.0,
        "floors": 5,
        "is_primary": false,
        "is_mapped": false,
        "data_status": "REAL FOOTPRINT / SYNTHETIC HEIGHT",
        "source": "Google Open Buildings"
      },
      "geometry": {
        "type": "Polygon",
        "coordinates": [
          [
            [
              80.205439483031,
              13.084292449803
            ],
            [
              80.2053557830323,
              13.0842961498057
            ],
            [
              80.2053479830265,
              13.084124049806
            ],
            [
              80.2054315830252,
              13.0841204498032
            ],
            [
              80.205439483031,
              13.084292449803
            ]
          ]
        ]
      }
    },
    {
      "type": "Feature",
      "properties": {
        "building_id": "B039",
        "parcel_id": "P000039",
        "demo_ulpin": "DEMO-TN-CHN-000039",
        "height": 9.600000000000001,
        "floors": 3,
        "is_primary": false,
        "is_mapped": false,
        "data_status": "REAL FOOTPRINT / SYNTHETIC HEIGHT",
        "source": "Google Open Buildings"
      },
      "geometry": {
        "type": "Polygon",
        "coordinates": [
          [
            [
              80.2057574223489,
              13.0845033856965
            ],
            [
              80.2056232132153,
              13.0845111163107
            ],
            [
              80.2056129980816,
              13.0843407037923
            ],
            [
              80.205747207121,
              13.0843329731783
            ],
            [
              80.2057574223489,
              13.0845033856965
            ]
          ]
        ]
      }
    },
    {
      "type": "Feature",
      "properties": {
        "building_id": "B040",
        "parcel_id": "P000040",
        "demo_ulpin": "DEMO-TN-CHN-000040",
        "height": 6.4,
        "floors": 2,
        "is_primary": false,
        "is_mapped": false,
        "data_status": "REAL FOOTPRINT / SYNTHETIC HEIGHT",
        "source": "Google Open Buildings"
      },
      "geometry": {
        "type": "Polygon",
        "coordinates": [
          [
            [
              80.2059260142009,
              13.0846073198404
            ],
            [
              80.205920949876,
              13.0848018839572
            ],
            [
              80.2058070835444,
              13.0847990359251
            ],
            [
              80.2058091271385,
              13.0847205254173
            ],
            [
              80.2058317104558,
              13.0847210902765
            ],
            [
              80.2058325404169,
              13.0846892048078
            ],
            [
              80.2058099571025,
              13.0846886399492
            ],
            [
              80.2058121479579,
              13.0846044718154
            ],
            [
              80.2059260142009,
              13.0846073198404
            ]
          ]
        ]
      }
    },
    {
      "type": "Feature",
      "properties": {
        "building_id": "B041",
        "parcel_id": "P000041",
        "demo_ulpin": "DEMO-TN-CHN-000041",
        "height": 9.600000000000001,
        "floors": 3,
        "is_primary": false,
        "is_mapped": false,
        "data_status": "REAL FOOTPRINT / SYNTHETIC HEIGHT",
        "source": "Google Open Buildings"
      },
      "geometry": {
        "type": "Polygon",
        "coordinates": [
          [
            [
              80.2041920830823,
              13.0850074498635
            ],
            [
              80.203956183086,
              13.0850164498712
            ],
            [
              80.2039513830819,
              13.0848949498714
            ],
            [
              80.2041872830782,
              13.0848859498637
            ],
            [
              80.2041920830823,
              13.0850074498635
            ]
          ]
        ]
      }
    },
    {
      "type": "Feature",
      "properties": {
        "building_id": "B042",
        "parcel_id": "P000042",
        "demo_ulpin": "DEMO-TN-CHN-000042",
        "height": 6.4,
        "floors": 2,
        "is_primary": false,
        "is_mapped": false,
        "data_status": "REAL FOOTPRINT / SYNTHETIC HEIGHT",
        "source": "Google Open Buildings"
      },
      "geometry": {
        "type": "Polygon",
        "coordinates": [
          [
            [
              80.2044249830417,
              13.0841559498378
            ],
            [
              80.2044176830479,
              13.0843322498381
            ],
            [
              80.2043151830492,
              13.0843281498414
            ],
            [
              80.204322483043,
              13.0841518498412
            ],
            [
              80.2044249830417,
              13.0841559498378
            ]
          ]
        ]
      }
    },
    {
      "type": "Feature",
      "properties": {
        "building_id": "B043",
        "parcel_id": "P000043",
        "demo_ulpin": "DEMO-TN-CHN-000043",
        "height": 16.0,
        "floors": 5,
        "is_primary": false,
        "is_mapped": false,
        "data_status": "REAL FOOTPRINT / SYNTHETIC HEIGHT",
        "source": "Google Open Buildings"
      },
      "geometry": {
        "type": "Polygon",
        "coordinates": [
          [
            [
              80.2046756721325,
              13.0858537297921
            ],
            [
              80.2046804295204,
              13.0859587523312
            ],
            [
              80.2045552818613,
              13.0859641997215
            ],
            [
              80.2045505245267,
              13.085859177183
            ],
            [
              80.2046756721325,
              13.0858537297921
            ]
          ]
        ]
      }
    },
    {
      "type": "Feature",
      "properties": {
        "building_id": "B044",
        "parcel_id": "P000044",
        "demo_ulpin": "DEMO-TN-CHN-000044",
        "height": 12.8,
        "floors": 4,
        "is_primary": false,
        "is_mapped": false,
        "data_status": "REAL FOOTPRINT / SYNTHETIC HEIGHT",
        "source": "Google Open Buildings"
      },
      "geometry": {
        "type": "Polygon",
        "coordinates": [
          [
            [
              80.2061059307783,
              13.0848135213931
            ],
            [
              80.2061101246575,
              13.084932603984
            ],
            [
              80.2058535559468,
              13.0849412865993
            ],
            [
              80.2058493621913,
              13.0848222040136
            ],
            [
              80.2061059307783,
              13.0848135213931
            ]
          ]
        ]
      }
    },
    {
      "type": "Feature",
      "properties": {
        "building_id": "B045",
        "parcel_id": "P000045",
        "demo_ulpin": "DEMO-TN-CHN-000045",
        "height": 6.4,
        "floors": 2,
        "is_primary": false,
        "is_mapped": false,
        "data_status": "REAL FOOTPRINT / SYNTHETIC HEIGHT",
        "source": "Google Open Buildings"
      },
      "geometry": {
        "type": "Polygon",
        "coordinates": [
          [
            [
              80.2041983669463,
              13.0845489888951
            ],
            [
              80.2041005361938,
              13.0845543277876
            ],
            [
              80.2040971802323,
              13.0844952356349
            ],
            [
              80.2040671517592,
              13.0844968743642
            ],
            [
              80.2040645057279,
              13.0844502826308
            ],
            [
              80.2041923649063,
              13.084443305009
            ],
            [
              80.2041983669463,
              13.0845489888951
            ]
          ]
        ]
      }
    },
    {
      "type": "Feature",
      "properties": {
        "building_id": "B046",
        "parcel_id": "P000046",
        "demo_ulpin": "DEMO-TN-CHN-000046",
        "height": 6.4,
        "floors": 2,
        "is_primary": false,
        "is_mapped": false,
        "data_status": "REAL FOOTPRINT / SYNTHETIC HEIGHT",
        "source": "Google Open Buildings"
      },
      "geometry": {
        "type": "Polygon",
        "coordinates": [
          [
            [
              80.2042855830554,
              13.0844382498469
            ],
            [
              80.2040945830585,
              13.0844486498531
            ],
            [
              80.2040912830566,
              13.0843919498532
            ],
            [
              80.2042823830535,
              13.084381549847
            ],
            [
              80.2042855830554,
              13.0844382498469
            ]
          ]
        ]
      }
    },
    {
      "type": "Feature",
      "properties": {
        "building_id": "B047",
        "parcel_id": "P000047",
        "demo_ulpin": "DEMO-TN-CHN-000047",
        "height": 9.600000000000001,
        "floors": 3,
        "is_primary": false,
        "is_mapped": false,
        "data_status": "REAL FOOTPRINT / SYNTHETIC HEIGHT",
        "source": "Google Open Buildings"
      },
      "geometry": {
        "type": "Polygon",
        "coordinates": [
          [
            [
              80.2042060407956,
              13.0853929172365
            ],
            [
              80.2042069524641,
              13.0854168832511
            ],
            [
              80.2041847921246,
              13.0854176932808
            ],
            [
              80.2041916047292,
              13.0855967841286
            ],
            [
              80.2040665619898,
              13.0856013547877
            ],
            [
              80.2040619489279,
              13.0854800842728
            ],
            [
              80.2040811938251,
              13.0854793808221
            ],
            [
              80.2040780827129,
              13.085397594476
            ],
            [
              80.2042060407956,
              13.0853929172365
            ]
          ]
        ]
      }
    },
    {
      "type": "Feature",
      "properties": {
        "building_id": "B048",
        "parcel_id": "P000048",
        "demo_ulpin": "DEMO-TN-CHN-000048",
        "height": 16.0,
        "floors": 5,
        "is_primary": false,
        "is_mapped": false,
        "data_status": "REAL FOOTPRINT / SYNTHETIC HEIGHT",
        "source": "Google Open Buildings"
      },
      "geometry": {
        "type": "Polygon",
        "coordinates": [
          [
            [
              80.2056129489136,
              13.0859292492189
            ],
            [
              80.2054156291106,
              13.0859314385899
            ],
            [
              80.2054143038219,
              13.0858166605321
            ],
            [
              80.2056116235334,
              13.0858144711623
            ],
            [
              80.2056129489136,
              13.0859292492189
            ]
          ]
        ]
      }
    },
    {
      "type": "Feature",
      "properties": {
        "building_id": "B049",
        "parcel_id": "P000049",
        "demo_ulpin": "DEMO-TN-CHN-000049",
        "height": 12.8,
        "floors": 4,
        "is_primary": false,
        "is_mapped": false,
        "data_status": "REAL FOOTPRINT / SYNTHETIC HEIGHT",
        "source": "Google Open Buildings"
      },
      "geometry": {
        "type": "Polygon",
        "coordinates": [
          [
            [
              80.2058324747018,
              13.0842975733871
            ],
            [
              80.2055602321132,
              13.0843024398391
            ],
            [
              80.2055580706653,
              13.0841862444037
            ],
            [
              80.2058303131262,
              13.0841813779456
            ],
            [
              80.2058324747018,
              13.0842975733871
            ]
          ]
        ]
      }
    },
    {
      "type": "Feature",
      "properties": {
        "building_id": "B050",
        "parcel_id": "P000050",
        "demo_ulpin": "DEMO-TN-CHN-000050",
        "height": 6.4,
        "floors": 2,
        "is_primary": false,
        "is_mapped": false,
        "data_status": "REAL FOOTPRINT / SYNTHETIC HEIGHT",
        "source": "Google Open Buildings"
      },
      "geometry": {
        "type": "Polygon",
        "coordinates": [
          [
            [
              80.2051074291318,
              13.0840094886862
            ],
            [
              80.2050275407209,
              13.0840154332254
            ],
            [
              80.2050260843639,
              13.0839966260527
            ],
            [
              80.2050036904889,
              13.0839982923881
            ],
            [
              80.2050051468447,
              13.0840170995612
            ],
            [
              80.2049821981722,
              13.0840188071774
            ],
            [
              80.2049767040528,
              13.0839478567901
            ],
            [
              80.2049988476041,
              13.083946209083
            ],
            [
              80.2049968307938,
              13.0839201642658
            ],
            [
              80.2050999181554,
              13.0839124934836
            ],
            [
              80.2051074291318,
              13.0840094886862
            ]
          ]
        ]
      }
    },
    {
      "type": "Feature",
      "properties": {
        "building_id": "B051",
        "parcel_id": "P000051",
        "demo_ulpin": "DEMO-TN-CHN-000051",
        "height": 9.600000000000001,
        "floors": 3,
        "is_primary": false,
        "is_mapped": false,
        "data_status": "REAL FOOTPRINT / SYNTHETIC HEIGHT",
        "source": "Google Open Buildings"
      },
      "geometry": {
        "type": "Polygon",
        "coordinates": [
          [
            [
              80.203930898705,
              13.0846800286765
            ],
            [
              80.2039314134575,
              13.0846930254331
            ],
            [
              80.2040618938985,
              13.0846880595271
            ],
            [
              80.2040686401732,
              13.0848583908753
            ],
            [
              80.2038859163087,
              13.084865345068
            ],
            [
              80.2038786554098,
              13.0846820169658
            ],
            [
              80.203930898705,
              13.0846800286765
            ]
          ]
        ]
      }
    },
    {
      "type": "Feature",
      "properties": {
        "building_id": "B052",
        "parcel_id": "P000052",
        "demo_ulpin": "DEMO-TN-CHN-000052",
        "height": 6.4,
        "floors": 2,
        "is_primary": false,
        "is_mapped": false,
        "data_status": "REAL FOOTPRINT / SYNTHETIC HEIGHT",
        "source": "Google Open Buildings"
      },
      "geometry": {
        "type": "Polygon",
        "coordinates": [
          [
            [
              80.2052540985918,
              13.0859635068162
            ],
            [
              80.2052633543969,
              13.0860897413482
            ],
            [
              80.2051787296884,
              13.0860957036503
            ],
            [
              80.2051694739257,
              13.0859694691178
            ],
            [
              80.2052540985918,
              13.0859635068162
            ]
          ]
        ]
      }
    },
    {
      "type": "Feature",
      "properties": {
        "building_id": "B053",
        "parcel_id": "P000053",
        "demo_ulpin": "DEMO-TN-CHN-000053",
        "height": 16.0,
        "floors": 5,
        "is_primary": false,
        "is_mapped": false,
        "data_status": "REAL FOOTPRINT / SYNTHETIC HEIGHT",
        "source": "Google Open Buildings"
      },
      "geometry": {
        "type": "Polygon",
        "coordinates": [
          [
            [
              80.2042671462822,
              13.0856337821084
            ],
            [
              80.2042848262273,
              13.0857739622265
            ],
            [
              80.2041711512928,
              13.0857877388042
            ],
            [
              80.2041534714108,
              13.0856475586826
            ],
            [
              80.2042671462822,
              13.0856337821084
            ]
          ]
        ]
      }
    },
    {
      "type": "Feature",
      "properties": {
        "building_id": "B054",
        "parcel_id": "P000054",
        "demo_ulpin": "DEMO-TN-CHN-000054",
        "height": 16.0,
        "floors": 5,
        "is_primary": false,
        "is_mapped": false,
        "data_status": "REAL FOOTPRINT / SYNTHETIC HEIGHT",
        "source": "Google Open Buildings"
      },
      "geometry": {
        "type": "Polygon",
        "coordinates": [
          [
            [
              80.206091441027,
              13.0847895091451
            ],
            [
              80.2059496448732,
              13.0847953811792
            ],
            [
              80.2059413708312,
              13.0846033893115
            ],
            [
              80.2060831668748,
              13.0845975172756
            ],
            [
              80.206091441027,
              13.0847895091451
            ]
          ]
        ]
      }
    },
    {
      "type": "Feature",
      "properties": {
        "building_id": "B055",
        "parcel_id": "P000055",
        "demo_ulpin": "DEMO-TN-CHN-000055",
        "height": 16.0,
        "floors": 5,
        "is_primary": false,
        "is_mapped": false,
        "data_status": "REAL FOOTPRINT / SYNTHETIC HEIGHT",
        "source": "Google Open Buildings"
      },
      "geometry": {
        "type": "Polygon",
        "coordinates": [
          [
            [
              80.2051134135186,
              13.0859734188861
            ],
            [
              80.2051178051159,
              13.0860333138026
            ],
            [
              80.2051458489814,
              13.0860313379584
            ],
            [
              80.2051486643468,
              13.0860697353209
            ],
            [
              80.2051206204767,
              13.0860717111651
            ],
            [
              80.2051253884884,
              13.0861367397855
            ],
            [
              80.2050084216619,
              13.0861449807044
            ],
            [
              80.2050057024418,
              13.086107894338
            ],
            [
              80.2050477456731,
              13.0861049321803
            ],
            [
              80.2050384899772,
              13.0859786976469
            ],
            [
              80.2051134135186,
              13.0859734188861
            ]
          ]
        ]
      }
    },
    {
      "type": "Feature",
      "properties": {
        "building_id": "B056",
        "parcel_id": "P000056",
        "demo_ulpin": "DEMO-TN-CHN-000056",
        "height": 12.8,
        "floors": 4,
        "is_primary": false,
        "is_mapped": false,
        "data_status": "REAL FOOTPRINT / SYNTHETIC HEIGHT",
        "source": "Google Open Buildings"
      },
      "geometry": {
        "type": "Polygon",
        "coordinates": [
          [
            [
              80.2060753056106,
              13.0854152951593
            ],
            [
              80.2060562485741,
              13.0854163693567
            ],
            [
              80.2060591993202,
              13.0854666716006
            ],
            [
              80.2059207492738,
              13.0854744756385
            ],
            [
              80.2059151639215,
              13.0853792595645
            ],
            [
              80.2059386853221,
              13.0853779337343
            ],
            [
              80.2059345492515,
              13.0853074243243
            ],
            [
              80.2060685348391,
              13.085299871919
            ],
            [
              80.2060753056106,
              13.0854152951593
            ]
          ]
        ]
      }
    },
    {
      "type": "Feature",
      "properties": {
        "building_id": "B057",
        "parcel_id": "P000057",
        "demo_ulpin": "DEMO-TN-CHN-000057",
        "height": 16.0,
        "floors": 5,
        "is_primary": false,
        "is_mapped": false,
        "data_status": "REAL FOOTPRINT / SYNTHETIC HEIGHT",
        "source": "Google Open Buildings"
      },
      "geometry": {
        "type": "Polygon",
        "coordinates": [
          [
            [
              80.204837583119,
              13.0859903498701
            ],
            [
              80.2048401831207,
              13.08603864987
            ],
            [
              80.20487908312,
              13.0860367498687
            ],
            [
              80.2048847831236,
              13.0861430498685
            ],
            [
              80.2047917831251,
              13.0861477498716
            ],
            [
              80.2047835831199,
              13.0859931498718
            ],
            [
              80.204837583119,
              13.0859903498701
            ]
          ]
        ]
      }
    },
    {
      "type": "Feature",
      "properties": {
        "building_id": "B058",
        "parcel_id": "P000058",
        "demo_ulpin": "DEMO-TN-CHN-000058",
        "height": 9.600000000000001,
        "floors": 3,
        "is_primary": false,
        "is_mapped": false,
        "data_status": "REAL FOOTPRINT / SYNTHETIC HEIGHT",
        "source": "Google Open Buildings"
      },
      "geometry": {
        "type": "Polygon",
        "coordinates": [
          [
            [
              80.2048474961743,
              13.0838961332887
            ],
            [
              80.2048509651134,
              13.0839588858033
            ],
            [
              80.2046861151131,
              13.083967642516
            ],
            [
              80.204682646216,
              13.0839048900015
            ],
            [
              80.2048474961743,
              13.0838961332887
            ]
          ]
        ]
      }
    },
    {
      "type": "Feature",
      "properties": {
        "building_id": "B059",
        "parcel_id": "P000059",
        "demo_ulpin": "DEMO-TN-CHN-000059",
        "height": 16.0,
        "floors": 5,
        "is_primary": false,
        "is_mapped": false,
        "data_status": "REAL FOOTPRINT / SYNTHETIC HEIGHT",
        "source": "Google Open Buildings"
      },
      "geometry": {
        "type": "Polygon",
        "coordinates": [
          [
            [
              80.2053811831114,
              13.0860044498516
            ],
            [
              80.2053896831151,
              13.0861160498513
            ],
            [
              80.2052940831167,
              13.0861230498544
            ],
            [
              80.205285483113,
              13.0860115498547
            ],
            [
              80.2053811831114,
              13.0860044498516
            ]
          ]
        ]
      }
    },
    {
      "type": "Feature",
      "properties": {
        "building_id": "B060",
        "parcel_id": "P000060",
        "demo_ulpin": "DEMO-TN-CHN-000060",
        "height": 9.600000000000001,
        "floors": 3,
        "is_primary": false,
        "is_mapped": false,
        "data_status": "REAL FOOTPRINT / SYNTHETIC HEIGHT",
        "source": "Google Open Buildings"
      },
      "geometry": {
        "type": "Polygon",
        "coordinates": [
          [
            [
              80.2040582686021,
              13.0845059380346
            ],
            [
              80.2039384332456,
              13.0845144229869
            ],
            [
              80.2039322526065,
              13.0844305431263
            ],
            [
              80.2040520879226,
              13.0844220581745
            ],
            [
              80.2040582686021,
              13.0845059380346
            ]
          ]
        ]
      }
    },
    {
      "type": "Feature",
      "properties": {
        "building_id": "B061",
        "parcel_id": "P000061",
        "demo_ulpin": "DEMO-TN-CHN-000061",
        "height": 12.8,
        "floors": 4,
        "is_primary": false,
        "is_mapped": false,
        "data_status": "REAL FOOTPRINT / SYNTHETIC HEIGHT",
        "source": "Google Open Buildings"
      },
      "geometry": {
        "type": "Polygon",
        "coordinates": [
          [
            [
              80.2055272062706,
              13.0859302006031
            ],
            [
              80.2055296256148,
              13.0861397229916
            ],
            [
              80.2054180483648,
              13.0861409609776
            ],
            [
              80.2054156291124,
              13.085931438594
            ],
            [
              80.2055272062706,
              13.0859302006031
            ]
          ]
        ]
      }
    },
    {
      "type": "Feature",
      "properties": {
        "building_id": "B062",
        "parcel_id": "P000062",
        "demo_ulpin": "DEMO-TN-CHN-000062",
        "height": 16.0,
        "floors": 5,
        "is_primary": false,
        "is_mapped": false,
        "data_status": "REAL FOOTPRINT / SYNTHETIC HEIGHT",
        "source": "Google Open Buildings"
      },
      "geometry": {
        "type": "Polygon",
        "coordinates": [
          [
            [
              80.203956149808,
              13.0850164289174
            ],
            [
              80.2037593852412,
              13.0850239173741
            ],
            [
              80.2037545733345,
              13.08490242149
            ],
            [
              80.2039513378054,
              13.0848949330307
            ],
            [
              80.203956149808,
              13.0850164289174
            ]
          ]
        ]
      }
    },
    {
      "type": "Feature",
      "properties": {
        "building_id": "B063",
        "parcel_id": "P000063",
        "demo_ulpin": "DEMO-TN-CHN-000063",
        "height": 16.0,
        "floors": 5,
        "is_primary": false,
        "is_mapped": false,
        "data_status": "REAL FOOTPRINT / SYNTHETIC HEIGHT",
        "source": "Google Open Buildings"
      },
      "geometry": {
        "type": "Polygon",
        "coordinates": [
          [
            [
              80.205768356867,
              13.0841314291387
            ],
            [
              80.2056179996059,
              13.0841382372116
            ],
            [
              80.2056126269174,
              13.0840242166113
            ],
            [
              80.2057629841092,
              13.0840174085376
            ],
            [
              80.205768356867,
              13.0841314291387
            ]
          ]
        ]
      }
    },
    {
      "type": "Feature",
      "properties": {
        "building_id": "B064",
        "parcel_id": "P000064",
        "demo_ulpin": "DEMO-TN-CHN-000064",
        "height": 16.0,
        "floors": 5,
        "is_primary": false,
        "is_mapped": false,
        "data_status": "REAL FOOTPRINT / SYNTHETIC HEIGHT",
        "source": "Google Open Buildings"
      },
      "geometry": {
        "type": "Polygon",
        "coordinates": [
          [
            [
              80.206030493325,
              13.0843159944029
            ],
            [
              80.2060413857232,
              13.0844862947752
            ],
            [
              80.205957847402,
              13.0844914290603
            ],
            [
              80.2059469550606,
              13.0843211286879
            ],
            [
              80.206030493325,
              13.0843159944029
            ]
          ]
        ]
      }
    },
    {
      "type": "Feature",
      "properties": {
        "building_id": "B065",
        "parcel_id": "P000065",
        "demo_ulpin": "DEMO-TN-CHN-000065",
        "height": 16.0,
        "floors": 5,
        "is_primary": false,
        "is_mapped": false,
        "data_status": "REAL FOOTPRINT / SYNTHETIC HEIGHT",
        "source": "Google Open Buildings"
      },
      "geometry": {
        "type": "Polygon",
        "coordinates": [
          [
            [
              80.2046403188069,
              13.0859908256925
            ],
            [
              80.2046399444786,
              13.086036758895
            ],
            [
              80.2045970783321,
              13.0860364232137
            ],
            [
              80.2045959315481,
              13.086177139682
            ],
            [
              80.2044906181388,
              13.0861763149477
            ],
            [
              80.2044921393381,
              13.0859896652823
            ],
            [
              80.2046403188069,
              13.0859908256925
            ]
          ]
        ]
      }
    },
    {
      "type": "Feature",
      "properties": {
        "building_id": "B066",
        "parcel_id": "P000066",
        "demo_ulpin": "DEMO-TN-CHN-000066",
        "height": 9.600000000000001,
        "floors": 3,
        "is_primary": false,
        "is_mapped": false,
        "data_status": "REAL FOOTPRINT / SYNTHETIC HEIGHT",
        "source": "Google Open Buildings"
      },
      "geometry": {
        "type": "Polygon",
        "coordinates": [
          [
            [
              80.2051972796951,
              13.0838897002808
            ],
            [
              80.2050940038878,
              13.0838963319052
            ],
            [
              80.2050868142636,
              13.0837887409512
            ],
            [
              80.2051900900259,
              13.0837821093271
            ],
            [
              80.2051972796951,
              13.0838897002808
            ]
          ]
        ]
      }
    },
    {
      "type": "Feature",
      "properties": {
        "building_id": "B067",
        "parcel_id": "P000067",
        "demo_ulpin": "DEMO-TN-CHN-000067",
        "height": 16.0,
        "floors": 5,
        "is_primary": false,
        "is_mapped": false,
        "data_status": "REAL FOOTPRINT / SYNTHETIC HEIGHT",
        "source": "Google Open Buildings"
      },
      "geometry": {
        "type": "Polygon",
        "coordinates": [
          [
            [
              80.2039220831083,
              13.0854618498868
            ],
            [
              80.2039213831077,
              13.0854461498869
            ],
            [
              80.2039499831073,
              13.0854449498859
            ],
            [
              80.2039506831078,
              13.0854606498859
            ],
            [
              80.2040256831066,
              13.0854576498835
            ],
            [
              80.204031183111,
              13.0855876498833
            ],
            [
              80.2038819831134,
              13.0855937498882
            ],
            [
              80.203876383109,
              13.0854637498883
            ],
            [
              80.2039220831083,
              13.0854618498868
            ]
          ]
        ]
      }
    },
    {
      "type": "Feature",
      "properties": {
        "building_id": "B068",
        "parcel_id": "P000068",
        "demo_ulpin": "DEMO-TN-CHN-000068",
        "height": 12.8,
        "floors": 4,
        "is_primary": false,
        "is_mapped": false,
        "data_status": "REAL FOOTPRINT / SYNTHETIC HEIGHT",
        "source": "Google Open Buildings"
      },
      "geometry": {
        "type": "Polygon",
        "coordinates": [
          [
            [
              80.204549446056,
              13.0840398212843
            ],
            [
              80.2044785703557,
              13.084042809784
            ],
            [
              80.204469269004,
              13.0838308367153
            ],
            [
              80.2045401446433,
              13.0838278482146
            ],
            [
              80.204549446056,
              13.0840398212843
            ]
          ]
        ]
      }
    },
    {
      "type": "Feature",
      "properties": {
        "building_id": "B069",
        "parcel_id": "P000069",
        "demo_ulpin": "DEMO-TN-CHN-000069",
        "height": 9.600000000000001,
        "floors": 3,
        "is_primary": false,
        "is_mapped": false,
        "data_status": "REAL FOOTPRINT / SYNTHETIC HEIGHT",
        "source": "Google Open Buildings"
      },
      "geometry": {
        "type": "Polygon",
        "coordinates": [
          [
            [
              80.2060366426395,
              13.0856181773243
            ],
            [
              80.2060368739938,
              13.0857527057936
            ],
            [
              80.2059103982071,
              13.0857529147642
            ],
            [
              80.2059102444369,
              13.0856634732455
            ],
            [
              80.2059334228328,
              13.085663434953
            ],
            [
              80.2059333453132,
              13.0856183480059
            ],
            [
              80.2060366426395,
              13.0856181773243
            ]
          ]
        ]
      }
    },
    {
      "type": "Feature",
      "properties": {
        "building_id": "B070",
        "parcel_id": "P000070",
        "demo_ulpin": "DEMO-TN-CHN-000070",
        "height": 12.8,
        "floors": 4,
        "is_primary": false,
        "is_mapped": false,
        "data_status": "REAL FOOTPRINT / SYNTHETIC HEIGHT",
        "source": "Google Open Buildings"
      },
      "geometry": {
        "type": "Polygon",
        "coordinates": [
          [
            [
              80.2056662631007,
              13.0859509794543
            ],
            [
              80.2056607667971,
              13.0861096720627
            ],
            [
              80.2055630773502,
              13.086106420841
            ],
            [
              80.2055685737161,
              13.0859477282411
            ],
            [
              80.2056662631007,
              13.0859509794543
            ]
          ]
        ]
      }
    },
    {
      "type": "Feature",
      "properties": {
        "building_id": "B071",
        "parcel_id": "P000071",
        "demo_ulpin": "DEMO-TN-CHN-000071",
        "height": 12.8,
        "floors": 4,
        "is_primary": false,
        "is_mapped": false,
        "data_status": "REAL FOOTPRINT / SYNTHETIC HEIGHT",
        "source": "Google Open Buildings"
      },
      "geometry": {
        "type": "Polygon",
        "coordinates": [
          [
            [
              80.2038788828589,
              13.0846877597543
            ],
            [
              80.2038852188845,
              13.0848477360282
            ],
            [
              80.2037226651363,
              13.0848539224685
            ],
            [
              80.203716329216,
              13.0846939461966
            ],
            [
              80.2038788828589,
              13.0846877597543
            ]
          ]
        ]
      }
    },
    {
      "type": "Feature",
      "properties": {
        "building_id": "B072",
        "parcel_id": "P000072",
        "demo_ulpin": "DEMO-TN-CHN-000072",
        "height": 16.0,
        "floors": 5,
        "is_primary": false,
        "is_mapped": false,
        "data_status": "REAL FOOTPRINT / SYNTHETIC HEIGHT",
        "source": "Google Open Buildings"
      },
      "geometry": {
        "type": "Polygon",
        "coordinates": [
          [
            [
              80.206221044243,
              13.0854070801915
            ],
            [
              80.2062449565882,
              13.085405732297
            ],
            [
              80.2062467602201,
              13.0854364789462
            ],
            [
              80.206222847872,
              13.0854378268408
            ],
            [
              80.2062246619825,
              13.0854687521668
            ],
            [
              80.2062485743336,
              13.0854674042721
            ],
            [
              80.2062510338082,
              13.0855093311093
            ],
            [
              80.2061144102842,
              13.0855170322909
            ],
            [
              80.2061119508328,
              13.0854751054541
            ],
            [
              80.2060789233138,
              13.0854769671355
            ],
            [
              80.2060685348392,
              13.0852998719192
            ],
            [
              80.2062142734031,
              13.0852916569505
            ],
            [
              80.206221044243,
              13.0854070801915
            ]
          ]
        ]
      }
    },
    {
      "type": "Feature",
      "properties": {
        "building_id": "B073",
        "parcel_id": "P000073",
        "demo_ulpin": "DEMO-TN-CHN-000073",
        "height": 6.4,
        "floors": 2,
        "is_primary": false,
        "is_mapped": false,
        "data_status": "REAL FOOTPRINT / SYNTHETIC HEIGHT",
        "source": "Google Open Buildings"
      },
      "geometry": {
        "type": "Polygon",
        "coordinates": [
          [
            [
              80.2054567602022,
              13.0837744174488
            ],
            [
              80.2054642734712,
              13.0839016099663
            ],
            [
              80.205351367869,
              13.0839080186775
            ],
            [
              80.2053438546575,
              13.0837808261602
            ],
            [
              80.2054567602022,
              13.0837744174488
            ]
          ]
        ]
      }
    },
    {
      "type": "Feature",
      "properties": {
        "building_id": "B074",
        "parcel_id": "P000074",
        "demo_ulpin": "DEMO-TN-CHN-000074",
        "height": 6.4,
        "floors": 2,
        "is_primary": false,
        "is_mapped": false,
        "data_status": "REAL FOOTPRINT / SYNTHETIC HEIGHT",
        "source": "Google Open Buildings"
      },
      "geometry": {
        "type": "Polygon",
        "coordinates": [
          [
            [
              80.2062770907805,
              13.0847818209359
            ],
            [
              80.2061309970236,
              13.084787871046
            ],
            [
              80.2061236811507,
              13.0846181155423
            ],
            [
              80.2062697748073,
              13.0846120654305
            ],
            [
              80.2062770907805,
              13.0847818209359
            ]
          ]
        ]
      }
    },
    {
      "type": "Feature",
      "properties": {
        "building_id": "B075",
        "parcel_id": "P000075",
        "demo_ulpin": "DEMO-TN-CHN-000075",
        "height": 12.8,
        "floors": 4,
        "is_primary": false,
        "is_mapped": false,
        "data_status": "REAL FOOTPRINT / SYNTHETIC HEIGHT",
        "source": "Google Open Buildings"
      },
      "geometry": {
        "type": "Polygon",
        "coordinates": [
          [
            [
              80.2040077992834,
              13.0856244686078
            ],
            [
              80.2040164722922,
              13.0857836656318
            ],
            [
              80.2039723183663,
              13.0857859770912
            ],
            [
              80.2039709517105,
              13.0857608914261
            ],
            [
              80.2039249703784,
              13.0857632985425
            ],
            [
              80.2039176640788,
              13.0856291871839
            ],
            [
              80.2040077992834,
              13.0856244686078
            ]
          ]
        ]
      }
    },
    {
      "type": "Feature",
      "properties": {
        "building_id": "B076",
        "parcel_id": "P000076",
        "demo_ulpin": "DEMO-TN-CHN-000076",
        "height": 6.4,
        "floors": 2,
        "is_primary": false,
        "is_mapped": false,
        "data_status": "REAL FOOTPRINT / SYNTHETIC HEIGHT",
        "source": "Google Open Buildings"
      },
      "geometry": {
        "type": "Polygon",
        "coordinates": [
          [
            [
              80.2059020378503,
              13.0840116934641
            ],
            [
              80.2059077418404,
              13.0841432230001
            ],
            [
              80.2058129725561,
              13.0841471722074
            ],
            [
              80.2058119982194,
              13.0841247045753
            ],
            [
              80.2057689890381,
              13.0841264968337
            ],
            [
              80.2057642594538,
              13.0840174349295
            ],
            [
              80.2059020378503,
              13.0840116934641
            ]
          ]
        ]
      }
    },
    {
      "type": "Feature",
      "properties": {
        "building_id": "B077",
        "parcel_id": "P000077",
        "demo_ulpin": "DEMO-TN-CHN-000077",
        "height": 16.0,
        "floors": 5,
        "is_primary": false,
        "is_mapped": false,
        "data_status": "REAL FOOTPRINT / SYNTHETIC HEIGHT",
        "source": "Google Open Buildings"
      },
      "geometry": {
        "type": "Polygon",
        "coordinates": [
          [
            [
              80.2056662831049,
              13.0859509498412
            ],
            [
              80.2057915831033,
              13.0859551498371
            ],
            [
              80.2057860831088,
              13.0861138498373
            ],
            [
              80.2057448831094,
              13.0861124498386
            ],
            [
              80.2057441831101,
              13.0861342498386
            ],
            [
              80.2056835831109,
              13.0861321498406
            ],
            [
              80.2056876831068,
              13.0860141498405
            ],
            [
              80.2056640831071,
              13.0860133498413
            ],
            [
              80.2056662831049,
              13.0859509498412
            ]
          ]
        ]
      }
    },
    {
      "type": "Feature",
      "properties": {
        "building_id": "B078",
        "parcel_id": "P000078",
        "demo_ulpin": "DEMO-TN-CHN-000078",
        "height": 12.8,
        "floors": 4,
        "is_primary": false,
        "is_mapped": false,
        "data_status": "REAL FOOTPRINT / SYNTHETIC HEIGHT",
        "source": "Google Open Buildings"
      },
      "geometry": {
        "type": "Polygon",
        "coordinates": [
          [
            [
              80.2043952501583,
              13.0861314853706
            ],
            [
              80.2043298836812,
              13.0861347452998
            ],
            [
              80.2043324159025,
              13.0861835353322
            ],
            [
              80.2042520139798,
              13.086187545079
            ],
            [
              80.2042465900957,
              13.0860830387461
            ],
            [
              80.2042542601721,
              13.0860826562306
            ],
            [
              80.2042489793821,
              13.0859809070214
            ],
            [
              80.2043870775994,
              13.0859740198603
            ],
            [
              80.2043952501583,
              13.0861314853706
            ]
          ]
        ]
      }
    },
    {
      "type": "Feature",
      "properties": {
        "building_id": "B079",
        "parcel_id": "P000079",
        "demo_ulpin": "DEMO-TN-CHN-000079",
        "height": 6.4,
        "floors": 2,
        "is_primary": false,
        "is_mapped": false,
        "data_status": "REAL FOOTPRINT / SYNTHETIC HEIGHT",
        "source": "Google Open Buildings"
      },
      "geometry": {
        "type": "Polygon",
        "coordinates": [
          [
            [
              80.2044734621155,
              13.0838277646239
            ],
            [
              80.204478664422,
              13.0839334220247
            ],
            [
              80.204298134863,
              13.0839419634524
            ],
            [
              80.2042929326337,
              13.0838363060525
            ],
            [
              80.2044734621155,
              13.0838277646239
            ]
          ]
        ]
      }
    },
    {
      "type": "Feature",
      "properties": {
        "building_id": "B080",
        "parcel_id": "P000080",
        "demo_ulpin": "DEMO-TN-CHN-000080",
        "height": 9.600000000000001,
        "floors": 3,
        "is_primary": false,
        "is_mapped": false,
        "data_status": "REAL FOOTPRINT / SYNTHETIC HEIGHT",
        "source": "Google Open Buildings"
      },
      "geometry": {
        "type": "Polygon",
        "coordinates": [
          [
            [
              80.2051615387227,
              13.0836673488673
            ],
            [
              80.2051672366686,
              13.0837792200375
            ],
            [
              80.2049804824307,
              13.0837883602712
            ],
            [
              80.2049747845692,
              13.0836764891017
            ],
            [
              80.2051615387227,
              13.0836673488673
            ]
          ]
        ]
      }
    },
    {
      "type": "Feature",
      "properties": {
        "building_id": "B081",
        "parcel_id": "P000081",
        "demo_ulpin": "DEMO-TN-CHN-000081",
        "height": 12.8,
        "floors": 4,
        "is_primary": false,
        "is_mapped": false,
        "data_status": "REAL FOOTPRINT / SYNTHETIC HEIGHT",
        "source": "Google Open Buildings"
      },
      "geometry": {
        "type": "Polygon",
        "coordinates": [
          [
            [
              80.2041753064192,
              13.085865173507
            ],
            [
              80.2041814876502,
              13.0859842729025
            ],
            [
              80.2040677300655,
              13.0859899460745
            ],
            [
              80.2040615488888,
              13.0858708466794
            ],
            [
              80.2041753064192,
              13.085865173507
            ]
          ]
        ]
      }
    },
    {
      "type": "Feature",
      "properties": {
        "building_id": "B082",
        "parcel_id": "P000082",
        "demo_ulpin": "DEMO-TN-CHN-000082",
        "height": 16.0,
        "floors": 5,
        "is_primary": false,
        "is_mapped": false,
        "data_status": "REAL FOOTPRINT / SYNTHETIC HEIGHT",
        "source": "Google Open Buildings"
      },
      "geometry": {
        "type": "Polygon",
        "coordinates": [
          [
            [
              80.2037656112231,
              13.0844927153288
            ],
            [
              80.2037613332508,
              13.084460931201
            ],
            [
              80.2038629390883,
              13.0844477900198
            ],
            [
              80.203878650108,
              13.0845645180749
            ],
            [
              80.2037312245519,
              13.0845835853272
            ],
            [
              80.2037197915678,
              13.0844986413955
            ],
            [
              80.2037656112231,
              13.0844927153288
            ]
          ]
        ]
      }
    },
    {
      "type": "Feature",
      "properties": {
        "building_id": "B083",
        "parcel_id": "P000083",
        "demo_ulpin": "DEMO-TN-CHN-000083",
        "height": 9.600000000000001,
        "floors": 3,
        "is_primary": false,
        "is_mapped": false,
        "data_status": "REAL FOOTPRINT / SYNTHETIC HEIGHT",
        "source": "Google Open Buildings"
      },
      "geometry": {
        "type": "Polygon",
        "coordinates": [
          [
            [
              80.205834129251,
              13.0838779666129
            ],
            [
              80.2058391056613,
              13.08396981791
            ],
            [
              80.2056503479559,
              13.0839796449276
            ],
            [
              80.2056453716158,
              13.0838877936308
            ],
            [
              80.205834129251,
              13.0838779666129
            ]
          ]
        ]
      }
    },
    {
      "type": "Feature",
      "properties": {
        "building_id": "B084",
        "parcel_id": "P000084",
        "demo_ulpin": "DEMO-TN-CHN-000084",
        "height": 16.0,
        "floors": 5,
        "is_primary": false,
        "is_mapped": false,
        "data_status": "REAL FOOTPRINT / SYNTHETIC HEIGHT",
        "source": "Google Open Buildings"
      },
      "geometry": {
        "type": "Polygon",
        "coordinates": [
          [
            [
              80.2042434380805,
              13.0839504441785
            ],
            [
              80.2042479177274,
              13.0840525352023
            ],
            [
              80.2040714214989,
              13.084059976986
            ],
            [
              80.2040669419246,
              13.0839578859637
            ],
            [
              80.2042434380805,
              13.0839504441785
            ]
          ]
        ]
      }
    },
    {
      "type": "Feature",
      "properties": {
        "building_id": "B085",
        "parcel_id": "P000085",
        "demo_ulpin": "DEMO-TN-CHN-000085",
        "height": 12.8,
        "floors": 4,
        "is_primary": false,
        "is_mapped": false,
        "data_status": "REAL FOOTPRINT / SYNTHETIC HEIGHT",
        "source": "Google Open Buildings"
      },
      "geometry": {
        "type": "Polygon",
        "coordinates": [
          [
            [
              80.2059601501424,
              13.0840092718016
            ],
            [
              80.2059625856985,
              13.084065433514
            ],
            [
              80.2060211376904,
              13.0840629935158
            ],
            [
              80.2060221173754,
              13.0840855840365
            ],
            [
              80.2059911683135,
              13.0840868737579
            ],
            [
              80.2059934571046,
              13.08413965106
            ],
            [
              80.2059077418404,
              13.0841432230001
            ],
            [
              80.2059020378503,
              13.0840116934641
            ],
            [
              80.2059601501424,
              13.0840092718016
            ]
          ]
        ]
      }
    },
    {
      "type": "Feature",
      "properties": {
        "building_id": "B086",
        "parcel_id": "P000086",
        "demo_ulpin": "DEMO-TN-CHN-000086",
        "height": 9.600000000000001,
        "floors": 3,
        "is_primary": false,
        "is_mapped": false,
        "data_status": "REAL FOOTPRINT / SYNTHETIC HEIGHT",
        "source": "Google Open Buildings"
      },
      "geometry": {
        "type": "Polygon",
        "coordinates": [
          [
            [
              80.2038648660403,
              13.0855910746839
            ],
            [
              80.2037122444341,
              13.0856016175344
            ],
            [
              80.2037035251913,
              13.08548032835
            ],
            [
              80.203856146723,
              13.0854697855006
            ],
            [
              80.2038648660403,
              13.0855910746839
            ]
          ]
        ]
      }
    },
    {
      "type": "Feature",
      "properties": {
        "building_id": "B087",
        "parcel_id": "P000087",
        "demo_ulpin": "DEMO-TN-CHN-000087",
        "height": 6.4,
        "floors": 2,
        "is_primary": false,
        "is_mapped": false,
        "data_status": "REAL FOOTPRINT / SYNTHETIC HEIGHT",
        "source": "Google Open Buildings"
      },
      "geometry": {
        "type": "Polygon",
        "coordinates": [
          [
            [
              80.2062440084631,
              13.0844514841837
            ],
            [
              80.2061247040574,
              13.0844583708131
            ],
            [
              80.2061162107872,
              13.0843169823367
            ],
            [
              80.2062355151247,
              13.0843100957068
            ],
            [
              80.2062440084631,
              13.0844514841837
            ]
          ]
        ]
      }
    },
    {
      "type": "Feature",
      "properties": {
        "building_id": "B088",
        "parcel_id": "P000088",
        "demo_ulpin": "DEMO-TN-CHN-000088",
        "height": 16.0,
        "floors": 5,
        "is_primary": false,
        "is_mapped": false,
        "data_status": "REAL FOOTPRINT / SYNTHETIC HEIGHT",
        "source": "Google Open Buildings"
      },
      "geometry": {
        "type": "Polygon",
        "coordinates": [
          [
            [
              80.2060054260483,
              13.0858864745228
            ],
            [
              80.2060103932002,
              13.0859893011588
            ],
            [
              80.2058702117133,
              13.0859958080261
            ],
            [
              80.2058673558362,
              13.0859366868902
            ],
            [
              80.2059037220738,
              13.0859349988689
            ],
            [
              80.205901610851,
              13.0858912933694
            ],
            [
              80.2060054260483,
              13.0858864745228
            ]
          ]
        ]
      }
    },
    {
      "type": "Feature",
      "properties": {
        "building_id": "B089",
        "parcel_id": "P000089",
        "demo_ulpin": "DEMO-TN-CHN-000089",
        "height": 12.8,
        "floors": 4,
        "is_primary": false,
        "is_mapped": false,
        "data_status": "REAL FOOTPRINT / SYNTHETIC HEIGHT",
        "source": "Google Open Buildings"
      },
      "geometry": {
        "type": "Polygon",
        "coordinates": [
          [
            [
              80.2061462608286,
              13.0841771156476
            ],
            [
              80.2061426292212,
              13.084275001959
            ],
            [
              80.2060334482262,
              13.0842711095814
            ],
            [
              80.2060370798759,
              13.0841732232739
            ],
            [
              80.2061462608286,
              13.0841771156476
            ]
          ]
        ]
      }
    },
    {
      "type": "Feature",
      "properties": {
        "building_id": "B090",
        "parcel_id": "P000090",
        "demo_ulpin": "DEMO-TN-CHN-000090",
        "height": 12.8,
        "floors": 4,
        "is_primary": false,
        "is_mapped": false,
        "data_status": "REAL FOOTPRINT / SYNTHETIC HEIGHT",
        "source": "Google Open Buildings"
      },
      "geometry": {
        "type": "Polygon",
        "coordinates": [
          [
            [
              80.2063951830389,
              13.0847769497832
            ],
            [
              80.2062770830408,
              13.084781849787
            ],
            [
              80.2062697830351,
              13.0846120497873
            ],
            [
              80.2063878830332,
              13.0846071497834
            ],
            [
              80.2063951830389,
              13.0847769497832
            ]
          ]
        ]
      }
    },
    {
      "type": "Feature",
      "properties": {
        "building_id": "B091",
        "parcel_id": "P000091",
        "demo_ulpin": "DEMO-TN-CHN-000091",
        "height": 16.0,
        "floors": 5,
        "is_primary": false,
        "is_mapped": false,
        "data_status": "REAL FOOTPRINT / SYNTHETIC HEIGHT",
        "source": "Google Open Buildings"
      },
      "geometry": {
        "type": "Polygon",
        "coordinates": [
          [
            [
              80.2048465829552,
              13.0862914941243
            ],
            [
              80.2048516828259,
              13.0863590522937
            ],
            [
              80.2049097770811,
              13.0863548382806
            ],
            [
              80.2049133117989,
              13.0864016626557
            ],
            [
              80.2047839709226,
              13.0864110447023
            ],
            [
              80.2047753363779,
              13.0862966621571
            ],
            [
              80.2048465829552,
              13.0862914941243
            ]
          ]
        ]
      }
    },
    {
      "type": "Feature",
      "properties": {
        "building_id": "B092",
        "parcel_id": "P000092",
        "demo_ulpin": "DEMO-TN-CHN-000092",
        "height": 9.600000000000001,
        "floors": 3,
        "is_primary": false,
        "is_mapped": false,
        "data_status": "REAL FOOTPRINT / SYNTHETIC HEIGHT",
        "source": "Google Open Buildings"
      },
      "geometry": {
        "type": "Polygon",
        "coordinates": [
          [
            [
              80.2037592308371,
              13.0850226993203
            ],
            [
              80.2034712694027,
              13.0850339122292
            ],
            [
              80.2034682741398,
              13.0849599955151
            ],
            [
              80.203516118611,
              13.0849581325244
            ],
            [
              80.2035144506441,
              13.0849169708431
            ],
            [
              80.2037545674812,
              13.0849076209227
            ],
            [
              80.2037592308371,
              13.0850226993203
            ]
          ]
        ]
      }
    },
    {
      "type": "Feature",
      "properties": {
        "building_id": "B093",
        "parcel_id": "P000093",
        "demo_ulpin": "DEMO-TN-CHN-000093",
        "height": 9.600000000000001,
        "floors": 3,
        "is_primary": false,
        "is_mapped": false,
        "data_status": "REAL FOOTPRINT / SYNTHETIC HEIGHT",
        "source": "Google Open Buildings"
      },
      "geometry": {
        "type": "Polygon",
        "coordinates": [
          [
            [
              80.2036738152253,
              13.0847028290734
            ],
            [
              80.2036749477633,
              13.0847314247732
            ],
            [
              80.2037177490557,
              13.0847297958655
            ],
            [
              80.2037233625494,
              13.0848715315084
            ],
            [
              80.2035534821589,
              13.0848779966737
            ],
            [
              80.2035467362388,
              13.0847076653334
            ],
            [
              80.2036738152253,
              13.0847028290734
            ]
          ]
        ]
      }
    },
    {
      "type": "Feature",
      "properties": {
        "building_id": "B094",
        "parcel_id": "P000094",
        "demo_ulpin": "DEMO-TN-CHN-000094",
        "height": 12.8,
        "floors": 4,
        "is_primary": false,
        "is_mapped": false,
        "data_status": "REAL FOOTPRINT / SYNTHETIC HEIGHT",
        "source": "Google Open Buildings"
      },
      "geometry": {
        "type": "Polygon",
        "coordinates": [
          [
            [
              80.2062817720589,
              13.0857445877834
            ],
            [
              80.2061685026375,
              13.0857498619281
            ],
            [
              80.20615917864,
              13.0855574429919
            ],
            [
              80.2062724479733,
              13.0855521688464
            ],
            [
              80.2062817720589,
              13.0857445877834
            ]
          ]
        ]
      }
    },
    {
      "type": "Feature",
      "properties": {
        "building_id": "B095",
        "parcel_id": "P000095",
        "demo_ulpin": "DEMO-TN-CHN-000095",
        "height": 16.0,
        "floors": 5,
        "is_primary": false,
        "is_mapped": false,
        "data_status": "REAL FOOTPRINT / SYNTHETIC HEIGHT",
        "source": "Google Open Buildings"
      },
      "geometry": {
        "type": "Polygon",
        "coordinates": [
          [
            [
              80.2052691212262,
              13.0864281826254
            ],
            [
              80.205167617772,
              13.0864334881381
            ],
            [
              80.2051607500515,
              13.0863072332512
            ],
            [
              80.2052622534537,
              13.0863019277382
            ],
            [
              80.2052691212262,
              13.0864281826254
            ]
          ]
        ]
      }
    },
    {
      "type": "Feature",
      "properties": {
        "building_id": "B096",
        "parcel_id": "P000096",
        "demo_ulpin": "DEMO-TN-CHN-000096",
        "height": 12.8,
        "floors": 4,
        "is_primary": false,
        "is_mapped": false,
        "data_status": "REAL FOOTPRINT / SYNTHETIC HEIGHT",
        "source": "Google Open Buildings"
      },
      "geometry": {
        "type": "Polygon",
        "coordinates": [
          [
            [
              80.2061340948216,
              13.0841745768432
            ],
            [
              80.2060261717755,
              13.0841790742807
            ],
            [
              80.2060221173759,
              13.0840855840376
            ],
            [
              80.2061300403812,
              13.0840810865988
            ],
            [
              80.2061340948216,
              13.0841745768432
            ]
          ]
        ]
      }
    },
    {
      "type": "Feature",
      "properties": {
        "building_id": "B097",
        "parcel_id": "P000097",
        "demo_ulpin": "DEMO-TN-CHN-000097",
        "height": 16.0,
        "floors": 5,
        "is_primary": false,
        "is_mapped": false,
        "data_status": "REAL FOOTPRINT / SYNTHETIC HEIGHT",
        "source": "Google Open Buildings"
      },
      "geometry": {
        "type": "Polygon",
        "coordinates": [
          [
            [
              80.204061548889,
              13.0858708466797
            ],
            [
              80.2040677300657,
              13.0859899460748
            ],
            [
              80.2038855543001,
              13.085999031205
            ],
            [
              80.2038793732112,
              13.0858799318107
            ],
            [
              80.204061548889,
              13.0858708466797
            ]
          ]
        ]
      }
    },
    {
      "type": "Feature",
      "properties": {
        "building_id": "B098",
        "parcel_id": "P000098",
        "demo_ulpin": "DEMO-TN-CHN-000098",
        "height": 6.4,
        "floors": 2,
        "is_primary": false,
        "is_mapped": false,
        "data_status": "REAL FOOTPRINT / SYNTHETIC HEIGHT",
        "source": "Google Open Buildings"
      },
      "geometry": {
        "type": "Polygon",
        "coordinates": [
          [
            [
              80.2063959455075,
              13.0855295116497
            ],
            [
              80.206251518301,
              13.0855361511241
            ],
            [
              80.2062424410623,
              13.0853464126283
            ],
            [
              80.2063868681579,
              13.0853397731526
            ],
            [
              80.2063959455075,
              13.0855295116497
            ]
          ]
        ]
      }
    },
    {
      "type": "Feature",
      "properties": {
        "building_id": "B099",
        "parcel_id": "P000099",
        "demo_ulpin": "DEMO-TN-CHN-000099",
        "height": 6.4,
        "floors": 2,
        "is_primary": false,
        "is_mapped": false,
        "data_status": "REAL FOOTPRINT / SYNTHETIC HEIGHT",
        "source": "Google Open Buildings"
      },
      "geometry": {
        "type": "Polygon",
        "coordinates": [
          [
            [
              80.2058391836853,
              13.0838001387669
            ],
            [
              80.2058337615009,
              13.0838747384355
            ],
            [
              80.2056963515519,
              13.0838651411831
            ],
            [
              80.2056975640013,
              13.0838484601561
            ],
            [
              80.2056593461756,
              13.0838457908596
            ],
            [
              80.2056635559601,
              13.0837878722241
            ],
            [
              80.2058391836853,
              13.0838001387669
            ]
          ]
        ]
      }
    },
    {
      "type": "Feature",
      "properties": {
        "building_id": "B100",
        "parcel_id": "P000100",
        "demo_ulpin": "DEMO-TN-CHN-000100",
        "height": 12.8,
        "floors": 4,
        "is_primary": false,
        "is_mapped": false,
        "data_status": "REAL FOOTPRINT / SYNTHETIC HEIGHT",
        "source": "Google Open Buildings"
      },
      "geometry": {
        "type": "Polygon",
        "coordinates": [
          [
            [
              80.2042426384588,
              13.0860825482961
            ],
            [
              80.2042356079629,
              13.0861949835434
            ],
            [
              80.2041353141591,
              13.0861894978228
            ],
            [
              80.204141716146,
              13.0860770282009
            ],
            [
              80.2042426384588,
              13.0860825482961
            ]
          ]
        ]
      }
    },
    {
      "type": "Feature",
      "properties": {
        "building_id": "B101",
        "parcel_id": "P000101",
        "demo_ulpin": "DEMO-TN-CHN-000101",
        "height": 9.600000000000001,
        "floors": 3,
        "is_primary": false,
        "is_mapped": false,
        "data_status": "REAL FOOTPRINT / SYNTHETIC HEIGHT",
        "source": "Google Open Buildings"
      },
      "geometry": {
        "type": "Polygon",
        "coordinates": [
          [
            [
              80.2051558508323,
              13.0835556751007
            ],
            [
              80.20516056515,
              13.0836482341515
            ],
            [
              80.2050168222517,
              13.0836552693159
            ],
            [
              80.2050121079878,
              13.0835627102656
            ],
            [
              80.2051558508323,
              13.0835556751007
            ]
          ]
        ]
      }
    },
    {
      "type": "Feature",
      "properties": {
        "building_id": "B102",
        "parcel_id": "P000102",
        "demo_ulpin": "DEMO-TN-CHN-000102",
        "height": 12.8,
        "floors": 4,
        "is_primary": false,
        "is_mapped": false,
        "data_status": "REAL FOOTPRINT / SYNTHETIC HEIGHT",
        "source": "Google Open Buildings"
      },
      "geometry": {
        "type": "Polygon",
        "coordinates": [
          [
            [
              80.2042836641383,
              13.083948748067
            ],
            [
              80.2039911065794,
              13.0839610834457
            ],
            [
              80.2039862851843,
              13.0838512014062
            ],
            [
              80.2042788426132,
              13.0838388660254
            ],
            [
              80.2042836641383,
              13.083948748067
            ]
          ]
        ]
      }
    },
    {
      "type": "Feature",
      "properties": {
        "building_id": "B103",
        "parcel_id": "P000103",
        "demo_ulpin": "DEMO-TN-CHN-000103",
        "height": 16.0,
        "floors": 5,
        "is_primary": false,
        "is_mapped": false,
        "data_status": "REAL FOOTPRINT / SYNTHETIC HEIGHT",
        "source": "Google Open Buildings"
      },
      "geometry": {
        "type": "Polygon",
        "coordinates": [
          [
            [
              80.2051344304658,
              13.0864945493878
            ],
            [
              80.2050217213471,
              13.0864906594632
            ],
            [
              80.2050283087139,
              13.0863072558817
            ],
            [
              80.2051410177497,
              13.0863111457977
            ],
            [
              80.2051344304658,
              13.0864945493878
            ]
          ]
        ]
      }
    },
    {
      "type": "Feature",
      "properties": {
        "building_id": "B104",
        "parcel_id": "P000104",
        "demo_ulpin": "DEMO-TN-CHN-000104",
        "height": 6.4,
        "floors": 2,
        "is_primary": false,
        "is_mapped": false,
        "data_status": "REAL FOOTPRINT / SYNTHETIC HEIGHT",
        "source": "Google Open Buildings"
      },
      "geometry": {
        "type": "Polygon",
        "coordinates": [
          [
            [
              80.2048509268751,
              13.0835239271899
            ],
            [
              80.2048549149446,
              13.0835960706671
            ],
            [
              80.2048745784146,
              13.0835950261472
            ],
            [
              80.2048767645453,
              13.0836345728011
            ],
            [
              80.2049117225452,
              13.0836327158352
            ],
            [
              80.2049124784504,
              13.0836463899663
            ],
            [
              80.2047571920765,
              13.083654638728
            ],
            [
              80.2047502620281,
              13.083529274466
            ],
            [
              80.2048509268751,
              13.0835239271899
            ]
          ]
        ]
      }
    },
    {
      "type": "Feature",
      "properties": {
        "building_id": "B105",
        "parcel_id": "P000105",
        "demo_ulpin": "DEMO-TN-CHN-000105",
        "height": 9.600000000000001,
        "floors": 3,
        "is_primary": false,
        "is_mapped": false,
        "data_status": "REAL FOOTPRINT / SYNTHETIC HEIGHT",
        "source": "Google Open Buildings"
      },
      "geometry": {
        "type": "Polygon",
        "coordinates": [
          [
            [
              80.2046401067256,
              13.0863001420564
            ],
            [
              80.2046442178902,
              13.0864194936423
            ],
            [
              80.2045152241442,
              13.0864237631957
            ],
            [
              80.2045111130421,
              13.0863044116116
            ],
            [
              80.2046401067256,
              13.0863001420564
            ]
          ]
        ]
      }
    },
    {
      "type": "Feature",
      "properties": {
        "building_id": "B106",
        "parcel_id": "P000106",
        "demo_ulpin": "DEMO-TN-CHN-000106",
        "height": 9.600000000000001,
        "floors": 3,
        "is_primary": false,
        "is_mapped": false,
        "data_status": "REAL FOOTPRINT / SYNTHETIC HEIGHT",
        "source": "Google Open Buildings"
      },
      "geometry": {
        "type": "Polygon",
        "coordinates": [
          [
            [
              80.2041173408563,
              13.086018015599
            ],
            [
              80.2041264643156,
              13.0861938063519
            ],
            [
              80.204034489217,
              13.0861983931916
            ],
            [
              80.2040253658236,
              13.0860226024391
            ],
            [
              80.2041173408563,
              13.086018015599
            ]
          ]
        ]
      }
    },
    {
      "type": "Feature",
      "properties": {
        "building_id": "B107",
        "parcel_id": "P000107",
        "demo_ulpin": "DEMO-TN-CHN-000107",
        "height": 6.4,
        "floors": 2,
        "is_primary": false,
        "is_mapped": false,
        "data_status": "REAL FOOTPRINT / SYNTHETIC HEIGHT",
        "source": "Google Open Buildings"
      },
      "geometry": {
        "type": "Polygon",
        "coordinates": [
          [
            [
              80.2061849430855,
              13.0859933620994
            ],
            [
              80.2060109794426,
              13.0860014371544
            ],
            [
              80.2060054260482,
              13.0858864745226
            ],
            [
              80.2061793896101,
              13.0858783994668
            ],
            [
              80.2061849430855,
              13.0859933620994
            ]
          ]
        ]
      }
    },
    {
      "type": "Feature",
      "properties": {
        "building_id": "B108",
        "parcel_id": "P000108",
        "demo_ulpin": "DEMO-TN-CHN-000108",
        "height": 16.0,
        "floors": 5,
        "is_primary": false,
        "is_mapped": false,
        "data_status": "REAL FOOTPRINT / SYNTHETIC HEIGHT",
        "source": "Google Open Buildings"
      },
      "geometry": {
        "type": "Polygon",
        "coordinates": [
          [
            [
              80.2060664091421,
              13.0839578941467
            ],
            [
              80.2058665060713,
              13.0839662245628
            ],
            [
              80.2058628132531,
              13.0838810707759
            ],
            [
              80.206062716255,
              13.0838727403584
            ],
            [
              80.2060664091421,
              13.0839578941467
            ]
          ]
        ]
      }
    },
    {
      "type": "Feature",
      "properties": {
        "building_id": "B109",
        "parcel_id": "P000109",
        "demo_ulpin": "DEMO-TN-CHN-000109",
        "height": 6.4,
        "floors": 2,
        "is_primary": false,
        "is_mapped": false,
        "data_status": "REAL FOOTPRINT / SYNTHETIC HEIGHT",
        "source": "Google Open Buildings"
      },
      "geometry": {
        "type": "Polygon",
        "coordinates": [
          [
            [
              80.2036749921167,
              13.0844245332297
            ],
            [
              80.2036710902421,
              13.0845491669716
            ],
            [
              80.2035820151436,
              13.084546487285
            ],
            [
              80.2035859170626,
              13.084421853547
            ],
            [
              80.2036749921167,
              13.0844245332297
            ]
          ]
        ]
      }
    },
    {
      "type": "Feature",
      "properties": {
        "building_id": "B110",
        "parcel_id": "P000110",
        "demo_ulpin": "DEMO-TN-CHN-000110",
        "height": 6.4,
        "floors": 2,
        "is_primary": false,
        "is_mapped": false,
        "data_status": "REAL FOOTPRINT / SYNTHETIC HEIGHT",
        "source": "Google Open Buildings"
      },
      "geometry": {
        "type": "Polygon",
        "coordinates": [
          [
            [
              80.2051885723052,
              13.0836136323706
            ],
            [
              80.2051836122089,
              13.0835320050553
            ],
            [
              80.2054178394954,
              13.0835183282042
            ],
            [
              80.2054227996685,
              13.0835999555192
            ],
            [
              80.2051885723052,
              13.0836136323706
            ]
          ]
        ]
      }
    },
    {
      "type": "Feature",
      "properties": {
        "building_id": "B111",
        "parcel_id": "P000111",
        "demo_ulpin": "DEMO-TN-CHN-000111",
        "height": 6.4,
        "floors": 2,
        "is_primary": false,
        "is_mapped": false,
        "data_status": "REAL FOOTPRINT / SYNTHETIC HEIGHT",
        "source": "Google Open Buildings"
      },
      "geometry": {
        "type": "Polygon",
        "coordinates": [
          [
            [
              80.2037062781653,
              13.0854774929324
            ],
            [
              80.2037127609786,
              13.0856014048633
            ],
            [
              80.2035636666001,
              13.0856089002248
            ],
            [
              80.2035571838615,
              13.0854849882942
            ],
            [
              80.2037062781653,
              13.0854774929324
            ]
          ]
        ]
      }
    },
    {
      "type": "Feature",
      "properties": {
        "building_id": "B112",
        "parcel_id": "P000112",
        "demo_ulpin": "DEMO-TN-CHN-000112",
        "height": 16.0,
        "floors": 5,
        "is_primary": false,
        "is_mapped": false,
        "data_status": "REAL FOOTPRINT / SYNTHETIC HEIGHT",
        "source": "Google Open Buildings"
      },
      "geometry": {
        "type": "Polygon",
        "coordinates": [
          [
            [
              80.205032247467,
              13.0865221234868
            ],
            [
              80.2048793338091,
              13.0865301160109
            ],
            [
              80.2048809855482,
              13.0865604819004
            ],
            [
              80.2047943087655,
              13.0865650123004
            ],
            [
              80.2047870274993,
              13.086431151145
            ],
            [
              80.2050266178282,
              13.0864186282196
            ],
            [
              80.205032247467,
              13.0865221234868
            ]
          ]
        ]
      }
    },
    {
      "type": "Feature",
      "properties": {
        "building_id": "B113",
        "parcel_id": "P000113",
        "demo_ulpin": "DEMO-TN-CHN-000113",
        "height": 9.600000000000001,
        "floors": 3,
        "is_primary": false,
        "is_mapped": false,
        "data_status": "REAL FOOTPRINT / SYNTHETIC HEIGHT",
        "source": "Google Open Buildings"
      },
      "geometry": {
        "type": "Polygon",
        "coordinates": [
          [
            [
              80.2058212285941,
              13.0837345277739
            ],
            [
              80.2055981783335,
              13.0837416427844
            ],
            [
              80.2055943727834,
              13.0836270016334
            ],
            [
              80.2058174229407,
              13.0836198866201
            ],
            [
              80.2058212285941,
              13.0837345277739
            ]
          ]
        ]
      }
    },
    {
      "type": "Feature",
      "properties": {
        "building_id": "B114",
        "parcel_id": "P000114",
        "demo_ulpin": "DEMO-TN-CHN-000114",
        "height": 12.8,
        "floors": 4,
        "is_primary": false,
        "is_mapped": false,
        "data_status": "REAL FOOTPRINT / SYNTHETIC HEIGHT",
        "source": "Google Open Buildings"
      },
      "geometry": {
        "type": "Polygon",
        "coordinates": [
          [
            [
              80.2064231264009,
              13.085545152748
            ],
            [
              80.2064324506039,
              13.0857375716861
            ],
            [
              80.2062817720588,
              13.0857445877831
            ],
            [
              80.2062724479732,
              13.0855521688461
            ],
            [
              80.2064231264009,
              13.085545152748
            ]
          ]
        ]
      }
    },
    {
      "type": "Feature",
      "properties": {
        "building_id": "B115",
        "parcel_id": "P000115",
        "demo_ulpin": "DEMO-TN-CHN-000115",
        "height": 9.600000000000001,
        "floors": 3,
        "is_primary": false,
        "is_mapped": false,
        "data_status": "REAL FOOTPRINT / SYNTHETIC HEIGHT",
        "source": "Google Open Buildings"
      },
      "geometry": {
        "type": "Polygon",
        "coordinates": [
          [
            [
              80.203728152558,
              13.08571359832
            ],
            [
              80.2037539726391,
              13.0857147846297
            ],
            [
              80.2037503189372,
              13.085791199137
            ],
            [
              80.2036248895077,
              13.0857854362256
            ],
            [
              80.2036307898676,
              13.0856620357764
            ],
            [
              80.2037303991586,
              13.0856666123723
            ],
            [
              80.203728152558,
              13.08571359832
            ]
          ]
        ]
      }
    },
    {
      "type": "Feature",
      "properties": {
        "building_id": "B116",
        "parcel_id": "P000116",
        "demo_ulpin": "DEMO-TN-CHN-000116",
        "height": 9.600000000000001,
        "floors": 3,
        "is_primary": false,
        "is_mapped": false,
        "data_status": "REAL FOOTPRINT / SYNTHETIC HEIGHT",
        "source": "Google Open Buildings"
      },
      "geometry": {
        "type": "Polygon",
        "coordinates": [
          [
            [
              80.2037607830576,
              13.0843239498607
            ],
            [
              80.2036230830598,
              13.0843311498652
            ],
            [
              80.2036161830555,
              13.0842051498654
            ],
            [
              80.2037539830533,
              13.0841979498609
            ],
            [
              80.2037607830576,
              13.0843239498607
            ]
          ]
        ]
      }
    },
    {
      "type": "Feature",
      "properties": {
        "building_id": "B117",
        "parcel_id": "P000117",
        "demo_ulpin": "DEMO-TN-CHN-000117",
        "height": 9.600000000000001,
        "floors": 3,
        "is_primary": false,
        "is_mapped": false,
        "data_status": "REAL FOOTPRINT / SYNTHETIC HEIGHT",
        "source": "Google Open Buildings"
      },
      "geometry": {
        "type": "Polygon",
        "coordinates": [
          [
            [
              80.2051303323381,
              13.083439825585
            ],
            [
              80.2051350358201,
              13.0835321720715
            ],
            [
              80.2049902330826,
              13.0835392591002
            ],
            [
              80.2049855296554,
              13.0834469126139
            ],
            [
              80.2051303323381,
              13.083439825585
            ]
          ]
        ]
      }
    },
    {
      "type": "Feature",
      "properties": {
        "building_id": "B118",
        "parcel_id": "P000118",
        "demo_ulpin": "DEMO-TN-CHN-000118",
        "height": 12.8,
        "floors": 4,
        "is_primary": false,
        "is_mapped": false,
        "data_status": "REAL FOOTPRINT / SYNTHETIC HEIGHT",
        "source": "Google Open Buildings"
      },
      "geometry": {
        "type": "Polygon",
        "coordinates": [
          [
            [
              80.2065772691415,
              13.0847975700105
            ],
            [
              80.2065810053158,
              13.0849036506229
            ],
            [
              80.2064512833905,
              13.0849080408515
            ],
            [
              80.2064475472719,
              13.0848019602403
            ],
            [
              80.2065772691415,
              13.0847975700105
            ]
          ]
        ]
      }
    },
    {
      "type": "Feature",
      "properties": {
        "building_id": "B119",
        "parcel_id": "P000119",
        "demo_ulpin": "DEMO-TN-CHN-000119",
        "height": 16.0,
        "floors": 5,
        "is_primary": false,
        "is_mapped": false,
        "data_status": "REAL FOOTPRINT / SYNTHETIC HEIGHT",
        "source": "Google Open Buildings"
      },
      "geometry": {
        "type": "Polygon",
        "coordinates": [
          [
            [
              80.2065189979897,
              13.0853440405332
            ],
            [
              80.2065275817641,
              13.0855234601181
            ],
            [
              80.2063959455074,
              13.0855295116496
            ],
            [
              80.2063873618286,
              13.0853500920656
            ],
            [
              80.2065189979897,
              13.0853440405332
            ]
          ]
        ]
      }
    },
    {
      "type": "Feature",
      "properties": {
        "building_id": "B120",
        "parcel_id": "P000120",
        "demo_ulpin": "DEMO-TN-CHN-000120",
        "height": 9.600000000000001,
        "floors": 3,
        "is_primary": false,
        "is_mapped": false,
        "data_status": "REAL FOOTPRINT / SYNTHETIC HEIGHT",
        "source": "Google Open Buildings"
      },
      "geometry": {
        "type": "Polygon",
        "coordinates": [
          [
            [
              80.2061898076393,
              13.0860940632922
            ],
            [
              80.2060408652105,
              13.0861009769148
            ],
            [
              80.2060360007188,
              13.0860002757253
            ],
            [
              80.2061849430867,
              13.0859933621021
            ],
            [
              80.2061898076393,
              13.0860940632922
            ]
          ]
        ]
      }
    },
    {
      "type": "Feature",
      "properties": {
        "building_id": "B121",
        "parcel_id": "P000121",
        "demo_ulpin": "DEMO-TN-CHN-000121",
        "height": 9.600000000000001,
        "floors": 3,
        "is_primary": false,
        "is_mapped": false,
        "data_status": "REAL FOOTPRINT / SYNTHETIC HEIGHT",
        "source": "Google Open Buildings"
      },
      "geometry": {
        "type": "Polygon",
        "coordinates": [
          [
            [
              80.2035379890753,
              13.0847130778512
            ],
            [
              80.2035435288586,
              13.0848842527864
            ],
            [
              80.2034169733531,
              13.0848881884336
            ],
            [
              80.2034114336574,
              13.0847170135007
            ],
            [
              80.2035379890753,
              13.0847130778512
            ]
          ]
        ]
      }
    },
    {
      "type": "Feature",
      "properties": {
        "building_id": "B122",
        "parcel_id": "P000122",
        "demo_ulpin": "DEMO-TN-CHN-000122",
        "height": 6.4,
        "floors": 2,
        "is_primary": false,
        "is_mapped": false,
        "data_status": "REAL FOOTPRINT / SYNTHETIC HEIGHT",
        "source": "Google Open Buildings"
      },
      "geometry": {
        "type": "Polygon",
        "coordinates": [
          [
            [
              80.2043884322569,
              13.0863941644948
            ],
            [
              80.2043581397042,
              13.0863946848259
            ],
            [
              80.2043586357821,
              13.0864224364122
            ],
            [
              80.2041230837917,
              13.0864264823375
            ],
            [
              80.2041221752164,
              13.0863756521521
            ],
            [
              80.2041418550198,
              13.0863753141329
            ],
            [
              80.2041407067278,
              13.0863110733142
            ],
            [
              80.2043868713529,
              13.0863068450719
            ],
            [
              80.2043884322569,
              13.0863941644948
            ]
          ]
        ]
      }
    },
    {
      "type": "Feature",
      "properties": {
        "building_id": "B123",
        "parcel_id": "P000123",
        "demo_ulpin": "DEMO-TN-CHN-000123",
        "height": 6.4,
        "floors": 2,
        "is_primary": false,
        "is_mapped": false,
        "data_status": "REAL FOOTPRINT / SYNTHETIC HEIGHT",
        "source": "Google Open Buildings"
      },
      "geometry": {
        "type": "Polygon",
        "coordinates": [
          [
            [
              80.2064832270781,
              13.0842945317057
            ],
            [
              80.2064922278432,
              13.0844499875894
            ],
            [
              80.206373118425,
              13.0844566143936
            ],
            [
              80.2063688785874,
              13.0843833858325
            ],
            [
              80.206405956177,
              13.0843813229788
            ],
            [
              80.206403627065,
              13.0843410956922
            ],
            [
              80.2063665494809,
              13.0843431585455
            ],
            [
              80.206364117735,
              13.0843011585114
            ],
            [
              80.2064832270781,
              13.0842945317057
            ]
          ]
        ]
      }
    },
    {
      "type": "Feature",
      "properties": {
        "building_id": "B124",
        "parcel_id": "P000124",
        "demo_ulpin": "DEMO-TN-CHN-000124",
        "height": 6.4,
        "floors": 2,
        "is_primary": false,
        "is_mapped": false,
        "data_status": "REAL FOOTPRINT / SYNTHETIC HEIGHT",
        "source": "Google Open Buildings"
      },
      "geometry": {
        "type": "Polygon",
        "coordinates": [
          [
            [
              80.2063367493506,
              13.0859863154502
            ],
            [
              80.2061849430854,
              13.0859933620991
            ],
            [
              80.2061793896099,
              13.0858783994665
            ],
            [
              80.2063311958046,
              13.0858713528168
            ],
            [
              80.2063367493506,
              13.0859863154502
            ]
          ]
        ]
      }
    },
    {
      "type": "Feature",
      "properties": {
        "building_id": "B125",
        "parcel_id": "P000125",
        "demo_ulpin": "DEMO-TN-CHN-000125",
        "height": 9.600000000000001,
        "floors": 3,
        "is_primary": false,
        "is_mapped": false,
        "data_status": "REAL FOOTPRINT / SYNTHETIC HEIGHT",
        "source": "Google Open Buildings"
      },
      "geometry": {
        "type": "Polygon",
        "coordinates": [
          [
            [
              80.2048498626041,
              13.083456731527
            ],
            [
              80.2047511860196,
              13.0834611729405
            ],
            [
              80.2047534696747,
              13.0835099276076
            ],
            [
              80.2046718949645,
              13.0835135992398
            ],
            [
              80.2046687274685,
              13.0834459746133
            ],
            [
              80.2046950376211,
              13.0834447904106
            ],
            [
              80.2046932459687,
              13.0834065395135
            ],
            [
              80.2048471792245,
              13.0833994434552
            ],
            [
              80.2048498626041,
              13.083456731527
            ]
          ]
        ]
      }
    },
    {
      "type": "Feature",
      "properties": {
        "building_id": "B126",
        "parcel_id": "P000126",
        "demo_ulpin": "DEMO-TN-CHN-000126",
        "height": 9.600000000000001,
        "floors": 3,
        "is_primary": false,
        "is_mapped": false,
        "data_status": "REAL FOOTPRINT / SYNTHETIC HEIGHT",
        "source": "Google Open Buildings"
      },
      "geometry": {
        "type": "Polygon",
        "coordinates": [
          [
            [
              80.203466606181,
              13.0849188338341
            ],
            [
              80.2034712694028,
              13.0850339122294
            ],
            [
              80.2033910730328,
              13.0850370349324
            ],
            [
              80.2033880777938,
              13.0849631182186
            ],
            [
              80.2033511102146,
              13.0849645576621
            ],
            [
              80.2033494422752,
              13.0849233959815
            ],
            [
              80.203466606181,
              13.0849188338341
            ]
          ]
        ]
      }
    },
    {
      "type": "Feature",
      "properties": {
        "building_id": "B127",
        "parcel_id": "P000127",
        "demo_ulpin": "DEMO-TN-CHN-000127",
        "height": 16.0,
        "floors": 5,
        "is_primary": false,
        "is_mapped": false,
        "data_status": "REAL FOOTPRINT / SYNTHETIC HEIGHT",
        "source": "Google Open Buildings"
      },
      "geometry": {
        "type": "Polygon",
        "coordinates": [
          [
            [
              80.206383604819,
              13.0840635601919
            ],
            [
              80.2063919763563,
              13.0842403610178
            ],
            [
              80.2062994029604,
              13.0842445730699
            ],
            [
              80.2062910314891,
              13.0840677722449
            ],
            [
              80.206383604819,
              13.0840635601919
            ]
          ]
        ]
      }
    },
    {
      "type": "Feature",
      "properties": {
        "building_id": "B128",
        "parcel_id": "P000128",
        "demo_ulpin": "DEMO-TN-CHN-000128",
        "height": 12.8,
        "floors": 4,
        "is_primary": false,
        "is_mapped": false,
        "data_status": "REAL FOOTPRINT / SYNTHETIC HEIGHT",
        "source": "Google Open Buildings"
      },
      "geometry": {
        "type": "Polygon",
        "coordinates": [
          [
            [
              80.2036945830427,
              13.0839461498565
            ],
            [
              80.2038214830411,
              13.0839510498524
            ],
            [
              80.2038160830458,
              13.0840859498526
            ],
            [
              80.2036891830474,
              13.0840810498567
            ],
            [
              80.2036945830427,
              13.0839461498565
            ]
          ]
        ]
      }
    },
    {
      "type": "Feature",
      "properties": {
        "building_id": "B129",
        "parcel_id": "P000129",
        "demo_ulpin": "DEMO-TN-CHN-000129",
        "height": 6.4,
        "floors": 2,
        "is_primary": false,
        "is_mapped": false,
        "data_status": "REAL FOOTPRINT / SYNTHETIC HEIGHT",
        "source": "Google Open Buildings"
      },
      "geometry": {
        "type": "Polygon",
        "coordinates": [
          [
            [
              80.2050580984103,
              13.0866410408872
            ],
            [
              80.2049251840597,
              13.0866491017328
            ],
            [
              80.2049192442465,
              13.0865549895985
            ],
            [
              80.2050521585465,
              13.0865469287532
            ],
            [
              80.2050580984103,
              13.0866410408872
            ]
          ]
        ]
      }
    },
    {
      "type": "Feature",
      "properties": {
        "building_id": "B130",
        "parcel_id": "P000130",
        "demo_ulpin": "DEMO-TN-CHN-000130",
        "height": 6.4,
        "floors": 2,
        "is_primary": false,
        "is_mapped": false,
        "data_status": "REAL FOOTPRINT / SYNTHETIC HEIGHT",
        "source": "Google Open Buildings"
      },
      "geometry": {
        "type": "Polygon",
        "coordinates": [
          [
            [
              80.2066328638072,
              13.0846043123403
            ],
            [
              80.2066317183802,
              13.0847455499833
            ],
            [
              80.2065214140047,
              13.0847446903579
            ],
            [
              80.2065218239942,
              13.0846941391887
            ],
            [
              80.2064986298334,
              13.0846939584261
            ],
            [
              80.2064993653422,
              13.0846032719569
            ],
            [
              80.2066328638072,
              13.0846043123403
            ]
          ]
        ]
      }
    },
    {
      "type": "Feature",
      "properties": {
        "building_id": "B131",
        "parcel_id": "P000131",
        "demo_ulpin": "DEMO-TN-CHN-000131",
        "height": 6.4,
        "floors": 2,
        "is_primary": false,
        "is_mapped": false,
        "data_status": "REAL FOOTPRINT / SYNTHETIC HEIGHT",
        "source": "Google Open Buildings"
      },
      "geometry": {
        "type": "Polygon",
        "coordinates": [
          [
            [
              80.2054392044239,
              13.083438999447
            ],
            [
              80.2053654604873,
              13.0834433054881
            ],
            [
              80.2053670435319,
              13.0834693570221
            ],
            [
              80.2052258902693,
              13.083477599155
            ],
            [
              80.2052243072399,
              13.0834515476208
            ],
            [
              80.2051788843676,
              13.0834541999083
            ],
            [
              80.2051745252033,
              13.0833824619634
            ],
            [
              80.2054348451841,
              13.0833672614994
            ],
            [
              80.2054392044239,
              13.083438999447
            ]
          ]
        ]
      }
    },
    {
      "type": "Feature",
      "properties": {
        "building_id": "B132",
        "parcel_id": "P000132",
        "demo_ulpin": "DEMO-TN-CHN-000132",
        "height": 16.0,
        "floors": 5,
        "is_primary": false,
        "is_mapped": false,
        "data_status": "REAL FOOTPRINT / SYNTHETIC HEIGHT",
        "source": "Google Open Buildings"
      },
      "geometry": {
        "type": "Polygon",
        "coordinates": [
          [
            [
              80.2035371830659,
              13.0844015498736
            ],
            [
              80.2035332830716,
              13.0845634498738
            ],
            [
              80.2034163830731,
              13.0845607498776
            ],
            [
              80.2034172830718,
              13.0845205498775
            ],
            [
              80.203399583072,
              13.0845200498781
            ],
            [
              80.2034004830708,
              13.0844853498781
            ],
            [
              80.2034181830705,
              13.0844857498775
            ],
            [
              80.2034201830675,
              13.0843988498775
            ],
            [
              80.2035371830659,
              13.0844015498736
            ]
          ]
        ]
      }
    },
    {
      "type": "Feature",
      "properties": {
        "building_id": "B133",
        "parcel_id": "P000133",
        "demo_ulpin": "DEMO-TN-CHN-000133",
        "height": 12.8,
        "floors": 4,
        "is_primary": false,
        "is_mapped": false,
        "data_status": "REAL FOOTPRINT / SYNTHETIC HEIGHT",
        "source": "Google Open Buildings"
      },
      "geometry": {
        "type": "Polygon",
        "coordinates": [
          [
            [
              80.205154280457,
              13.0865399913384
            ],
            [
              80.2051634554648,
              13.0866853606338
            ],
            [
              80.2051005068384,
              13.0866891783068
            ],
            [
              80.205097318524,
              13.0866386622952
            ],
            [
              80.2050580984104,
              13.0866410408874
            ],
            [
              80.2050521117691,
              13.0865461876035
            ],
            [
              80.205154280457,
              13.0865399913384
            ]
          ]
        ]
      }
    },
    {
      "type": "Feature",
      "properties": {
        "building_id": "B134",
        "parcel_id": "P000134",
        "demo_ulpin": "DEMO-TN-CHN-000134",
        "height": 16.0,
        "floors": 5,
        "is_primary": false,
        "is_mapped": false,
        "data_status": "REAL FOOTPRINT / SYNTHETIC HEIGHT",
        "source": "Google Open Buildings"
      },
      "geometry": {
        "type": "Polygon",
        "coordinates": [
          [
            [
              80.2065259873217,
              13.0855527690927
            ],
            [
              80.2065347117873,
              13.0857328100129
            ],
            [
              80.2064324506039,
              13.085737571686
            ],
            [
              80.2064237262126,
              13.0855575307665
            ],
            [
              80.2065259873217,
              13.0855527690927
            ]
          ]
        ]
      }
    },
    {
      "type": "Feature",
      "properties": {
        "building_id": "B135",
        "parcel_id": "P000135",
        "demo_ulpin": "DEMO-TN-CHN-000135",
        "height": 12.8,
        "floors": 4,
        "is_primary": false,
        "is_mapped": false,
        "data_status": "REAL FOOTPRINT / SYNTHETIC HEIGHT",
        "source": "Google Open Buildings"
      },
      "geometry": {
        "type": "Polygon",
        "coordinates": [
          [
            [
              80.2060124004388,
              13.0862067623415
            ],
            [
              80.2060221471374,
              13.0863970187276
            ],
            [
              80.2058961955287,
              13.0864032188498
            ],
            [
              80.2058864489326,
              13.0862129624643
            ],
            [
              80.2060124004388,
              13.0862067623415
            ]
          ]
        ]
      }
    },
    {
      "type": "Feature",
      "properties": {
        "building_id": "B136",
        "parcel_id": "P000136",
        "demo_ulpin": "DEMO-TN-CHN-000136",
        "height": 6.4,
        "floors": 2,
        "is_primary": false,
        "is_mapped": false,
        "data_status": "REAL FOOTPRINT / SYNTHETIC HEIGHT",
        "source": "Google Open Buildings"
      },
      "geometry": {
        "type": "Polygon",
        "coordinates": [
          [
            [
              80.2052660831354,
              13.086479949869
            ],
            [
              80.2052928831441,
              13.0867433498681
            ],
            [
              80.2052487831449,
              13.0867476498695
            ],
            [
              80.2052433831431,
              13.0866939498697
            ],
            [
              80.2052003831439,
              13.0866981498711
            ],
            [
              80.205179083137,
              13.0864884498718
            ],
            [
              80.2052660831354,
              13.086479949869
            ]
          ]
        ]
      }
    },
    {
      "type": "Feature",
      "properties": {
        "building_id": "B137",
        "parcel_id": "P000137",
        "demo_ulpin": "DEMO-TN-CHN-000137",
        "height": 12.8,
        "floors": 4,
        "is_primary": false,
        "is_mapped": false,
        "data_status": "REAL FOOTPRINT / SYNTHETIC HEIGHT",
        "source": "Google Open Buildings"
      },
      "geometry": {
        "type": "Polygon",
        "coordinates": [
          [
            [
              80.2035273743487,
              13.085578135774
            ],
            [
              80.2033912298617,
              13.0855849800173
            ],
            [
              80.2033838246361,
              13.0854434336518
            ],
            [
              80.2035199690471,
              13.0854365894077
            ],
            [
              80.2035273743487,
              13.085578135774
            ]
          ]
        ]
      }
    },
    {
      "type": "Feature",
      "properties": {
        "building_id": "B138",
        "parcel_id": "P000138",
        "demo_ulpin": "DEMO-TN-CHN-000138",
        "height": 12.8,
        "floors": 4,
        "is_primary": false,
        "is_mapped": false,
        "data_status": "REAL FOOTPRINT / SYNTHETIC HEIGHT",
        "source": "Google Open Buildings"
      },
      "geometry": {
        "type": "Polygon",
        "coordinates": [
          [
            [
              80.2057150240577,
              13.0834624706896
            ],
            [
              80.2057146870335,
              13.0834832317014
            ],
            [
              80.2058323530001,
              13.0834850671753
            ],
            [
              80.2058307885261,
              13.0835814429382
            ],
            [
              80.2057308779709,
              13.0835798844334
            ],
            [
              80.2057305654331,
              13.0835991370841
            ],
            [
              80.2056574219167,
              13.0835979960928
            ],
            [
              80.2056577344603,
              13.0835787434433
            ],
            [
              80.2056250614081,
              13.0835782337588
            ],
            [
              80.2056269629938,
              13.0834610969886
            ],
            [
              80.2057150240577,
              13.0834624706896
            ]
          ]
        ]
      }
    },
    {
      "type": "Feature",
      "properties": {
        "building_id": "B139",
        "parcel_id": "P000139",
        "demo_ulpin": "DEMO-TN-CHN-000139",
        "height": 12.8,
        "floors": 4,
        "is_primary": false,
        "is_mapped": false,
        "data_status": "REAL FOOTPRINT / SYNTHETIC HEIGHT",
        "source": "Google Open Buildings"
      },
      "geometry": {
        "type": "Polygon",
        "coordinates": [
          [
            [
              80.2038368110348,
              13.0860060998415
            ],
            [
              80.2038469272966,
              13.0861843486075
            ],
            [
              80.2037336532787,
              13.0861905259752
            ],
            [
              80.2037235371,
              13.0860122772091
            ],
            [
              80.2038368110348,
              13.0860060998415
            ]
          ]
        ]
      }
    },
    {
      "type": "Feature",
      "properties": {
        "building_id": "B140",
        "parcel_id": "P000140",
        "demo_ulpin": "DEMO-TN-CHN-000140",
        "height": 9.600000000000001,
        "floors": 3,
        "is_primary": false,
        "is_mapped": false,
        "data_status": "REAL FOOTPRINT / SYNTHETIC HEIGHT",
        "source": "Google Open Buildings"
      },
      "geometry": {
        "type": "Polygon",
        "coordinates": [
          [
            [
              80.2056967831272,
              13.0864527498525
            ],
            [
              80.2056938831319,
              13.0865890498526
            ],
            [
              80.2055483831339,
              13.0865860498573
            ],
            [
              80.2055495831319,
              13.0865263498573
            ],
            [
              80.2055627831317,
              13.0865266498569
            ],
            [
              80.205564383129,
              13.0864500498568
            ],
            [
              80.2056967831272,
              13.0864527498525
            ]
          ]
        ]
      }
    },
    {
      "type": "Feature",
      "properties": {
        "building_id": "B141",
        "parcel_id": "P000141",
        "demo_ulpin": "DEMO-TN-CHN-000141",
        "height": 9.600000000000001,
        "floors": 3,
        "is_primary": false,
        "is_mapped": false,
        "data_status": "REAL FOOTPRINT / SYNTHETIC HEIGHT",
        "source": "Google Open Buildings"
      },
      "geometry": {
        "type": "Polygon",
        "coordinates": [
          [
            [
              80.2044651827405,
              13.0864851237593
            ],
            [
              80.2044666264832,
              13.0865109358099
            ],
            [
              80.2045219128428,
              13.0865079643752
            ],
            [
              80.2045286908855,
              13.0866291455792
            ],
            [
              80.2044410295686,
              13.0866338570383
            ],
            [
              80.204434251569,
              13.0865126758347
            ],
            [
              80.2043976323113,
              13.0865146439714
            ],
            [
              80.2043961885761,
              13.0864888319206
            ],
            [
              80.2044651827405,
              13.0864851237593
            ]
          ]
        ]
      }
    },
    {
      "type": "Feature",
      "properties": {
        "building_id": "B142",
        "parcel_id": "P000142",
        "demo_ulpin": "DEMO-TN-CHN-000142",
        "height": 6.4,
        "floors": 2,
        "is_primary": false,
        "is_mapped": false,
        "data_status": "REAL FOOTPRINT / SYNTHETIC HEIGHT",
        "source": "Google Open Buildings"
      },
      "geometry": {
        "type": "Polygon",
        "coordinates": [
          [
            [
              80.2066517637317,
              13.0853379370034
            ],
            [
              80.2066603476026,
              13.0855173565892
            ],
            [
              80.206527581764,
              13.0855234601178
            ],
            [
              80.2065189979895,
              13.0853440405329
            ],
            [
              80.2066517637317,
              13.0853379370034
            ]
          ]
        ]
      }
    },
    {
      "type": "Feature",
      "properties": {
        "building_id": "B143",
        "parcel_id": "P000143",
        "demo_ulpin": "DEMO-TN-CHN-000143",
        "height": 9.600000000000001,
        "floors": 3,
        "is_primary": false,
        "is_mapped": false,
        "data_status": "REAL FOOTPRINT / SYNTHETIC HEIGHT",
        "source": "Google Open Buildings"
      },
      "geometry": {
        "type": "Polygon",
        "coordinates": [
          [
            [
              80.2035498934355,
              13.0843564602488
            ],
            [
              80.2034266622493,
              13.0843632548748
            ],
            [
              80.2034179373084,
              13.0842111975433
            ],
            [
              80.2035411684188,
              13.0842044029167
            ],
            [
              80.2035498934355,
              13.0843564602488
            ]
          ]
        ]
      }
    },
    {
      "type": "Feature",
      "properties": {
        "building_id": "B144",
        "parcel_id": "P000144",
        "demo_ulpin": "DEMO-TN-CHN-000144",
        "height": 9.600000000000001,
        "floors": 3,
        "is_primary": false,
        "is_mapped": false,
        "data_status": "REAL FOOTPRINT / SYNTHETIC HEIGHT",
        "source": "Google Open Buildings"
      },
      "geometry": {
        "type": "Polygon",
        "coordinates": [
          [
            [
              80.2067640043774,
              13.0848974572044
            ],
            [
              80.2065810053157,
              13.0849036506226
            ],
            [
              80.2065772691414,
              13.0847975700103
            ],
            [
              80.2067602681246,
              13.0847913765904
            ],
            [
              80.2067640043774,
              13.0848974572044
            ]
          ]
        ]
      }
    },
    {
      "type": "Feature",
      "properties": {
        "building_id": "B145",
        "parcel_id": "P000145",
        "demo_ulpin": "DEMO-TN-CHN-000145",
        "height": 12.8,
        "floors": 4,
        "is_primary": false,
        "is_mapped": false,
        "data_status": "REAL FOOTPRINT / SYNTHETIC HEIGHT",
        "source": "Google Open Buildings"
      },
      "geometry": {
        "type": "Polygon",
        "coordinates": [
          [
            [
              80.2065157850223,
              13.0840666267499
            ],
            [
              80.2065241220338,
              13.0842424416747
            ],
            [
              80.2063926320756,
              13.0842484331409
            ],
            [
              80.2063842951583,
              13.0840726182173
            ],
            [
              80.2065157850223,
              13.0840666267499
            ]
          ]
        ]
      }
    },
    {
      "type": "Feature",
      "properties": {
        "building_id": "B146",
        "parcel_id": "P000146",
        "demo_ulpin": "DEMO-TN-CHN-000146",
        "height": 9.600000000000001,
        "floors": 3,
        "is_primary": false,
        "is_mapped": false,
        "data_status": "REAL FOOTPRINT / SYNTHETIC HEIGHT",
        "source": "Google Open Buildings"
      },
      "geometry": {
        "type": "Polygon",
        "coordinates": [
          [
            [
              80.2061054413255,
              13.0862258044046
            ],
            [
              80.206113054064,
              13.0863744047125
            ],
            [
              80.2060240960603,
              13.0863787838179
            ],
            [
              80.2060164833754,
              13.0862301835104
            ],
            [
              80.2061054413255,
              13.0862258044046
            ]
          ]
        ]
      }
    },
    {
      "type": "Feature",
      "properties": {
        "building_id": "B147",
        "parcel_id": "P000147",
        "demo_ulpin": "DEMO-TN-CHN-000147",
        "height": 16.0,
        "floors": 5,
        "is_primary": false,
        "is_mapped": false,
        "data_status": "REAL FOOTPRINT / SYNTHETIC HEIGHT",
        "source": "Google Open Buildings"
      },
      "geometry": {
        "type": "Polygon",
        "coordinates": [
          [
            [
              80.2064142356366,
              13.0839027043384
            ],
            [
              80.2064180126051,
              13.0839765215149
            ],
            [
              80.2062081550274,
              13.0839868395299
            ],
            [
              80.2062043781211,
              13.0839130223547
            ],
            [
              80.2064142356366,
              13.0839027043384
            ]
          ]
        ]
      }
    },
    {
      "type": "Feature",
      "properties": {
        "building_id": "B148",
        "parcel_id": "P000148",
        "demo_ulpin": "DEMO-TN-CHN-000148",
        "height": 16.0,
        "floors": 5,
        "is_primary": false,
        "is_mapped": false,
        "data_status": "REAL FOOTPRINT / SYNTHETIC HEIGHT",
        "source": "Google Open Buildings"
      },
      "geometry": {
        "type": "Polygon",
        "coordinates": [
          [
            [
              80.2066311908825,
              13.0855354644137
            ],
            [
              80.2066359087045,
              13.0856328220804
            ],
            [
              80.2065301052841,
              13.0856377487361
            ],
            [
              80.2065253875041,
              13.0855403910725
            ],
            [
              80.2066311908825,
              13.0855354644137
            ]
          ]
        ]
      }
    },
    {
      "type": "Feature",
      "properties": {
        "building_id": "B149",
        "parcel_id": "P000149",
        "demo_ulpin": "DEMO-TN-CHN-000149",
        "height": 16.0,
        "floors": 5,
        "is_primary": false,
        "is_mapped": false,
        "data_status": "REAL FOOTPRINT / SYNTHETIC HEIGHT",
        "source": "Google Open Buildings"
      },
      "geometry": {
        "type": "Polygon",
        "coordinates": [
          [
            [
              80.2061024062932,
              13.0836885690166
            ],
            [
              80.206048883854,
              13.0836847253376
            ],
            [
              80.2060462448402,
              13.0837200371402
            ],
            [
              80.2059775152747,
              13.0837151013541
            ],
            [
              80.205985536776,
              13.0836077685517
            ],
            [
              80.2061077887359,
              13.0836165480109
            ],
            [
              80.2061024062932,
              13.0836885690166
            ]
          ]
        ]
      }
    },
    {
      "type": "Feature",
      "properties": {
        "building_id": "B150",
        "parcel_id": "P000150",
        "demo_ulpin": "DEMO-TN-CHN-000150",
        "height": 16.0,
        "floors": 5,
        "is_primary": false,
        "is_mapped": false,
        "data_status": "REAL FOOTPRINT / SYNTHETIC HEIGHT",
        "source": "Google Open Buildings"
      },
      "geometry": {
        "type": "Polygon",
        "coordinates": [
          [
            [
              80.2042952357458,
              13.0865544164829
            ],
            [
              80.2041486660893,
              13.086562293894
            ],
            [
              80.2041431705281,
              13.0864640388341
            ],
            [
              80.2042897401265,
              13.0864561614229
            ],
            [
              80.2042952357458,
              13.0865544164829
            ]
          ]
        ]
      }
    },
    {
      "type": "Feature",
      "properties": {
        "building_id": "B151",
        "parcel_id": "P000151",
        "demo_ulpin": "DEMO-TN-CHN-000151",
        "height": 6.4,
        "floors": 2,
        "is_primary": false,
        "is_mapped": false,
        "data_status": "REAL FOOTPRINT / SYNTHETIC HEIGHT",
        "source": "Google Open Buildings"
      },
      "geometry": {
        "type": "Polygon",
        "coordinates": [
          [
            [
              80.2048888033266,
              13.0868009762528
            ],
            [
              80.2047833044008,
              13.0868073743655
            ],
            [
              80.204770232786,
              13.0866002619522
            ],
            [
              80.2048757316232,
              13.0865938638399
            ],
            [
              80.2048888033266,
              13.0868009762528
            ]
          ]
        ]
      }
    },
    {
      "type": "Feature",
      "properties": {
        "building_id": "B152",
        "parcel_id": "P000152",
        "demo_ulpin": "DEMO-TN-CHN-000152",
        "height": 6.4,
        "floors": 2,
        "is_primary": false,
        "is_mapped": false,
        "data_status": "REAL FOOTPRINT / SYNTHETIC HEIGHT",
        "source": "Google Open Buildings"
      },
      "geometry": {
        "type": "Polygon",
        "coordinates": [
          [
            [
              80.2066521830137,
              13.084263949766
            ],
            [
              80.2066558830158,
              13.0843270497659
            ],
            [
              80.2066978830152,
              13.0843247497645
            ],
            [
              80.2067016830174,
              13.0843914497644
            ],
            [
              80.2066596830181,
              13.0843937497658
            ],
            [
              80.2066623830197,
              13.0844405497657
            ],
            [
              80.2065118830221,
              13.0844488497706
            ],
            [
              80.2065076830196,
              13.0843756497707
            ],
            [
              80.20648798302,
              13.0843767497714
            ],
            [
              80.2064819830165,
              13.0842734497716
            ],
            [
              80.2066521830137,
              13.084263949766
            ]
          ]
        ]
      }
    },
    {
      "type": "Feature",
      "properties": {
        "building_id": "B153",
        "parcel_id": "P000153",
        "demo_ulpin": "DEMO-TN-CHN-000153",
        "height": 6.4,
        "floors": 2,
        "is_primary": false,
        "is_mapped": false,
        "data_status": "REAL FOOTPRINT / SYNTHETIC HEIGHT",
        "source": "Google Open Buildings"
      },
      "geometry": {
        "type": "Polygon",
        "coordinates": [
          [
            [
              80.206289639046,
              13.083841381828
            ],
            [
              80.2062009357295,
              13.083845743064
            ],
            [
              80.2062043781194,
              13.083913022351
            ],
            [
              80.2061822315961,
              13.0839141112139
            ],
            [
              80.2061728051512,
              13.0837298770556
            ],
            [
              80.2062836549321,
              13.0837244269564
            ],
            [
              80.206289639046,
              13.083841381828
            ]
          ]
        ]
      }
    },
    {
      "type": "Feature",
      "properties": {
        "building_id": "B154",
        "parcel_id": "P000154",
        "demo_ulpin": "DEMO-TN-CHN-000154",
        "height": 16.0,
        "floors": 5,
        "is_primary": false,
        "is_mapped": false,
        "data_status": "REAL FOOTPRINT / SYNTHETIC HEIGHT",
        "source": "Google Open Buildings"
      },
      "geometry": {
        "type": "Polygon",
        "coordinates": [
          [
            [
              80.2049965531284,
              13.0866484438718
            ],
            [
              80.2050147308829,
              13.0867619716272
            ],
            [
              80.2050510008887,
              13.0867563912266
            ],
            [
              80.2050541931602,
              13.0867763282846
            ],
            [
              80.2049462564061,
              13.0867929351121
            ],
            [
              80.204924886422,
              13.0866594702949
            ],
            [
              80.2049965531284,
              13.0866484438718
            ]
          ]
        ]
      }
    },
    {
      "type": "Feature",
      "properties": {
        "building_id": "B155",
        "parcel_id": "P000155",
        "demo_ulpin": "DEMO-TN-CHN-000155",
        "height": 9.600000000000001,
        "floors": 3,
        "is_primary": false,
        "is_mapped": false,
        "data_status": "REAL FOOTPRINT / SYNTHETIC HEIGHT",
        "source": "Google Open Buildings"
      },
      "geometry": {
        "type": "Polygon",
        "coordinates": [
          [
            [
              80.2066405152489,
              13.0857278833555
            ],
            [
              80.2065347117877,
              13.0857328100137
            ],
            [
              80.2065301052852,
              13.0856377487385
            ],
            [
              80.2066359087056,
              13.0856328220828
            ],
            [
              80.2066405152489,
              13.0857278833555
            ]
          ]
        ]
      }
    },
    {
      "type": "Feature",
      "properties": {
        "building_id": "B156",
        "parcel_id": "P000156",
        "demo_ulpin": "DEMO-TN-CHN-000156",
        "height": 9.600000000000001,
        "floors": 3,
        "is_primary": false,
        "is_mapped": false,
        "data_status": "REAL FOOTPRINT / SYNTHETIC HEIGHT",
        "source": "Google Open Buildings"
      },
      "geometry": {
        "type": "Polygon",
        "coordinates": [
          [
            [
              80.2065288061203,
              13.085977400296
            ],
            [
              80.2063984590084,
              13.0859834509421
            ],
            [
              80.2063933643059,
              13.0858779872634
            ],
            [
              80.2065237113622,
              13.0858719366152
            ],
            [
              80.2065288061203,
              13.085977400296
            ]
          ]
        ]
      }
    },
    {
      "type": "Feature",
      "properties": {
        "building_id": "B157",
        "parcel_id": "P000157",
        "demo_ulpin": "DEMO-TN-CHN-000157",
        "height": 12.8,
        "floors": 4,
        "is_primary": false,
        "is_mapped": false,
        "data_status": "REAL FOOTPRINT / SYNTHETIC HEIGHT",
        "source": "Google Open Buildings"
      },
      "geometry": {
        "type": "Polygon",
        "coordinates": [
          [
            [
              80.2037240885568,
              13.0860163031047
            ],
            [
              80.2037132080363,
              13.0862181705161
            ],
            [
              80.2036330896678,
              13.0862140209893
            ],
            [
              80.203637204835,
              13.0861376723962
            ],
            [
              80.2035966800612,
              13.0861355735099
            ],
            [
              80.2036034455001,
              13.0860100547014
            ],
            [
              80.2037240885568,
              13.0860163031047
            ]
          ]
        ]
      }
    },
    {
      "type": "Feature",
      "properties": {
        "building_id": "B158",
        "parcel_id": "P000158",
        "demo_ulpin": "DEMO-TN-CHN-000158",
        "height": 9.600000000000001,
        "floors": 3,
        "is_primary": false,
        "is_mapped": false,
        "data_status": "REAL FOOTPRINT / SYNTHETIC HEIGHT",
        "source": "Google Open Buildings"
      },
      "geometry": {
        "type": "Polygon",
        "coordinates": [
          [
            [
              80.2033368833832,
              13.084890500578
            ],
            [
              80.2032099101464,
              13.0848951078729
            ],
            [
              80.2032035357728,
              13.0847263000412
            ],
            [
              80.2033305089218,
              13.0847216927444
            ],
            [
              80.2033368833832,
              13.084890500578
            ]
          ]
        ]
      }
    },
    {
      "type": "Feature",
      "properties": {
        "building_id": "B159",
        "parcel_id": "P000159",
        "demo_ulpin": "DEMO-TN-CHN-000159",
        "height": 12.8,
        "floors": 4,
        "is_primary": false,
        "is_mapped": false,
        "data_status": "REAL FOOTPRINT / SYNTHETIC HEIGHT",
        "source": "Google Open Buildings"
      },
      "geometry": {
        "type": "Polygon",
        "coordinates": [
          [
            [
              80.2039945833651,
              13.0863785568969
            ],
            [
              80.2040143110608,
              13.0863776512052
            ],
            [
              80.2040179454465,
              13.0864537201129
            ],
            [
              80.2039153250058,
              13.0864584313631
            ],
            [
              80.2039093437367,
              13.086333240306
            ],
            [
              80.2039922364338,
              13.086329434747
            ],
            [
              80.2039945833651,
              13.0863785568969
            ]
          ]
        ]
      }
    },
    {
      "type": "Feature",
      "properties": {
        "building_id": "B160",
        "parcel_id": "P000160",
        "demo_ulpin": "DEMO-TN-CHN-000160",
        "height": 6.4,
        "floors": 2,
        "is_primary": false,
        "is_mapped": false,
        "data_status": "REAL FOOTPRINT / SYNTHETIC HEIGHT",
        "source": "Google Open Buildings"
      },
      "geometry": {
        "type": "Polygon",
        "coordinates": [
          [
            [
              80.2035682480169,
              13.0838916450303
            ],
            [
              80.2035651046653,
              13.0838296012143
            ],
            [
              80.2038024424997,
              13.0838180466067
            ],
            [
              80.2038055859109,
              13.0838800904234
            ],
            [
              80.2035682480169,
              13.0838916450303
            ]
          ]
        ]
      }
    },
    {
      "type": "Feature",
      "properties": {
        "building_id": "B161",
        "parcel_id": "P000161",
        "demo_ulpin": "DEMO-TN-CHN-000161",
        "height": 12.8,
        "floors": 4,
        "is_primary": false,
        "is_mapped": false,
        "data_status": "REAL FOOTPRINT / SYNTHETIC HEIGHT",
        "source": "Google Open Buildings"
      },
      "geometry": {
        "type": "Polygon",
        "coordinates": [
          [
            [
              80.2047162987274,
              13.0866392598491
            ],
            [
              80.2047142834403,
              13.0867885842091
            ],
            [
              80.2046371497389,
              13.0867875838969
            ],
            [
              80.2046391650724,
              13.0866382595406
            ],
            [
              80.2047162987274,
              13.0866392598491
            ]
          ]
        ]
      }
    },
    {
      "type": "Feature",
      "properties": {
        "building_id": "B162",
        "parcel_id": "P000162",
        "demo_ulpin": "DEMO-TN-CHN-000162",
        "height": 12.8,
        "floors": 4,
        "is_primary": false,
        "is_mapped": false,
        "data_status": "REAL FOOTPRINT / SYNTHETIC HEIGHT",
        "source": "Google Open Buildings"
      },
      "geometry": {
        "type": "Polygon",
        "coordinates": [
          [
            [
              80.2051559829867,
              13.0831892497885
            ],
            [
              80.2051611829907,
              13.0833082497883
            ],
            [
              80.2049727829937,
              13.0833161497945
            ],
            [
              80.2049675829896,
              13.0831971497946
            ],
            [
              80.2051559829867,
              13.0831892497885
            ]
          ]
        ]
      }
    },
    {
      "type": "Feature",
      "properties": {
        "building_id": "B163",
        "parcel_id": "P000163",
        "demo_ulpin": "DEMO-TN-CHN-000163",
        "height": 9.600000000000001,
        "floors": 3,
        "is_primary": false,
        "is_mapped": false,
        "data_status": "REAL FOOTPRINT / SYNTHETIC HEIGHT",
        "source": "Google Open Buildings"
      },
      "geometry": {
        "type": "Polygon",
        "coordinates": [
          [
            [
              80.2034674743848,
              13.0858033610933
            ],
            [
              80.2033605166513,
              13.0858076204518
            ],
            [
              80.2033571392852,
              13.0857261254336
            ],
            [
              80.2034216134389,
              13.0857235578955
            ],
            [
              80.2034201734106,
              13.0856888105685
            ],
            [
              80.2034626569487,
              13.0856871187476
            ],
            [
              80.2034674743848,
              13.0858033610933
            ]
          ]
        ]
      }
    },
    {
      "type": "Feature",
      "properties": {
        "building_id": "B164",
        "parcel_id": "P000164",
        "demo_ulpin": "DEMO-TN-CHN-000164",
        "height": 6.4,
        "floors": 2,
        "is_primary": false,
        "is_mapped": false,
        "data_status": "REAL FOOTPRINT / SYNTHETIC HEIGHT",
        "source": "Google Open Buildings"
      },
      "geometry": {
        "type": "Polygon",
        "coordinates": [
          [
            [
              80.2060861057548,
              13.0835983525281
            ],
            [
              80.2058832680581,
              13.0836064447618
            ],
            [
              80.2058784357287,
              13.0834900504837
            ],
            [
              80.2060812733297,
              13.0834819582483
            ],
            [
              80.2060861057548,
              13.0835983525281
            ]
          ]
        ]
      }
    },
    {
      "type": "Feature",
      "properties": {
        "building_id": "B165",
        "parcel_id": "P000165",
        "demo_ulpin": "DEMO-TN-CHN-000165",
        "height": 6.4,
        "floors": 2,
        "is_primary": false,
        "is_mapped": false,
        "data_status": "REAL FOOTPRINT / SYNTHETIC HEIGHT",
        "source": "Google Open Buildings"
      },
      "geometry": {
        "type": "Polygon",
        "coordinates": [
          [
            [
              80.2033927609342,
              13.0845675062453
            ],
            [
              80.2033310730087,
              13.0845709075102
            ],
            [
              80.2033324737288,
              13.0845953192633
            ],
            [
              80.2033035991224,
              13.0845969113071
            ],
            [
              80.2033021984053,
              13.0845724995536
            ],
            [
              80.2032350737782,
              13.0845762005555
            ],
            [
              80.2032306199172,
              13.084498578107
            ],
            [
              80.2032592873285,
              13.0844969974944
            ],
            [
              80.2032548987085,
              13.0844205122059
            ],
            [
              80.2033839183637,
              13.0844133985079
            ],
            [
              80.2033927609342,
              13.0845675062453
            ]
          ]
        ]
      }
    },
    {
      "type": "Feature",
      "properties": {
        "building_id": "B166",
        "parcel_id": "P000166",
        "demo_ulpin": "DEMO-TN-CHN-000166",
        "height": 12.8,
        "floors": 4,
        "is_primary": false,
        "is_mapped": false,
        "data_status": "REAL FOOTPRINT / SYNTHETIC HEIGHT",
        "source": "Google Open Buildings"
      },
      "geometry": {
        "type": "Polygon",
        "coordinates": [
          [
            [
              80.206196979973,
              13.0862212982277
            ],
            [
              80.2062071889918,
              13.0864205763601
            ],
            [
              80.2061156502711,
              13.0864250825368
            ],
            [
              80.2061054413257,
              13.086225804405
            ],
            [
              80.206196979973,
              13.0862212982277
            ]
          ]
        ]
      }
    },
    {
      "type": "Feature",
      "properties": {
        "building_id": "B167",
        "parcel_id": "P000167",
        "demo_ulpin": "DEMO-TN-CHN-000167",
        "height": 12.8,
        "floors": 4,
        "is_primary": false,
        "is_mapped": false,
        "data_status": "REAL FOOTPRINT / SYNTHETIC HEIGHT",
        "source": "Google Open Buildings"
      },
      "geometry": {
        "type": "Polygon",
        "coordinates": [
          [
            [
              80.2058511829836,
              13.0833512497688
            ],
            [
              80.205851682985,
              13.0833942497688
            ],
            [
              80.2058574829849,
              13.0833941497686
            ],
            [
              80.2058580829865,
              13.0834388497686
            ],
            [
              80.2056041829902,
              13.0834417497769
            ],
            [
              80.2056030829872,
              13.0833540497769
            ],
            [
              80.2058511829836,
              13.0833512497688
            ]
          ]
        ]
      }
    },
    {
      "type": "Feature",
      "properties": {
        "building_id": "B168",
        "parcel_id": "P000168",
        "demo_ulpin": "DEMO-TN-CHN-000168",
        "height": 6.4,
        "floors": 2,
        "is_primary": false,
        "is_mapped": false,
        "data_status": "REAL FOOTPRINT / SYNTHETIC HEIGHT",
        "source": "Google Open Buildings"
      },
      "geometry": {
        "type": "Polygon",
        "coordinates": [
          [
            [
              80.2056750128346,
              13.0865886450946
            ],
            [
              80.2056747237298,
              13.0866022861373
            ],
            [
              80.2057536489469,
              13.0866038934501
            ],
            [
              80.2057516511132,
              13.0866981599639
            ],
            [
              80.2055591905932,
              13.086694240458
            ],
            [
              80.2055614776086,
              13.0865863329073
            ],
            [
              80.2056750128346,
              13.0865886450946
            ]
          ]
        ]
      }
    },
    {
      "type": "Feature",
      "properties": {
        "building_id": "B169",
        "parcel_id": "P000169",
        "demo_ulpin": "DEMO-TN-CHN-000169",
        "height": 12.8,
        "floors": 4,
        "is_primary": false,
        "is_mapped": false,
        "data_status": "REAL FOOTPRINT / SYNTHETIC HEIGHT",
        "source": "Google Open Buildings"
      },
      "geometry": {
        "type": "Polygon",
        "coordinates": [
          [
            [
              80.2032722898151,
              13.0849193675601
            ],
            [
              80.2032772374669,
              13.0850414674428
            ],
            [
              80.2031519778352,
              13.0850463447228
            ],
            [
              80.2031470302453,
              13.0849242448415
            ],
            [
              80.2032722898151,
              13.0849193675601
            ]
          ]
        ]
      }
    },
    {
      "type": "Feature",
      "properties": {
        "building_id": "B170",
        "parcel_id": "P000170",
        "demo_ulpin": "DEMO-TN-CHN-000170",
        "height": 12.8,
        "floors": 4,
        "is_primary": false,
        "is_mapped": false,
        "data_status": "REAL FOOTPRINT / SYNTHETIC HEIGHT",
        "source": "Google Open Buildings"
      },
      "geometry": {
        "type": "Polygon",
        "coordinates": [
          [
            [
              80.2043607752355,
              13.0866916759343
            ],
            [
              80.2041856874683,
              13.0866852250681
            ],
            [
              80.2041895924973,
              13.0865833805065
            ],
            [
              80.2043409735516,
              13.0865889579346
            ],
            [
              80.2043417939861,
              13.0865675603354
            ],
            [
              80.2043655006253,
              13.0865684337659
            ],
            [
              80.2043607752355,
              13.0866916759343
            ]
          ]
        ]
      }
    },
    {
      "type": "Feature",
      "properties": {
        "building_id": "B171",
        "parcel_id": "P000171",
        "demo_ulpin": "DEMO-TN-CHN-000171",
        "height": 12.8,
        "floors": 4,
        "is_primary": false,
        "is_mapped": false,
        "data_status": "REAL FOOTPRINT / SYNTHETIC HEIGHT",
        "source": "Google Open Buildings"
      },
      "geometry": {
        "type": "Polygon",
        "coordinates": [
          [
            [
              80.206824758667,
              13.085279456081
            ],
            [
              80.2068319491529,
              13.0854161550589
            ],
            [
              80.2067913110189,
              13.0854182091047
            ],
            [
              80.2067921962228,
              13.0854350378441
            ],
            [
              80.2068328343594,
              13.0854329837978
            ],
            [
              80.2068349575549,
              13.0854733480425
            ],
            [
              80.2066897011093,
              13.0854806899675
            ],
            [
              80.2066795023353,
              13.0852867980068
            ],
            [
              80.206824758667,
              13.085279456081
            ]
          ]
        ]
      }
    },
    {
      "type": "Feature",
      "properties": {
        "building_id": "B172",
        "parcel_id": "P000172",
        "demo_ulpin": "DEMO-TN-CHN-000172",
        "height": 16.0,
        "floors": 5,
        "is_primary": false,
        "is_mapped": false,
        "data_status": "REAL FOOTPRINT / SYNTHETIC HEIGHT",
        "source": "Google Open Buildings"
      },
      "geometry": {
        "type": "Polygon",
        "coordinates": [
          [
            [
              80.2033423852045,
              13.0841935780221
            ],
            [
              80.2033441631627,
              13.0842245642598
            ],
            [
              80.2034184691979,
              13.0842204672573
            ],
            [
              80.2034266622494,
              13.084363254875
            ],
            [
              80.2032906225857,
              13.0843707556558
            ],
            [
              80.2032806516623,
              13.0841969818007
            ],
            [
              80.2033423852045,
              13.0841935780221
            ]
          ]
        ]
      }
    },
    {
      "type": "Feature",
      "properties": {
        "building_id": "B173",
        "parcel_id": "P000173",
        "demo_ulpin": "DEMO-TN-CHN-000173",
        "height": 9.600000000000001,
        "floors": 3,
        "is_primary": false,
        "is_mapped": false,
        "data_status": "REAL FOOTPRINT / SYNTHETIC HEIGHT",
        "source": "Google Open Buildings"
      },
      "geometry": {
        "type": "Polygon",
        "coordinates": [
          [
            [
              80.2045781831547,
              13.0866969498958
            ],
            [
              80.2045877831593,
              13.0868337498955
            ],
            [
              80.2044937831609,
              13.0868401498986
            ],
            [
              80.2044819831552,
              13.086671949899
            ],
            [
              80.2045759831536,
              13.0866655498959
            ],
            [
              80.2045781831547,
              13.0866969498958
            ]
          ]
        ]
      }
    },
    {
      "type": "Feature",
      "properties": {
        "building_id": "B174",
        "parcel_id": "P000174",
        "demo_ulpin": "DEMO-TN-CHN-000174",
        "height": 6.4,
        "floors": 2,
        "is_primary": false,
        "is_mapped": false,
        "data_status": "REAL FOOTPRINT / SYNTHETIC HEIGHT",
        "source": "Google Open Buildings"
      },
      "geometry": {
        "type": "Polygon",
        "coordinates": [
          [
            [
              80.2048371671001,
              13.0832878281442
            ],
            [
              80.2047288046747,
              13.0832960222496
            ],
            [
              80.2047136986318,
              13.0831040577641
            ],
            [
              80.2048220609742,
              13.0830958636599
            ],
            [
              80.2048371671001,
              13.0832878281442
            ]
          ]
        ]
      }
    },
    {
      "type": "Feature",
      "properties": {
        "building_id": "B175",
        "parcel_id": "P000175",
        "demo_ulpin": "DEMO-TN-CHN-000175",
        "height": 16.0,
        "floors": 5,
        "is_primary": false,
        "is_mapped": false,
        "data_status": "REAL FOOTPRINT / SYNTHETIC HEIGHT",
        "source": "Google Open Buildings"
      },
      "geometry": {
        "type": "Polygon",
        "coordinates": [
          [
            [
              80.2037991894172,
              13.0837538381377
            ],
            [
              80.2036064244439,
              13.0837632227695
            ],
            [
              80.2036029630942,
              13.0836949024859
            ],
            [
              80.2037957280142,
              13.0836855178534
            ],
            [
              80.2037991894172,
              13.0837538381377
            ]
          ]
        ]
      }
    },
    {
      "type": "Feature",
      "properties": {
        "building_id": "B176",
        "parcel_id": "P000176",
        "demo_ulpin": "DEMO-TN-CHN-000176",
        "height": 16.0,
        "floors": 5,
        "is_primary": false,
        "is_mapped": false,
        "data_status": "REAL FOOTPRINT / SYNTHETIC HEIGHT",
        "source": "Google Open Buildings"
      },
      "geometry": {
        "type": "Polygon",
        "coordinates": [
          [
            [
              80.2066464767159,
              13.0840515994331
            ],
            [
              80.2066548484407,
              13.0842284002611
            ],
            [
              80.2065674188648,
              13.0842323783621
            ],
            [
              80.2065590472018,
              13.0840555775348
            ],
            [
              80.2066464767159,
              13.0840515994331
            ]
          ]
        ]
      }
    },
    {
      "type": "Feature",
      "properties": {
        "building_id": "B177",
        "parcel_id": "P000177",
        "demo_ulpin": "DEMO-TN-CHN-000177",
        "height": 6.4,
        "floors": 2,
        "is_primary": false,
        "is_mapped": false,
        "data_status": "REAL FOOTPRINT / SYNTHETIC HEIGHT",
        "source": "Google Open Buildings"
      },
      "geometry": {
        "type": "Polygon",
        "coordinates": [
          [
            [
              80.204726590171,
              13.0832943047364
            ],
            [
              80.2046275855363,
              13.0832989808345
            ],
            [
              80.2046183372899,
              13.0831108219292
            ],
            [
              80.2047173418492,
              13.0831061458303
            ],
            [
              80.204726590171,
              13.0832943047364
            ]
          ]
        ]
      }
    },
    {
      "type": "Feature",
      "properties": {
        "building_id": "B178",
        "parcel_id": "P000178",
        "demo_ulpin": "DEMO-TN-CHN-000178",
        "height": 16.0,
        "floors": 5,
        "is_primary": false,
        "is_mapped": false,
        "data_status": "REAL FOOTPRINT / SYNTHETIC HEIGHT",
        "source": "Google Open Buildings"
      },
      "geometry": {
        "type": "Polygon",
        "coordinates": [
          [
            [
              80.2067925153622,
              13.0855279523711
            ],
            [
              80.20679642358,
              13.0856086018454
            ],
            [
              80.2067762892518,
              13.0856095394017
            ],
            [
              80.2067792592255,
              13.0856708274835
            ],
            [
              80.2067993935588,
              13.0856698899273
            ],
            [
              80.2068018398528,
              13.0857203713117
            ],
            [
              80.2066550138526,
              13.0857272082341
            ],
            [
              80.2066456894772,
              13.0855347892944
            ],
            [
              80.2067925153622,
              13.0855279523711
            ]
          ]
        ]
      }
    },
    {
      "type": "Feature",
      "properties": {
        "building_id": "B179",
        "parcel_id": "P000179",
        "demo_ulpin": "DEMO-TN-CHN-000179",
        "height": 9.600000000000001,
        "floors": 3,
        "is_primary": false,
        "is_mapped": false,
        "data_status": "REAL FOOTPRINT / SYNTHETIC HEIGHT",
        "source": "Google Open Buildings"
      },
      "geometry": {
        "type": "Polygon",
        "coordinates": [
          [
            [
              80.206888243901,
              13.0847870452991
            ],
            [
              80.206892438157,
              13.0849061279058
            ],
            [
              80.2067644623189,
              13.0849104591945
            ],
            [
              80.2067602681246,
              13.0847913765903
            ],
            [
              80.206888243901,
              13.0847870452991
            ]
          ]
        ]
      }
    },
    {
      "type": "Feature",
      "properties": {
        "building_id": "B180",
        "parcel_id": "P000180",
        "demo_ulpin": "DEMO-TN-CHN-000180",
        "height": 6.4,
        "floors": 2,
        "is_primary": false,
        "is_mapped": false,
        "data_status": "REAL FOOTPRINT / SYNTHETIC HEIGHT",
        "source": "Google Open Buildings"
      },
      "geometry": {
        "type": "Polygon",
        "coordinates": [
          [
            [
              80.2040294831519,
              13.0864556499082
            ],
            [
              80.2040262831561,
              13.0865764499083
            ],
            [
              80.2038939831579,
              13.0865730499127
            ],
            [
              80.2038971831537,
              13.0864522499125
            ],
            [
              80.2040294831519,
              13.0864556499082
            ]
          ]
        ]
      }
    },
    {
      "type": "Feature",
      "properties": {
        "building_id": "B181",
        "parcel_id": "P000181",
        "demo_ulpin": "DEMO-TN-CHN-000181",
        "height": 6.4,
        "floors": 2,
        "is_primary": false,
        "is_mapped": false,
        "data_status": "REAL FOOTPRINT / SYNTHETIC HEIGHT",
        "source": "Google Open Buildings"
      },
      "geometry": {
        "type": "Polygon",
        "coordinates": [
          [
            [
              80.2065929311605,
              13.0860753506344
            ],
            [
              80.2064733216679,
              13.0860809028733
            ],
            [
              80.2064684569998,
              13.085980201682
            ],
            [
              80.2065880664438,
              13.0859746494427
            ],
            [
              80.2065929311605,
              13.0860753506344
            ]
          ]
        ]
      }
    },
    {
      "type": "Feature",
      "properties": {
        "building_id": "B182",
        "parcel_id": "P000182",
        "demo_ulpin": "DEMO-TN-CHN-000182",
        "height": 12.8,
        "floors": 4,
        "is_primary": false,
        "is_mapped": false,
        "data_status": "REAL FOOTPRINT / SYNTHETIC HEIGHT",
        "source": "Google Open Buildings"
      },
      "geometry": {
        "type": "Polygon",
        "coordinates": [
          [
            [
              80.204953824106,
              13.0832006547008
            ],
            [
              80.2049494120482,
              13.0830967119826
            ],
            [
              80.2051341886195,
              13.0830891751289
            ],
            [
              80.205138600755,
              13.0831931178483
            ],
            [
              80.204953824106,
              13.0832006547008
            ]
          ]
        ]
      }
    },
    {
      "type": "Feature",
      "properties": {
        "building_id": "B183",
        "parcel_id": "P000183",
        "demo_ulpin": "DEMO-TN-CHN-000183",
        "height": 9.600000000000001,
        "floors": 3,
        "is_primary": false,
        "is_mapped": false,
        "data_status": "REAL FOOTPRINT / SYNTHETIC HEIGHT",
        "source": "Google Open Buildings"
      },
      "geometry": {
        "type": "Polygon",
        "coordinates": [
          [
            [
              80.2045488595907,
              13.0831141034181
            ],
            [
              80.2045581077823,
              13.083302262323
            ],
            [
              80.204468470565,
              13.0833064959305
            ],
            [
              80.2044592224396,
              13.0831183370264
            ],
            [
              80.2045488595907,
              13.0831141034181
            ]
          ]
        ]
      }
    },
    {
      "type": "Feature",
      "properties": {
        "building_id": "B184",
        "parcel_id": "P000184",
        "demo_ulpin": "DEMO-TN-CHN-000184",
        "height": 6.4,
        "floors": 2,
        "is_primary": false,
        "is_mapped": false,
        "data_status": "REAL FOOTPRINT / SYNTHETIC HEIGHT",
        "source": "Google Open Buildings"
      },
      "geometry": {
        "type": "Polygon",
        "coordinates": [
          [
            [
              80.2035910471043,
              13.0862009799428
            ],
            [
              80.2034854431434,
              13.0862079680881
            ],
            [
              80.2034770743834,
              13.086086444087
            ],
            [
              80.2035826782924,
              13.0860794559423
            ],
            [
              80.2035910471043,
              13.0862009799428
            ]
          ]
        ]
      }
    },
    {
      "type": "Feature",
      "properties": {
        "building_id": "B185",
        "parcel_id": "P000185",
        "demo_ulpin": "DEMO-TN-CHN-000185",
        "height": 12.8,
        "floors": 4,
        "is_primary": false,
        "is_mapped": false,
        "data_status": "REAL FOOTPRINT / SYNTHETIC HEIGHT",
        "source": "Google Open Buildings"
      },
      "geometry": {
        "type": "Polygon",
        "coordinates": [
          [
            [
              80.2037696830249,
              13.0835848498443
            ],
            [
              80.2037905830246,
              13.0835837498437
            ],
            [
              80.203795683028,
              13.0836855498435
            ],
            [
              80.2037005830295,
              13.0836901498466
            ],
            [
              80.2036942830253,
              13.0835661498468
            ],
            [
              80.2037684830242,
              13.0835624498444
            ],
            [
              80.2037696830249,
              13.0835848498443
            ]
          ]
        ]
      }
    },
    {
      "type": "Feature",
      "properties": {
        "building_id": "B186",
        "parcel_id": "P000186",
        "demo_ulpin": "DEMO-TN-CHN-000186",
        "height": 6.4,
        "floors": 2,
        "is_primary": false,
        "is_mapped": false,
        "data_status": "REAL FOOTPRINT / SYNTHETIC HEIGHT",
        "source": "Google Open Buildings"
      },
      "geometry": {
        "type": "Polygon",
        "coordinates": [
          [
            [
              80.205943412271,
              13.0864916378015
            ],
            [
              80.2059452506889,
              13.0865427754916
            ],
            [
              80.205996748799,
              13.0865409964926
            ],
            [
              80.2059974878717,
              13.0865615545149
            ],
            [
              80.2060404654288,
              13.0865600698501
            ],
            [
              80.2060434790765,
              13.0866438969935
            ],
            [
              80.2059173816476,
              13.0866482530208
            ],
            [
              80.2059117905656,
              13.0864927301666
            ],
            [
              80.205943412271,
              13.0864916378015
            ]
          ]
        ]
      }
    },
    {
      "type": "Feature",
      "properties": {
        "building_id": "B187",
        "parcel_id": "P000187",
        "demo_ulpin": "DEMO-TN-CHN-000187",
        "height": 9.600000000000001,
        "floors": 3,
        "is_primary": false,
        "is_mapped": false,
        "data_status": "REAL FOOTPRINT / SYNTHETIC HEIGHT",
        "source": "Google Open Buildings"
      },
      "geometry": {
        "type": "Polygon",
        "coordinates": [
          [
            [
              80.2059258847917,
              13.083456897368
            ],
            [
              80.2059265524112,
              13.0834239743254
            ],
            [
              80.2058956407499,
              13.0834233719825
            ],
            [
              80.2058964590407,
              13.0833830189579
            ],
            [
              80.2060625801006,
              13.0833862559386
            ],
            [
              80.206061094235,
              13.0834595320089
            ],
            [
              80.2059258847917,
              13.083456897368
            ]
          ]
        ]
      }
    },
    {
      "type": "Feature",
      "properties": {
        "building_id": "B188",
        "parcel_id": "P000188",
        "demo_ulpin": "DEMO-TN-CHN-000188",
        "height": 6.4,
        "floors": 2,
        "is_primary": false,
        "is_mapped": false,
        "data_status": "REAL FOOTPRINT / SYNTHETIC HEIGHT",
        "source": "Google Open Buildings"
      },
      "geometry": {
        "type": "Polygon",
        "coordinates": [
          [
            [
              80.2032064398221,
              13.08480320583
            ],
            [
              80.2032077633393,
              13.084838255556
            ],
            [
              80.2031856023741,
              13.0848390596731
            ],
            [
              80.2031877491768,
              13.0848959119909
            ],
            [
              80.2030808896082,
              13.0848997893922
            ],
            [
              80.2030774193311,
              13.08480788735
            ],
            [
              80.2032064398221,
              13.08480320583
            ]
          ]
        ]
      }
    },
    {
      "type": "Feature",
      "properties": {
        "building_id": "B189",
        "parcel_id": "P000189",
        "demo_ulpin": "DEMO-TN-CHN-000189",
        "height": 12.8,
        "floors": 4,
        "is_primary": false,
        "is_mapped": false,
        "data_status": "REAL FOOTPRINT / SYNTHETIC HEIGHT",
        "source": "Google Open Buildings"
      },
      "geometry": {
        "type": "Polygon",
        "coordinates": [
          [
            [
              80.2065721647157,
              13.0838581703676
            ],
            [
              80.2065764382302,
              13.0839666948388
            ],
            [
              80.2064742385347,
              13.0839705620162
            ],
            [
              80.2064699650648,
              13.0838620375454
            ],
            [
              80.2065721647157,
              13.0838581703676
            ]
          ]
        ]
      }
    },
    {
      "type": "Feature",
      "properties": {
        "building_id": "B190",
        "parcel_id": "P000190",
        "demo_ulpin": "DEMO-TN-CHN-000190",
        "height": 12.8,
        "floors": 4,
        "is_primary": false,
        "is_mapped": false,
        "data_status": "REAL FOOTPRINT / SYNTHETIC HEIGHT",
        "source": "Google Open Buildings"
      },
      "geometry": {
        "type": "Polygon",
        "coordinates": [
          [
            [
              80.2037667831506,
              13.0863262499155
            ],
            [
              80.2038701831491,
              13.0863252499121
            ],
            [
              80.2038728831577,
              13.086575349912
            ],
            [
              80.2037491831595,
              13.0865766499161
            ],
            [
              80.203748183156,
              13.0864754499161
            ],
            [
              80.2037683831557,
              13.0864752499154
            ],
            [
              80.2037667831506,
              13.0863262499155
            ]
          ]
        ]
      }
    },
    {
      "type": "Feature",
      "properties": {
        "building_id": "B191",
        "parcel_id": "P000191",
        "demo_ulpin": "DEMO-TN-CHN-000191",
        "height": 12.8,
        "floors": 4,
        "is_primary": false,
        "is_mapped": false,
        "data_status": "REAL FOOTPRINT / SYNTHETIC HEIGHT",
        "source": "Google Open Buildings"
      },
      "geometry": {
        "type": "Polygon",
        "coordinates": [
          [
            [
              80.2034457315802,
              13.0860085582502
            ],
            [
              80.2033258888856,
              13.0860145736923
            ],
            [
              80.2033198132303,
              13.0858982625994
            ],
            [
              80.2034396558684,
              13.0858922471568
            ],
            [
              80.2034457315802,
              13.0860085582502
            ]
          ]
        ]
      }
    },
    {
      "type": "Feature",
      "properties": {
        "building_id": "B192",
        "parcel_id": "P000192",
        "demo_ulpin": "DEMO-TN-CHN-000192",
        "height": 16.0,
        "floors": 5,
        "is_primary": false,
        "is_mapped": false,
        "data_status": "REAL FOOTPRINT / SYNTHETIC HEIGHT",
        "source": "Google Open Buildings"
      },
      "geometry": {
        "type": "Polygon",
        "coordinates": [
          [
            [
              80.2058220829807,
              13.0832985497664
            ],
            [
              80.205605982984,
              13.0833053497734
            ],
            [
              80.2056031829811,
              13.0832205497735
            ],
            [
              80.2058192829778,
              13.0832137497664
            ],
            [
              80.2058220829807,
              13.0832985497664
            ]
          ]
        ]
      }
    },
    {
      "type": "Feature",
      "properties": {
        "building_id": "B193",
        "parcel_id": "P000193",
        "demo_ulpin": "DEMO-TN-CHN-000193",
        "height": 9.600000000000001,
        "floors": 3,
        "is_primary": false,
        "is_mapped": false,
        "data_status": "REAL FOOTPRINT / SYNTHETIC HEIGHT",
        "source": "Google Open Buildings"
      },
      "geometry": {
        "type": "Polygon",
        "coordinates": [
          [
            [
              80.2034711586366,
              13.0840593186061
            ],
            [
              80.2033123100463,
              13.0840609092413
            ],
            [
              80.2033115125327,
              13.0839843755459
            ],
            [
              80.2034703610742,
              13.0839827849083
            ],
            [
              80.2034711586366,
              13.0840593186061
            ]
          ]
        ]
      }
    },
    {
      "type": "Feature",
      "properties": {
        "building_id": "B194",
        "parcel_id": "P000194",
        "demo_ulpin": "DEMO-TN-CHN-000194",
        "height": 9.600000000000001,
        "floors": 3,
        "is_primary": false,
        "is_mapped": false,
        "data_status": "REAL FOOTPRINT / SYNTHETIC HEIGHT",
        "source": "Google Open Buildings"
      },
      "geometry": {
        "type": "Polygon",
        "coordinates": [
          [
            [
              80.2068666662125,
              13.0842731981844
            ],
            [
              80.2068677197574,
              13.0842913939068
            ],
            [
              80.2068395208175,
              13.084292962839
            ],
            [
              80.2068454516392,
              13.0843953939444
            ],
            [
              80.2067024187689,
              13.0844033519537
            ],
            [
              80.2066954344739,
              13.0842827251279
            ],
            [
              80.2068666662125,
              13.0842731981844
            ]
          ]
        ]
      }
    },
    {
      "type": "Feature",
      "properties": {
        "building_id": "B195",
        "parcel_id": "P000195",
        "demo_ulpin": "DEMO-TN-CHN-000195",
        "height": 9.600000000000001,
        "floors": 3,
        "is_primary": false,
        "is_mapped": false,
        "data_status": "REAL FOOTPRINT / SYNTHETIC HEIGHT",
        "source": "Google Open Buildings"
      },
      "geometry": {
        "type": "Polygon",
        "coordinates": [
          [
            [
              80.2067938137509,
              13.0840555459876
            ],
            [
              80.2068024932241,
              13.084238843786
            ],
            [
              80.2066556593119,
              13.084245524888
            ],
            [
              80.2066469799478,
              13.084062227091
            ],
            [
              80.2067938137509,
              13.0840555459876
            ]
          ]
        ]
      }
    },
    {
      "type": "Feature",
      "properties": {
        "building_id": "B196",
        "parcel_id": "P000196",
        "demo_ulpin": "DEMO-TN-CHN-000196",
        "height": 12.8,
        "floors": 4,
        "is_primary": false,
        "is_mapped": false,
        "data_status": "REAL FOOTPRINT / SYNTHETIC HEIGHT",
        "source": "Google Open Buildings"
      },
      "geometry": {
        "type": "Polygon",
        "coordinates": [
          [
            [
              80.2043383102426,
              13.0831078528225
            ],
            [
              80.2043483524141,
              13.0833121691176
            ],
            [
              80.2042414623434,
              13.0833172174942
            ],
            [
              80.2042314202604,
              13.0831129012
            ],
            [
              80.2043383102426,
              13.0831078528225
            ]
          ]
        ]
      }
    },
    {
      "type": "Feature",
      "properties": {
        "building_id": "B197",
        "parcel_id": "P000197",
        "demo_ulpin": "DEMO-TN-CHN-000197",
        "height": 16.0,
        "floors": 5,
        "is_primary": false,
        "is_mapped": false,
        "data_status": "REAL FOOTPRINT / SYNTHETIC HEIGHT",
        "source": "Google Open Buildings"
      },
      "geometry": {
        "type": "Polygon",
        "coordinates": [
          [
            [
              80.203208316786,
              13.0854419281379
            ],
            [
              80.2032197048294,
              13.0856244646858
            ],
            [
              80.2031524615529,
              13.0856284958512
            ],
            [
              80.203148577392,
              13.0855662371982
            ],
            [
              80.2031056951275,
              13.0855688079373
            ],
            [
              80.2031066281385,
              13.0855837630796
            ],
            [
              80.203074507935,
              13.0855856886416
            ],
            [
              80.2030735749259,
              13.0855707334992
            ],
            [
              80.2030444698733,
              13.0855724783036
            ],
            [
              80.2030369660913,
              13.0854522004087
            ],
            [
              80.203208316786,
              13.0854419281379
            ]
          ]
        ]
      }
    },
    {
      "type": "Feature",
      "properties": {
        "building_id": "B198",
        "parcel_id": "P000198",
        "demo_ulpin": "DEMO-TN-CHN-000198",
        "height": 9.600000000000001,
        "floors": 3,
        "is_primary": false,
        "is_mapped": false,
        "data_status": "REAL FOOTPRINT / SYNTHETIC HEIGHT",
        "source": "Google Open Buildings"
      },
      "geometry": {
        "type": "Polygon",
        "coordinates": [
          [
            [
              80.2031913001182,
              13.0843762319299
            ],
            [
              80.2032011199438,
              13.0845473735139
            ],
            [
              80.2030802905985,
              13.0845540355354
            ],
            [
              80.2030704708571,
              13.0843828939514
            ],
            [
              80.2031913001182,
              13.0843762319299
            ]
          ]
        ]
      }
    },
    {
      "type": "Feature",
      "properties": {
        "building_id": "B199",
        "parcel_id": "P000199",
        "demo_ulpin": "DEMO-TN-CHN-000199",
        "height": 6.4,
        "floors": 2,
        "is_primary": false,
        "is_mapped": false,
        "data_status": "REAL FOOTPRINT / SYNTHETIC HEIGHT",
        "source": "Google Open Buildings"
      },
      "geometry": {
        "type": "Polygon",
        "coordinates": [
          [
            [
              80.2042117991927,
              13.0831994444401
            ],
            [
              80.2042356185413,
              13.083198319467
            ],
            [
              80.2042396846455,
              13.0832810484485
            ],
            [
              80.2041435463504,
              13.0832855889855
            ],
            [
              80.2041374699864,
              13.083161958269
            ],
            [
              80.2042097888894,
              13.0831585427047
            ],
            [
              80.2042117991927,
              13.0831994444401
            ]
          ]
        ]
      }
    },
    {
      "type": "Feature",
      "properties": {
        "building_id": "B200",
        "parcel_id": "P000200",
        "demo_ulpin": "DEMO-TN-CHN-000200",
        "height": 9.600000000000001,
        "floors": 3,
        "is_primary": false,
        "is_mapped": false,
        "data_status": "REAL FOOTPRINT / SYNTHETIC HEIGHT",
        "source": "Google Open Buildings"
      },
      "geometry": {
        "type": "Polygon",
        "coordinates": [
          [
            [
              80.2032871092032,
              13.0843095242212
            ],
            [
              80.2032684956789,
              13.0843105505046
            ],
            [
              80.2032720090576,
              13.0843717819402
            ],
            [
              80.2030404518765,
              13.0843845490603
            ],
            [
              80.2030342867174,
              13.0842771004158
            ],
            [
              80.2032844573184,
              13.0842633070118
            ],
            [
              80.2032871092032,
              13.0843095242212
            ]
          ]
        ]
      }
    },
    {
      "type": "Feature",
      "properties": {
        "building_id": "B201",
        "parcel_id": "P000201",
        "demo_ulpin": "DEMO-TN-CHN-000201",
        "height": 6.4,
        "floors": 2,
        "is_primary": false,
        "is_mapped": false,
        "data_status": "REAL FOOTPRINT / SYNTHETIC HEIGHT",
        "source": "Google Open Buildings"
      },
      "geometry": {
        "type": "Polygon",
        "coordinates": [
          [
            [
              80.2040114095556,
              13.0866942768293
            ],
            [
              80.2038695519403,
              13.08669845629
            ],
            [
              80.2038669122617,
              13.0866123634614
            ],
            [
              80.2040087698275,
              13.0866081839993
            ],
            [
              80.2040114095556,
              13.0866942768293
            ]
          ]
        ]
      }
    },
    {
      "type": "Feature",
      "properties": {
        "building_id": "B202",
        "parcel_id": "P000202",
        "demo_ulpin": "DEMO-TN-CHN-000202",
        "height": 9.600000000000001,
        "floors": 3,
        "is_primary": false,
        "is_mapped": false,
        "data_status": "REAL FOOTPRINT / SYNTHETIC HEIGHT",
        "source": "Google Open Buildings"
      },
      "geometry": {
        "type": "Polygon",
        "coordinates": [
          [
            [
              80.2062726088566,
              13.0864567995524
            ],
            [
              80.2062903498077,
              13.0866254303793
            ],
            [
              80.2061940316081,
              13.0866351674299
            ],
            [
              80.2061762907212,
              13.0864665365998
            ],
            [
              80.2062726088566,
              13.0864567995524
            ]
          ]
        ]
      }
    },
    {
      "type": "Feature",
      "properties": {
        "building_id": "B203",
        "parcel_id": "P000203",
        "demo_ulpin": "DEMO-TN-CHN-000203",
        "height": 12.8,
        "floors": 4,
        "is_primary": false,
        "is_mapped": false,
        "data_status": "REAL FOOTPRINT / SYNTHETIC HEIGHT",
        "source": "Google Open Buildings"
      },
      "geometry": {
        "type": "Polygon",
        "coordinates": [
          [
            [
              80.2037364831548,
              13.0864212499175
            ],
            [
              80.20373308316,
              13.0865724499176
            ],
            [
              80.2036454831612,
              13.0865705499205
            ],
            [
              80.2036481831571,
              13.0864527499204
            ],
            [
              80.2036286831574,
              13.086452349921
            ],
            [
              80.2036294831562,
              13.086418949921
            ],
            [
              80.2037364831548,
              13.0864212499175
            ]
          ]
        ]
      }
    },
    {
      "type": "Feature",
      "properties": {
        "building_id": "B204",
        "parcel_id": "P000204",
        "demo_ulpin": "DEMO-TN-CHN-000204",
        "height": 16.0,
        "floors": 5,
        "is_primary": false,
        "is_mapped": false,
        "data_status": "REAL FOOTPRINT / SYNTHETIC HEIGHT",
        "source": "Google Open Buildings"
      },
      "geometry": {
        "type": "Polygon",
        "coordinates": [
          [
            [
              80.2063731829809,
              13.0834582497545
            ],
            [
              80.2063796829852,
              13.0835845497542
            ],
            [
              80.2062972829865,
              13.0835886497569
            ],
            [
              80.2062907829822,
              13.0834623497571
            ],
            [
              80.2063731829809,
              13.0834582497545
            ]
          ]
        ]
      }
    },
    {
      "type": "Feature",
      "properties": {
        "building_id": "B205",
        "parcel_id": "P000205",
        "demo_ulpin": "DEMO-TN-CHN-000205",
        "height": 12.8,
        "floors": 4,
        "is_primary": false,
        "is_mapped": false,
        "data_status": "REAL FOOTPRINT / SYNTHETIC HEIGHT",
        "source": "Google Open Buildings"
      },
      "geometry": {
        "type": "Polygon",
        "coordinates": [
          [
            [
              80.2057755829754,
              13.0831697497645
            ],
            [
              80.2056066829782,
              13.08318024977
            ],
            [
              80.2056028829762,
              13.0831208497701
            ],
            [
              80.2056278829758,
              13.0831192497693
            ],
            [
              80.2056249829743,
              13.0830737497694
            ],
            [
              80.2057688829719,
              13.0830648497647
            ],
            [
              80.2057755829754,
              13.0831697497645
            ]
          ]
        ]
      }
    },
    {
      "type": "Feature",
      "properties": {
        "building_id": "B206",
        "parcel_id": "P000206",
        "demo_ulpin": "DEMO-TN-CHN-000206",
        "height": 12.8,
        "floors": 4,
        "is_primary": false,
        "is_mapped": false,
        "data_status": "REAL FOOTPRINT / SYNTHETIC HEIGHT",
        "source": "Google Open Buildings"
      },
      "geometry": {
        "type": "Polygon",
        "coordinates": [
          [
            [
              80.2041179046232,
              13.0833065075574
            ],
            [
              80.2040210435362,
              13.0833109244216
            ],
            [
              80.2040129862137,
              13.0831411315465
            ],
            [
              80.2041098472344,
              13.0831367146814
            ],
            [
              80.2041179046232,
              13.0833065075574
            ]
          ]
        ]
      }
    },
    {
      "type": "Feature",
      "properties": {
        "building_id": "B207",
        "parcel_id": "P000207",
        "demo_ulpin": "DEMO-TN-CHN-000207",
        "height": 16.0,
        "floors": 5,
        "is_primary": false,
        "is_mapped": false,
        "data_status": "REAL FOOTPRINT / SYNTHETIC HEIGHT",
        "source": "Google Open Buildings"
      },
      "geometry": {
        "type": "Polygon",
        "coordinates": [
          [
            [
              80.2062667158833,
              13.0833325756862
            ],
            [
              80.2062714724522,
              13.0834607722881
            ],
            [
              80.2061671933996,
              13.0834644902327
            ],
            [
              80.206162436885,
              13.083336293632
            ],
            [
              80.2062667158833,
              13.0833325756862
            ]
          ]
        ]
      }
    },
    {
      "type": "Feature",
      "properties": {
        "building_id": "B208",
        "parcel_id": "P000208",
        "demo_ulpin": "DEMO-TN-CHN-000208",
        "height": 9.600000000000001,
        "floors": 3,
        "is_primary": false,
        "is_mapped": false,
        "data_status": "REAL FOOTPRINT / SYNTHETIC HEIGHT",
        "source": "Google Open Buildings"
      },
      "geometry": {
        "type": "Polygon",
        "coordinates": [
          [
            [
              80.2034722830352,
              13.0837133498576
            ],
            [
              80.2034718830366,
              13.0837532498576
            ],
            [
              80.2034975830362,
              13.0837535498568
            ],
            [
              80.2034970830378,
              13.0838000498568
            ],
            [
              80.2033348830401,
              13.0837984498621
            ],
            [
              80.2033358830371,
              13.0837119498621
            ],
            [
              80.2034722830352,
              13.0837133498576
            ]
          ]
        ]
      }
    },
    {
      "type": "Feature",
      "properties": {
        "building_id": "B209",
        "parcel_id": "P000209",
        "demo_ulpin": "DEMO-TN-CHN-000209",
        "height": 12.8,
        "floors": 4,
        "is_primary": false,
        "is_mapped": false,
        "data_status": "REAL FOOTPRINT / SYNTHETIC HEIGHT",
        "source": "Google Open Buildings"
      },
      "geometry": {
        "type": "Polygon",
        "coordinates": [
          [
            [
              80.2070782576573,
              13.0847806142383
            ],
            [
              80.2070824520049,
              13.0848996968489
            ],
            [
              80.206944202822,
              13.084904375934
            ],
            [
              80.2069400085412,
              13.0847852933262
            ],
            [
              80.2070782576573,
              13.0847806142383
            ]
          ]
        ]
      }
    },
    {
      "type": "Feature",
      "properties": {
        "building_id": "B210",
        "parcel_id": "P000210",
        "demo_ulpin": "DEMO-TN-CHN-000210",
        "height": 9.600000000000001,
        "floors": 3,
        "is_primary": false,
        "is_mapped": false,
        "data_status": "REAL FOOTPRINT / SYNTHETIC HEIGHT",
        "source": "Google Open Buildings"
      },
      "geometry": {
        "type": "Polygon",
        "coordinates": [
          [
            [
              80.2067740829916,
              13.0838505497481
            ],
            [
              80.2065147829957,
              13.0838603497566
            ],
            [
              80.2065126829939,
              13.0838070497566
            ],
            [
              80.2064678829946,
              13.0838087497581
            ],
            [
              80.2064658829929,
              13.0837586497582
            ],
            [
              80.2067699829881,
              13.0837471497482
            ],
            [
              80.2067740829916,
              13.0838505497481
            ]
          ]
        ]
      }
    },
    {
      "type": "Feature",
      "properties": {
        "building_id": "B211",
        "parcel_id": "P000211",
        "demo_ulpin": "DEMO-TN-CHN-000211",
        "height": 12.8,
        "floors": 4,
        "is_primary": false,
        "is_mapped": false,
        "data_status": "REAL FOOTPRINT / SYNTHETIC HEIGHT",
        "source": "Google Open Buildings"
      },
      "geometry": {
        "type": "Polygon",
        "coordinates": [
          [
            [
              80.2060202365916,
              13.083229409349
            ],
            [
              80.2059722340642,
              13.0832329680767
            ],
            [
              80.2059745332296,
              13.0832627691531
            ],
            [
              80.2059944251134,
              13.0832612944444
            ],
            [
              80.2059978966081,
              13.0833062908347
            ],
            [
              80.2059170409561,
              13.0833122851538
            ],
            [
              80.2059135694762,
              13.0832672887641
            ],
            [
              80.2058838119394,
              13.0832694948647
            ],
            [
              80.2058736688877,
              13.0831380230868
            ],
            [
              80.2060123926365,
              13.0831277386497
            ],
            [
              80.2060202365916,
              13.083229409349
            ]
          ]
        ]
      }
    },
    {
      "type": "Feature",
      "properties": {
        "building_id": "B212",
        "parcel_id": "P000212",
        "demo_ulpin": "DEMO-TN-CHN-000212",
        "height": 9.600000000000001,
        "floors": 3,
        "is_primary": false,
        "is_mapped": false,
        "data_status": "REAL FOOTPRINT / SYNTHETIC HEIGHT",
        "source": "Google Open Buildings"
      },
      "geometry": {
        "type": "Polygon",
        "coordinates": [
          [
            [
              80.2032426830612,
              13.0842296498763
            ],
            [
              80.2030306830645,
              13.0842382498832
            ],
            [
              80.2030272830618,
              13.0841579498833
            ],
            [
              80.2032392830585,
              13.0841493498764
            ],
            [
              80.2032426830612,
              13.0842296498763
            ]
          ]
        ]
      }
    },
    {
      "type": "Feature",
      "properties": {
        "building_id": "B213",
        "parcel_id": "P000213",
        "demo_ulpin": "DEMO-TN-CHN-000213",
        "height": 9.600000000000001,
        "floors": 3,
        "is_primary": false,
        "is_mapped": false,
        "data_status": "REAL FOOTPRINT / SYNTHETIC HEIGHT",
        "source": "Google Open Buildings"
      },
      "geometry": {
        "type": "Polygon",
        "coordinates": [
          [
            [
              80.2036824297806,
              13.0835612851183
            ],
            [
              80.2035752289279,
              13.0835660792446
            ],
            [
              80.2035693120782,
              13.0834389422235
            ],
            [
              80.203676512877,
              13.0834341480965
            ],
            [
              80.2036824297806,
              13.0835612851183
            ]
          ]
        ]
      }
    },
    {
      "type": "Feature",
      "properties": {
        "building_id": "B214",
        "parcel_id": "P000214",
        "demo_ulpin": "DEMO-TN-CHN-000214",
        "height": 9.600000000000001,
        "floors": 3,
        "is_primary": false,
        "is_mapped": false,
        "data_status": "REAL FOOTPRINT / SYNTHETIC HEIGHT",
        "source": "Google Open Buildings"
      },
      "geometry": {
        "type": "Polygon",
        "coordinates": [
          [
            [
              80.2032986346646,
              13.0840242712049
            ],
            [
              80.2032587743286,
              13.0840270412993
            ],
            [
              80.2032621832404,
              13.0840741771735
            ],
            [
              80.2031379698955,
              13.084082809339
            ],
            [
              80.2031324173717,
              13.0840060326652
            ],
            [
              80.2032964910091,
              13.0839946304052
            ],
            [
              80.2032986346646,
              13.0840242712049
            ]
          ]
        ]
      }
    },
    {
      "type": "Feature",
      "properties": {
        "building_id": "B215",
        "parcel_id": "P000215",
        "demo_ulpin": "DEMO-TN-CHN-000215",
        "height": 16.0,
        "floors": 5,
        "is_primary": false,
        "is_mapped": false,
        "data_status": "REAL FOOTPRINT / SYNTHETIC HEIGHT",
        "source": "Google Open Buildings"
      },
      "geometry": {
        "type": "Polygon",
        "coordinates": [
          [
            [
              80.206989008624,
              13.084266296129
            ],
            [
              80.2069879998694,
              13.0843927237242
            ],
            [
              80.2068687371016,
              13.0843918092945
            ],
            [
              80.2068697459169,
              13.0842653817032
            ],
            [
              80.206989008624,
              13.084266296129
            ]
          ]
        ]
      }
    },
    {
      "type": "Feature",
      "properties": {
        "building_id": "B216",
        "parcel_id": "P000216",
        "demo_ulpin": "DEMO-TN-CHN-000216",
        "height": 6.4,
        "floors": 2,
        "is_primary": false,
        "is_mapped": false,
        "data_status": "REAL FOOTPRINT / SYNTHETIC HEIGHT",
        "source": "Google Open Buildings"
      },
      "geometry": {
        "type": "Polygon",
        "coordinates": [
          [
            [
              80.2068990098769,
              13.0840422598191
            ],
            [
              80.206906787526,
              13.0842281661496
            ],
            [
              80.2068051808552,
              13.0842322508724
            ],
            [
              80.2067974032821,
              13.0840463445432
            ],
            [
              80.2068990098769,
              13.0840422598191
            ]
          ]
        ]
      }
    },
    {
      "type": "Feature",
      "properties": {
        "building_id": "B217",
        "parcel_id": "P000217",
        "demo_ulpin": "DEMO-TN-CHN-000217",
        "height": 6.4,
        "floors": 2,
        "is_primary": false,
        "is_mapped": false,
        "data_status": "REAL FOOTPRINT / SYNTHETIC HEIGHT",
        "source": "Google Open Buildings"
      },
      "geometry": {
        "type": "Polygon",
        "coordinates": [
          [
            [
              80.203328783141,
              13.086014449918
            ],
            [
              80.2030691831452,
              13.0860274499265
            ],
            [
              80.2030634831415,
              13.0859184499267
            ],
            [
              80.2033230831373,
              13.0859054499182
            ],
            [
              80.203328783141,
              13.086014449918
            ]
          ]
        ]
      }
    },
    {
      "type": "Feature",
      "properties": {
        "building_id": "B218",
        "parcel_id": "P000218",
        "demo_ulpin": "DEMO-TN-CHN-000218",
        "height": 6.4,
        "floors": 2,
        "is_primary": false,
        "is_mapped": false,
        "data_status": "REAL FOOTPRINT / SYNTHETIC HEIGHT",
        "source": "Google Open Buildings"
      },
      "geometry": {
        "type": "Polygon",
        "coordinates": [
          [
            [
              80.2050942661269,
              13.0828477024262
            ],
            [
              80.2051007984415,
              13.0830513704389
            ],
            [
              80.2049384725572,
              13.0830563733186
            ],
            [
              80.2049319403763,
              13.0828527053094
            ],
            [
              80.2050942661269,
              13.0828477024262
            ]
          ]
        ]
      }
    },
    {
      "type": "Feature",
      "properties": {
        "building_id": "B219",
        "parcel_id": "P000219",
        "demo_ulpin": "DEMO-TN-CHN-000219",
        "height": 9.600000000000001,
        "floors": 3,
        "is_primary": false,
        "is_mapped": false,
        "data_status": "REAL FOOTPRINT / SYNTHETIC HEIGHT",
        "source": "Google Open Buildings"
      },
      "geometry": {
        "type": "Polygon",
        "coordinates": [
          [
            [
              80.2033445617807,
              13.0862118347595
            ],
            [
              80.2032364675051,
              13.0862184044804
            ],
            [
              80.203225255379,
              13.0860411380483
            ],
            [
              80.2033333495789,
              13.0860345683274
            ],
            [
              80.2033445617807,
              13.0862118347595
            ]
          ]
        ]
      }
    },
    {
      "type": "Feature",
      "properties": {
        "building_id": "B220",
        "parcel_id": "P000220",
        "demo_ulpin": "DEMO-TN-CHN-000220",
        "height": 16.0,
        "floors": 5,
        "is_primary": false,
        "is_mapped": false,
        "data_status": "REAL FOOTPRINT / SYNTHETIC HEIGHT",
        "source": "Google Open Buildings"
      },
      "geometry": {
        "type": "Polygon",
        "coordinates": [
          [
            [
              80.2068911879132,
              13.0860227302267
            ],
            [
              80.206821840805,
              13.0860259493884
            ],
            [
              80.2068242753512,
              13.0860763442872
            ],
            [
              80.2067122220202,
              13.0860815458729
            ],
            [
              80.2067067917273,
              13.0859691381901
            ],
            [
              80.2068881920976,
              13.0859607174414
            ],
            [
              80.2068911879132,
              13.0860227302267
            ]
          ]
        ]
      }
    },
    {
      "type": "Feature",
      "properties": {
        "building_id": "B221",
        "parcel_id": "P000221",
        "demo_ulpin": "DEMO-TN-CHN-000221",
        "height": 9.600000000000001,
        "floors": 3,
        "is_primary": false,
        "is_mapped": false,
        "data_status": "REAL FOOTPRINT / SYNTHETIC HEIGHT",
        "source": "Google Open Buildings"
      },
      "geometry": {
        "type": "Polygon",
        "coordinates": [
          [
            [
              80.2047786559253,
              13.0830594193539
            ],
            [
              80.204617553412,
              13.0830679679972
            ],
            [
              80.2046063750821,
              13.0828655369247
            ],
            [
              80.2047674774635,
              13.0828569882807
            ],
            [
              80.2047786559253,
              13.0830594193539
            ]
          ]
        ]
      }
    },
    {
      "type": "Feature",
      "properties": {
        "building_id": "B222",
        "parcel_id": "P000222",
        "demo_ulpin": "DEMO-TN-CHN-000222",
        "height": 6.4,
        "floors": 2,
        "is_primary": false,
        "is_mapped": false,
        "data_status": "REAL FOOTPRINT / SYNTHETIC HEIGHT",
        "source": "Google Open Buildings"
      },
      "geometry": {
        "type": "Polygon",
        "coordinates": [
          [
            [
              80.2046063819579,
              13.082867586266
            ],
            [
              80.2046175431316,
              13.0830946645313
            ],
            [
              80.2045890558499,
              13.0830960100113
            ],
            [
              80.2045877629892,
              13.0830697062218
            ],
            [
              80.2045467725808,
              13.0830716422293
            ],
            [
              80.2045379996647,
              13.0828931529028
            ],
            [
              80.2045789900415,
              13.0828912168938
            ],
            [
              80.2045778947022,
              13.0828689317464
            ],
            [
              80.2046063819579,
              13.082867586266
            ]
          ]
        ]
      }
    },
    {
      "type": "Feature",
      "properties": {
        "building_id": "B223",
        "parcel_id": "P000223",
        "demo_ulpin": "DEMO-TN-CHN-000223",
        "height": 16.0,
        "floors": 5,
        "is_primary": false,
        "is_mapped": false,
        "data_status": "REAL FOOTPRINT / SYNTHETIC HEIGHT",
        "source": "Google Open Buildings"
      },
      "geometry": {
        "type": "Polygon",
        "coordinates": [
          [
            [
              80.2045369043293,
              13.0828708677554
            ],
            [
              80.2045467725808,
              13.0830716422293
            ],
            [
              80.2044727483064,
              13.0830751384345
            ],
            [
              80.2044740411551,
              13.0831014422271
            ],
            [
              80.2044233493459,
              13.0831038364165
            ],
            [
              80.204412188345,
              13.0828767581532
            ],
            [
              80.2045369043293,
              13.0828708677554
            ]
          ]
        ]
      }
    },
    {
      "type": "Feature",
      "properties": {
        "building_id": "B224",
        "parcel_id": "P000224",
        "demo_ulpin": "DEMO-TN-CHN-000224",
        "height": 12.8,
        "floors": 4,
        "is_primary": false,
        "is_mapped": false,
        "data_status": "REAL FOOTPRINT / SYNTHETIC HEIGHT",
        "source": "Google Open Buildings"
      },
      "geometry": {
        "type": "Polygon",
        "coordinates": [
          [
            [
              80.2040036805527,
              13.0868524281374
            ],
            [
              80.2038460739161,
              13.0868609677173
            ],
            [
              80.2038389689108,
              13.0867349638638
            ],
            [
              80.2039965754671,
              13.0867264242835
            ],
            [
              80.2040036805527,
              13.0868524281374
            ]
          ]
        ]
      }
    },
    {
      "type": "Feature",
      "properties": {
        "building_id": "B225",
        "parcel_id": "P000225",
        "demo_ulpin": "DEMO-TN-CHN-000225",
        "height": 12.8,
        "floors": 4,
        "is_primary": false,
        "is_mapped": false,
        "data_status": "REAL FOOTPRINT / SYNTHETIC HEIGHT",
        "source": "Google Open Buildings"
      },
      "geometry": {
        "type": "Polygon",
        "coordinates": [
          [
            [
              80.2038358907933,
              13.0866879608412
            ],
            [
              80.2035756365866,
              13.0867014082277
            ],
            [
              80.2035706511417,
              13.0866086937546
            ],
            [
              80.203830905251,
              13.0865952463675
            ],
            [
              80.2038358907933,
              13.0866879608412
            ]
          ]
        ]
      }
    },
    {
      "type": "Feature",
      "properties": {
        "building_id": "B226",
        "parcel_id": "P000226",
        "demo_ulpin": "DEMO-TN-CHN-000226",
        "height": 16.0,
        "floors": 5,
        "is_primary": false,
        "is_mapped": false,
        "data_status": "REAL FOOTPRINT / SYNTHETIC HEIGHT",
        "source": "Google Open Buildings"
      },
      "geometry": {
        "type": "Polygon",
        "coordinates": [
          [
            [
              80.2072334800366,
              13.085238182441
            ],
            [
              80.2071995112493,
              13.085239899442
            ],
            [
              80.207200592747,
              13.0852604593042
            ],
            [
              80.2069736293481,
              13.0852719313797
            ],
            [
              80.2069714714745,
              13.085230908304
            ],
            [
              80.2072324036205,
              13.085217719227
            ],
            [
              80.2072334800366,
              13.085238182441
            ]
          ]
        ]
      }
    },
    {
      "type": "Feature",
      "properties": {
        "building_id": "B227",
        "parcel_id": "P000227",
        "demo_ulpin": "DEMO-TN-CHN-000227",
        "height": 12.8,
        "floors": 4,
        "is_primary": false,
        "is_mapped": false,
        "data_status": "REAL FOOTPRINT / SYNTHETIC HEIGHT",
        "source": "Google Open Buildings"
      },
      "geometry": {
        "type": "Polygon",
        "coordinates": [
          [
            [
              80.2038415756131,
              13.0867811924933
            ],
            [
              80.2037484517943,
              13.0867862381652
            ],
            [
              80.2037458451088,
              13.0867400095344
            ],
            [
              80.2037141529675,
              13.0867417266832
            ],
            [
              80.2037114902776,
              13.0866945047196
            ],
            [
              80.2038363061964,
              13.0866877418986
            ],
            [
              80.2038415756131,
              13.0867811924933
            ]
          ]
        ]
      }
    },
    {
      "type": "Feature",
      "properties": {
        "building_id": "B228",
        "parcel_id": "P000228",
        "demo_ulpin": "DEMO-TN-CHN-000228",
        "height": 12.8,
        "floors": 4,
        "is_primary": false,
        "is_mapped": false,
        "data_status": "REAL FOOTPRINT / SYNTHETIC HEIGHT",
        "source": "Google Open Buildings"
      },
      "geometry": {
        "type": "Polygon",
        "coordinates": [
          [
            [
              80.2038728284722,
              13.0831248093715
            ],
            [
              80.2038800076867,
              13.0833321349614
            ],
            [
              80.2037721219253,
              13.0833357248164
            ],
            [
              80.2037649428012,
              13.0831283992287
            ],
            [
              80.2038728284722,
              13.0831248093715
            ]
          ]
        ]
      }
    },
    {
      "type": "Feature",
      "properties": {
        "building_id": "B229",
        "parcel_id": "P000229",
        "demo_ulpin": "DEMO-TN-CHN-000229",
        "height": 9.600000000000001,
        "floors": 3,
        "is_primary": false,
        "is_mapped": false,
        "data_status": "REAL FOOTPRINT / SYNTHETIC HEIGHT",
        "source": "Google Open Buildings"
      },
      "geometry": {
        "type": "Polygon",
        "coordinates": [
          [
            [
              80.2034329246254,
              13.0836018046393
            ],
            [
              80.2034365792644,
              13.0836892741348
            ],
            [
              80.2032821345372,
              13.0836954749372
            ],
            [
              80.2032784799529,
              13.0836080054427
            ],
            [
              80.2034329246254,
              13.0836018046393
            ]
          ]
        ]
      }
    },
    {
      "type": "Feature",
      "properties": {
        "building_id": "B230",
        "parcel_id": "P000230",
        "demo_ulpin": "DEMO-TN-CHN-000230",
        "height": 6.4,
        "floors": 2,
        "is_primary": false,
        "is_mapped": false,
        "data_status": "REAL FOOTPRINT / SYNTHETIC HEIGHT",
        "source": "Google Open Buildings"
      },
      "geometry": {
        "type": "Polygon",
        "coordinates": [
          [
            [
              80.2052962829677,
              13.0828207497743
            ],
            [
              80.2052964829709,
              13.0829127497743
            ],
            [
              80.2052695829713,
              13.0829127497752
            ],
            [
              80.205269582972,
              13.0829327497752
            ],
            [
              80.2051349829739,
              13.0829330497796
            ],
            [
              80.2051347829701,
              13.0828210497796
            ],
            [
              80.2052962829677,
              13.0828207497743
            ]
          ]
        ]
      }
    },
    {
      "type": "Feature",
      "properties": {
        "building_id": "B231",
        "parcel_id": "P000231",
        "demo_ulpin": "DEMO-TN-CHN-000231",
        "height": 12.8,
        "floors": 4,
        "is_primary": false,
        "is_mapped": false,
        "data_status": "REAL FOOTPRINT / SYNTHETIC HEIGHT",
        "source": "Google Open Buildings"
      },
      "geometry": {
        "type": "Polygon",
        "coordinates": [
          [
            [
              80.203467383156,
              13.086361449925
            ],
            [
              80.2034661831579,
              13.086415349925
            ],
            [
              80.2034641831609,
              13.0865020499251
            ],
            [
              80.2033568831624,
              13.0864997499286
            ],
            [
              80.2033601831575,
              13.0863591499285
            ],
            [
              80.203467383156,
              13.086361449925
            ]
          ]
        ]
      }
    },
    {
      "type": "Feature",
      "properties": {
        "building_id": "B232",
        "parcel_id": "P000232",
        "demo_ulpin": "DEMO-TN-CHN-000232",
        "height": 16.0,
        "floors": 5,
        "is_primary": false,
        "is_mapped": false,
        "data_status": "REAL FOOTPRINT / SYNTHETIC HEIGHT",
        "source": "Google Open Buildings"
      },
      "geometry": {
        "type": "Polygon",
        "coordinates": [
          [
            [
              80.2065295831165,
              13.0864877498255
            ],
            [
              80.2065313831174,
              13.0865147498255
            ],
            [
              80.2065942831164,
              13.0865106498234
            ],
            [
              80.2065997831191,
              13.0865916498232
            ],
            [
              80.2065367831201,
              13.0865956498253
            ],
            [
              80.2065393831214,
              13.0866341498252
            ],
            [
              80.2064254831233,
              13.0866415498289
            ],
            [
              80.206422883122,
              13.086603049829
            ],
            [
              80.2063537831231,
              13.0866075498313
            ],
            [
              80.2063464831196,
              13.0864996498315
            ],
            [
              80.2065295831165,
              13.0864877498255
            ]
          ]
        ]
      }
    },
    {
      "type": "Feature",
      "properties": {
        "building_id": "B233",
        "parcel_id": "P000233",
        "demo_ulpin": "DEMO-TN-CHN-000233",
        "height": 16.0,
        "floors": 5,
        "is_primary": false,
        "is_mapped": false,
        "data_status": "REAL FOOTPRINT / SYNTHETIC HEIGHT",
        "source": "Google Open Buildings"
      },
      "geometry": {
        "type": "Polygon",
        "coordinates": [
          [
            [
              80.2054178322217,
              13.0828318069167
            ],
            [
              80.2054207961746,
              13.0829314097462
            ],
            [
              80.2052957302059,
              13.0829349859961
            ],
            [
              80.2052927663041,
              13.082835383168
            ],
            [
              80.2054178322217,
              13.0828318069167
            ]
          ]
        ]
      }
    },
    {
      "type": "Feature",
      "properties": {
        "building_id": "B234",
        "parcel_id": "P000234",
        "demo_ulpin": "DEMO-TN-CHN-000234",
        "height": 6.4,
        "floors": 2,
        "is_primary": false,
        "is_mapped": false,
        "data_status": "REAL FOOTPRINT / SYNTHETIC HEIGHT",
        "source": "Google Open Buildings"
      },
      "geometry": {
        "type": "Polygon",
        "coordinates": [
          [
            [
              80.204353821191,
              13.0830647811046
            ],
            [
              80.2042263688573,
              13.0830707298226
            ],
            [
              80.2042173957896,
              13.0828859901467
            ],
            [
              80.2043448480263,
              13.0828800414277
            ],
            [
              80.204353821191,
              13.0830647811046
            ]
          ]
        ]
      }
    },
    {
      "type": "Feature",
      "properties": {
        "building_id": "B235",
        "parcel_id": "P000235",
        "demo_ulpin": "DEMO-TN-CHN-000235",
        "height": 12.8,
        "floors": 4,
        "is_primary": false,
        "is_mapped": false,
        "data_status": "REAL FOOTPRINT / SYNTHETIC HEIGHT",
        "source": "Google Open Buildings"
      },
      "geometry": {
        "type": "Polygon",
        "coordinates": [
          [
            [
              80.2069540720871,
              13.0858519590048
            ],
            [
              80.2069645974372,
              13.0860698303772
            ],
            [
              80.2069188197051,
              13.0860719554392
            ],
            [
              80.2069163851399,
              13.08602156054
            ],
            [
              80.2068911879125,
              13.086022730225
            ],
            [
              80.206883097185,
              13.0858552537534
            ],
            [
              80.2069540720871,
              13.0858519590048
            ]
          ]
        ]
      }
    },
    {
      "type": "Feature",
      "properties": {
        "building_id": "B236",
        "parcel_id": "P000236",
        "demo_ulpin": "DEMO-TN-CHN-000236",
        "height": 6.4,
        "floors": 2,
        "is_primary": false,
        "is_mapped": false,
        "data_status": "REAL FOOTPRINT / SYNTHETIC HEIGHT",
        "source": "Google Open Buildings"
      },
      "geometry": {
        "type": "Polygon",
        "coordinates": [
          [
            [
              80.2072583337511,
              13.0853633887426
            ],
            [
              80.2071499257235,
              13.0853688683715
            ],
            [
              80.2071481547642,
              13.0853352013226
            ],
            [
              80.2069774114101,
              13.0853438316799
            ],
            [
              80.2069736293488,
              13.0852719313813
            ],
            [
              80.2072527806354,
              13.0852578213922
            ],
            [
              80.2072583337511,
              13.0853633887426
            ]
          ]
        ]
      }
    },
    {
      "type": "Feature",
      "properties": {
        "building_id": "B237",
        "parcel_id": "P000237",
        "demo_ulpin": "DEMO-TN-CHN-000237",
        "height": 6.4,
        "floors": 2,
        "is_primary": false,
        "is_mapped": false,
        "data_status": "REAL FOOTPRINT / SYNTHETIC HEIGHT",
        "source": "Google Open Buildings"
      },
      "geometry": {
        "type": "Polygon",
        "coordinates": [
          [
            [
              80.2070632221203,
              13.084165887573
            ],
            [
              80.2070431989635,
              13.0841666949523
            ],
            [
              80.2070458695379,
              13.0842303376412
            ],
            [
              80.2069027085677,
              13.0842361101695
            ],
            [
              80.2068956104962,
              13.0840669530699
            ],
            [
              80.2070587945169,
              13.0840603731603
            ],
            [
              80.2070632221203,
              13.084165887573
            ]
          ]
        ]
      }
    },
    {
      "type": "Feature",
      "properties": {
        "building_id": "B238",
        "parcel_id": "P000238",
        "demo_ulpin": "DEMO-TN-CHN-000238",
        "height": 6.4,
        "floors": 2,
        "is_primary": false,
        "is_mapped": false,
        "data_status": "REAL FOOTPRINT / SYNTHETIC HEIGHT",
        "source": "Google Open Buildings"
      },
      "geometry": {
        "type": "Polygon",
        "coordinates": [
          [
            [
              80.2057381829688,
              13.0830199497612
            ],
            [
              80.2055706829712,
              13.0830210497666
            ],
            [
              80.2055695829659,
              13.0828643497667
            ],
            [
              80.2057370829634,
              13.0828632497612
            ],
            [
              80.2057381829688,
              13.0830199497612
            ]
          ]
        ]
      }
    },
    {
      "type": "Feature",
      "properties": {
        "building_id": "B239",
        "parcel_id": "P000239",
        "demo_ulpin": "DEMO-TN-CHN-000239",
        "height": 6.4,
        "floors": 2,
        "is_primary": false,
        "is_mapped": false,
        "data_status": "REAL FOOTPRINT / SYNTHETIC HEIGHT",
        "source": "Google Open Buildings"
      },
      "geometry": {
        "type": "Polygon",
        "coordinates": [
          [
            [
              80.2032808518129,
              13.0838864860537
            ],
            [
              80.2032351570417,
              13.0838901867232
            ],
            [
              80.2032407047903,
              13.083956012014
            ],
            [
              80.2030123519453,
              13.0839745054358
            ],
            [
              80.2030039498797,
              13.083874811922
            ],
            [
              80.2032779973974,
              13.0838526178328
            ],
            [
              80.2032808518129,
              13.0838864860537
            ]
          ]
        ]
      }
    },
    {
      "type": "Feature",
      "properties": {
        "building_id": "B240",
        "parcel_id": "P000240",
        "demo_ulpin": "DEMO-TN-CHN-000240",
        "height": 16.0,
        "floors": 5,
        "is_primary": false,
        "is_mapped": false,
        "data_status": "REAL FOOTPRINT / SYNTHETIC HEIGHT",
        "source": "Google Open Buildings"
      },
      "geometry": {
        "type": "Polygon",
        "coordinates": [
          [
            [
              80.206894131561,
              13.083843532492
            ],
            [
              80.2068283277803,
              13.0838455504473
            ],
            [
              80.2068318509548,
              13.0839559493716
            ],
            [
              80.2067720940827,
              13.0839577818749
            ],
            [
              80.2067651930795,
              13.0837415368086
            ],
            [
              80.206890753652,
              13.0837376863474
            ],
            [
              80.206894131561,
              13.083843532492
            ]
          ]
        ]
      }
    },
    {
      "type": "Feature",
      "properties": {
        "building_id": "B241",
        "parcel_id": "P000241",
        "demo_ulpin": "DEMO-TN-CHN-000241",
        "height": 9.600000000000001,
        "floors": 3,
        "is_primary": false,
        "is_mapped": false,
        "data_status": "REAL FOOTPRINT / SYNTHETIC HEIGHT",
        "source": "Google Open Buildings"
      },
      "geometry": {
        "type": "Polygon",
        "coordinates": [
          [
            [
              80.2046266061858,
              13.0871965136511
            ],
            [
              80.2044634773082,
              13.0872075234553
            ],
            [
              80.2044553778763,
              13.0870922085097
            ],
            [
              80.2045096411388,
              13.0870885462137
            ],
            [
              80.2045064728374,
              13.0870434379261
            ],
            [
              80.2045440606658,
              13.087040901069
            ],
            [
              80.2045418276274,
              13.0870091085324
            ],
            [
              80.2046131053094,
              13.0870042978823
            ],
            [
              80.2046266061858,
              13.0871965136511
            ]
          ]
        ]
      }
    },
    {
      "type": "Feature",
      "properties": {
        "building_id": "B242",
        "parcel_id": "P000242",
        "demo_ulpin": "DEMO-TN-CHN-000242",
        "height": 6.4,
        "floors": 2,
        "is_primary": false,
        "is_mapped": false,
        "data_status": "REAL FOOTPRINT / SYNTHETIC HEIGHT",
        "source": "Google Open Buildings"
      },
      "geometry": {
        "type": "Polygon",
        "coordinates": [
          [
            [
              80.2028495830925,
              13.0847629499057
            ],
            [
              80.2028728830922,
              13.084763649905
            ],
            [
              80.2028692830966,
              13.0848894499051
            ],
            [
              80.2028458830969,
              13.0848888499059
            ],
            [
              80.2028430831002,
              13.0849827499059
            ],
            [
              80.2027678831012,
              13.0849806499084
            ],
            [
              80.2027731830948,
              13.0847983499082
            ],
            [
              80.2027959830945,
              13.0847989499075
            ],
            [
              80.2027993830905,
              13.0846839499074
            ],
            [
              80.2028517830898,
              13.0846853499057
            ],
            [
              80.2028495830925,
              13.0847629499057
            ]
          ]
        ]
      }
    },
    {
      "type": "Feature",
      "properties": {
        "building_id": "B243",
        "parcel_id": "P000243",
        "demo_ulpin": "DEMO-TN-CHN-000243",
        "height": 12.8,
        "floors": 4,
        "is_primary": false,
        "is_mapped": false,
        "data_status": "REAL FOOTPRINT / SYNTHETIC HEIGHT",
        "source": "Google Open Buildings"
      },
      "geometry": {
        "type": "Polygon",
        "coordinates": [
          [
            [
              80.2062284735477,
              13.0832455584805
            ],
            [
              80.206115861948,
              13.0832499552954
            ],
            [
              80.2061073106588,
              13.0830394946886
            ],
            [
              80.2062199221627,
              13.0830350978719
            ],
            [
              80.2062284735477,
              13.0832455584805
            ]
          ]
        ]
      }
    },
    {
      "type": "Feature",
      "properties": {
        "building_id": "B244",
        "parcel_id": "P000244",
        "demo_ulpin": "DEMO-TN-CHN-000244",
        "height": 6.4,
        "floors": 2,
        "is_primary": false,
        "is_mapped": false,
        "data_status": "REAL FOOTPRINT / SYNTHETIC HEIGHT",
        "source": "Google Open Buildings"
      },
      "geometry": {
        "type": "Polygon",
        "coordinates": [
          [
            [
              80.2037640399563,
              13.0832664764503
            ],
            [
              80.2036689909453,
              13.0832696761078
            ],
            [
              80.2036652796907,
              13.0831637363539
            ],
            [
              80.2037603286609,
              13.0831605366955
            ],
            [
              80.2037640399563,
              13.0832664764503
            ]
          ]
        ]
      }
    },
    {
      "type": "Feature",
      "properties": {
        "building_id": "B245",
        "parcel_id": "P000245",
        "demo_ulpin": "DEMO-TN-CHN-000245",
        "height": 16.0,
        "floors": 5,
        "is_primary": false,
        "is_mapped": false,
        "data_status": "REAL FOOTPRINT / SYNTHETIC HEIGHT",
        "source": "Google Open Buildings"
      },
      "geometry": {
        "type": "Polygon",
        "coordinates": [
          [
            [
              80.2073189981076,
              13.0848807914429
            ],
            [
              80.2070827899477,
              13.0848947588342
            ],
            [
              80.2070758082545,
              13.0847813022448
            ],
            [
              80.2073120163063,
              13.0847673348538
            ],
            [
              80.2073189981076,
              13.0848807914429
            ]
          ]
        ]
      }
    },
    {
      "type": "Feature",
      "properties": {
        "building_id": "B246",
        "parcel_id": "P000246",
        "demo_ulpin": "DEMO-TN-CHN-000246",
        "height": 12.8,
        "floors": 4,
        "is_primary": false,
        "is_mapped": false,
        "data_status": "REAL FOOTPRINT / SYNTHETIC HEIGHT",
        "source": "Google Open Buildings"
      },
      "geometry": {
        "type": "Polygon",
        "coordinates": [
          [
            [
              80.2031580195792,
              13.0860525633961
            ],
            [
              80.2031701580512,
              13.0862288312312
            ],
            [
              80.2030728580363,
              13.0862352697192
            ],
            [
              80.2030607196337,
              13.0860590018835
            ],
            [
              80.2031580195792,
              13.0860525633961
            ]
          ]
        ]
      }
    },
    {
      "type": "Feature",
      "properties": {
        "building_id": "B247",
        "parcel_id": "P000247",
        "demo_ulpin": "DEMO-TN-CHN-000247",
        "height": 6.4,
        "floors": 2,
        "is_primary": false,
        "is_mapped": false,
        "data_status": "REAL FOOTPRINT / SYNTHETIC HEIGHT",
        "source": "Google Open Buildings"
      },
      "geometry": {
        "type": "Polygon",
        "coordinates": [
          [
            [
              80.2036794230972,
              13.0866872720765
            ],
            [
              80.2036843706188,
              13.0867350808132
            ],
            [
              80.2037114030483,
              13.0867323927151
            ],
            [
              80.2037182071197,
              13.0867981415147
            ],
            [
              80.2036118947428,
              13.0868087131726
            ],
            [
              80.2036001431934,
              13.0866951556345
            ],
            [
              80.2036794230972,
              13.0866872720765
            ]
          ]
        ]
      }
    },
    {
      "type": "Feature",
      "properties": {
        "building_id": "B248",
        "parcel_id": "P000248",
        "demo_ulpin": "DEMO-TN-CHN-000248",
        "height": 9.600000000000001,
        "floors": 3,
        "is_primary": false,
        "is_mapped": false,
        "data_status": "REAL FOOTPRINT / SYNTHETIC HEIGHT",
        "source": "Google Open Buildings"
      },
      "geometry": {
        "type": "Polygon",
        "coordinates": [
          [
            [
              80.2041480490667,
              13.083097699186
            ],
            [
              80.2040204087393,
              13.0831031070119
            ],
            [
              80.204010809572,
              13.0828853893249
            ],
            [
              80.204138449787,
              13.0828799814972
            ],
            [
              80.2041480490667,
              13.083097699186
            ]
          ]
        ]
      }
    },
    {
      "type": "Feature",
      "properties": {
        "building_id": "B249",
        "parcel_id": "P000249",
        "demo_ulpin": "DEMO-TN-CHN-000249",
        "height": 9.600000000000001,
        "floors": 3,
        "is_primary": false,
        "is_mapped": false,
        "data_status": "REAL FOOTPRINT / SYNTHETIC HEIGHT",
        "source": "Google Open Buildings"
      },
      "geometry": {
        "type": "Polygon",
        "coordinates": [
          [
            [
              80.2070207527283,
              13.0858831468467
            ],
            [
              80.2070296256111,
              13.0860668116711
            ],
            [
              80.2069645974374,
              13.0860698303777
            ],
            [
              80.2069557246027,
              13.0858861655542
            ],
            [
              80.2070207527283,
              13.0858831468467
            ]
          ]
        ]
      }
    },
    {
      "type": "Feature",
      "properties": {
        "building_id": "B250",
        "parcel_id": "P000250",
        "demo_ulpin": "DEMO-TN-CHN-000250",
        "height": 6.4,
        "floors": 2,
        "is_primary": false,
        "is_mapped": false,
        "data_status": "REAL FOOTPRINT / SYNTHETIC HEIGHT",
        "source": "Google Open Buildings"
      },
      "geometry": {
        "type": "Polygon",
        "coordinates": [
          [
            [
              80.2030382092749,
              13.0838305347545
            ],
            [
              80.2030370902812,
              13.0837961070832
            ],
            [
              80.2030081378838,
              13.0837970113436
            ],
            [
              80.203006014648,
              13.0837316862689
            ],
            [
              80.2032311259318,
              13.0837246553566
            ],
            [
              80.2032332492269,
              13.0837899804314
            ],
            [
              80.2032616548378,
              13.0837890932236
            ],
            [
              80.2032627738628,
              13.0838235208975
            ],
            [
              80.2030382092749,
              13.0838305347545
            ]
          ]
        ]
      }
    },
    {
      "type": "Feature",
      "properties": {
        "building_id": "B251",
        "parcel_id": "P000251",
        "demo_ulpin": "DEMO-TN-CHN-000251",
        "height": 9.600000000000001,
        "floors": 3,
        "is_primary": false,
        "is_mapped": false,
        "data_status": "REAL FOOTPRINT / SYNTHETIC HEIGHT",
        "source": "Google Open Buildings"
      },
      "geometry": {
        "type": "Polygon",
        "coordinates": [
          [
            [
              80.2028887064659,
              13.0855154069531
            ],
            [
              80.2028965186052,
              13.0856367486828
            ],
            [
              80.2028168386318,
              13.0856416780505
            ],
            [
              80.2028147771072,
              13.0856096573558
            ],
            [
              80.2027861146441,
              13.085611430541
            ],
            [
              80.2027803640783,
              13.0855221095054
            ],
            [
              80.2028887064659,
              13.0855154069531
            ]
          ]
        ]
      }
    },
    {
      "type": "Feature",
      "properties": {
        "building_id": "B252",
        "parcel_id": "P000252",
        "demo_ulpin": "DEMO-TN-CHN-000252",
        "height": 16.0,
        "floors": 5,
        "is_primary": false,
        "is_mapped": false,
        "data_status": "REAL FOOTPRINT / SYNTHETIC HEIGHT",
        "source": "Google Open Buildings"
      },
      "geometry": {
        "type": "Polygon",
        "coordinates": [
          [
            [
              80.2033369199608,
              13.086467286072
            ],
            [
              80.2032345692178,
              13.0864844544868
            ],
            [
              80.2032173227746,
              13.0863856580588
            ],
            [
              80.2033196734766,
              13.0863684896487
            ],
            [
              80.2033369199608,
              13.086467286072
            ]
          ]
        ]
      }
    },
    {
      "type": "Feature",
      "properties": {
        "building_id": "B253",
        "parcel_id": "P000253",
        "demo_ulpin": "DEMO-TN-CHN-000253",
        "height": 16.0,
        "floors": 5,
        "is_primary": false,
        "is_mapped": false,
        "data_status": "REAL FOOTPRINT / SYNTHETIC HEIGHT",
        "source": "Google Open Buildings"
      },
      "geometry": {
        "type": "Polygon",
        "coordinates": [
          [
            [
              80.2042895658644,
              13.0870621215053
            ],
            [
              80.2042929195592,
              13.0871213910953
            ],
            [
              80.204173472776,
              13.0871278855418
            ],
            [
              80.2041749653119,
              13.0871542632362
            ],
            [
              80.2041363819475,
              13.0871563610419
            ],
            [
              80.2041315357589,
              13.0870707137574
            ],
            [
              80.2042895658644,
              13.0870621215053
            ]
          ]
        ]
      }
    },
    {
      "type": "Feature",
      "properties": {
        "building_id": "B254",
        "parcel_id": "P000254",
        "demo_ulpin": "DEMO-TN-CHN-000254",
        "height": 9.600000000000001,
        "floors": 3,
        "is_primary": false,
        "is_mapped": false,
        "data_status": "REAL FOOTPRINT / SYNTHETIC HEIGHT",
        "source": "Google Open Buildings"
      },
      "geometry": {
        "type": "Polygon",
        "coordinates": [
          [
            [
              80.2071537295645,
              13.0859524117273
            ],
            [
              80.2070868784958,
              13.0859555346284
            ],
            [
              80.2070920821096,
              13.086062572715
            ],
            [
              80.2070295893665,
              13.0860654920032
            ],
            [
              80.2070207469042,
              13.0858836020115
            ],
            [
              80.2069572512693,
              13.0858865681359
            ],
            [
              80.2069555363805,
              13.08585129257
            ],
            [
              80.2071483757335,
              13.085842284255
            ],
            [
              80.2071537295645,
              13.0859524117273
            ]
          ]
        ]
      }
    },
    {
      "type": "Feature",
      "properties": {
        "building_id": "B255",
        "parcel_id": "P000255",
        "demo_ulpin": "DEMO-TN-CHN-000255",
        "height": 9.600000000000001,
        "floors": 3,
        "is_primary": false,
        "is_mapped": false,
        "data_status": "REAL FOOTPRINT / SYNTHETIC HEIGHT",
        "source": "Google Open Buildings"
      },
      "geometry": {
        "type": "Polygon",
        "coordinates": [
          [
            [
              80.2029229831328,
              13.0856715499261
            ],
            [
              80.2029149831383,
              13.0858297499263
            ],
            [
              80.2027928831399,
              13.0858237499303
            ],
            [
              80.2028008831343,
              13.08566564993
            ],
            [
              80.2029229831328,
              13.0856715499261
            ]
          ]
        ]
      }
    },
    {
      "type": "Feature",
      "properties": {
        "building_id": "B256",
        "parcel_id": "P000256",
        "demo_ulpin": "DEMO-TN-CHN-000256",
        "height": 16.0,
        "floors": 5,
        "is_primary": false,
        "is_mapped": false,
        "data_status": "REAL FOOTPRINT / SYNTHETIC HEIGHT",
        "source": "Google Open Buildings"
      },
      "geometry": {
        "type": "Polygon",
        "coordinates": [
          [
            [
              80.2036306403776,
              13.0831590498289
            ],
            [
              80.2036063471923,
              13.083160838805
            ],
            [
              80.2036144136166,
              13.0832660963439
            ],
            [
              80.2036387068108,
              13.083264307368
            ],
            [
              80.2036437942439,
              13.0833306924044
            ],
            [
              80.2035390009277,
              13.0833384094738
            ],
            [
              80.203537051123,
              13.0833129666702
            ],
            [
              80.2034845204932,
              13.0833168350542
            ],
            [
              80.2034864702925,
              13.0833422778585
            ],
            [
              80.2034436319153,
              13.0833454324919
            ],
            [
              80.2034385445365,
              13.083279047455
            ],
            [
              80.2035001879663,
              13.0832745080074
            ],
            [
              80.2034910410278,
              13.083155150256
            ],
            [
              80.2036295598053,
              13.0831449496178
            ],
            [
              80.2036306403776,
              13.0831590498289
            ]
          ]
        ]
      }
    },
    {
      "type": "Feature",
      "properties": {
        "building_id": "B257",
        "parcel_id": "P000257",
        "demo_ulpin": "DEMO-TN-CHN-000257",
        "height": 6.4,
        "floors": 2,
        "is_primary": false,
        "is_mapped": false,
        "data_status": "REAL FOOTPRINT / SYNTHETIC HEIGHT",
        "source": "Google Open Buildings"
      },
      "geometry": {
        "type": "Polygon",
        "coordinates": [
          [
            [
              80.2039517311418,
              13.0829169336193
            ],
            [
              80.2039572032478,
              13.0830856143239
            ],
            [
              80.2038185337167,
              13.0830899370602
            ],
            [
              80.2038138475078,
              13.082945479567
            ],
            [
              80.2038381104848,
              13.0829447232234
            ],
            [
              80.2038373246802,
              13.0829205000145
            ],
            [
              80.2039517311418,
              13.0829169336193
            ]
          ]
        ]
      }
    },
    {
      "type": "Feature",
      "properties": {
        "building_id": "B258",
        "parcel_id": "P000258",
        "demo_ulpin": "DEMO-TN-CHN-000258",
        "height": 12.8,
        "floors": 4,
        "is_primary": false,
        "is_mapped": false,
        "data_status": "REAL FOOTPRINT / SYNTHETIC HEIGHT",
        "source": "Google Open Buildings"
      },
      "geometry": {
        "type": "Polygon",
        "coordinates": [
          [
            [
              80.2071778239925,
              13.084217238595
            ],
            [
              80.2070649049127,
              13.0842218134656
            ],
            [
              80.2070580574969,
              13.0840594060259
            ],
            [
              80.2071709765029,
              13.0840548311539
            ],
            [
              80.2071778239925,
              13.084217238595
            ]
          ]
        ]
      }
    },
    {
      "type": "Feature",
      "properties": {
        "building_id": "B259",
        "parcel_id": "P000259",
        "demo_ulpin": "DEMO-TN-CHN-000259",
        "height": 16.0,
        "floors": 5,
        "is_primary": false,
        "is_mapped": false,
        "data_status": "REAL FOOTPRINT / SYNTHETIC HEIGHT",
        "source": "Google Open Buildings"
      },
      "geometry": {
        "type": "Polygon",
        "coordinates": [
          [
            [
              80.2070726911559,
              13.0839485043191
            ],
            [
              80.2069569014146,
              13.0839531839668
            ],
            [
              80.2069523363739,
              13.0838446431018
            ],
            [
              80.2070681260645,
              13.0838399634525
            ],
            [
              80.2070726911559,
              13.0839485043191
            ]
          ]
        ]
      }
    },
    {
      "type": "Feature",
      "properties": {
        "building_id": "B260",
        "parcel_id": "P000260",
        "demo_ulpin": "DEMO-TN-CHN-000260",
        "height": 6.4,
        "floors": 2,
        "is_primary": false,
        "is_mapped": false,
        "data_status": "REAL FOOTPRINT / SYNTHETIC HEIGHT",
        "source": "Google Open Buildings"
      },
      "geometry": {
        "type": "Polygon",
        "coordinates": [
          [
            [
              80.2046385831802,
              13.0873019499064
            ],
            [
              80.2044896831827,
              13.0873126499112
            ],
            [
              80.2044814831791,
              13.0872037499115
            ],
            [
              80.2046303831766,
              13.0871930499066
            ],
            [
              80.2046385831802,
              13.0873019499064
            ]
          ]
        ]
      }
    },
    {
      "type": "Feature",
      "properties": {
        "building_id": "B261",
        "parcel_id": "P000261",
        "demo_ulpin": "DEMO-TN-CHN-000261",
        "height": 9.600000000000001,
        "floors": 3,
        "is_primary": false,
        "is_mapped": false,
        "data_status": "REAL FOOTPRINT / SYNTHETIC HEIGHT",
        "source": "Google Open Buildings"
      },
      "geometry": {
        "type": "Polygon",
        "coordinates": [
          [
            [
              80.2032472087467,
              13.0836862138128
            ],
            [
              80.2030283207944,
              13.0836963846935
            ],
            [
              80.2030234393004,
              13.0835954337784
            ],
            [
              80.2032423271634,
              13.0835852628966
            ],
            [
              80.2032472087467,
              13.0836862138128
            ]
          ]
        ]
      }
    },
    {
      "type": "Feature",
      "properties": {
        "building_id": "B262",
        "parcel_id": "P000262",
        "demo_ulpin": "DEMO-TN-CHN-000262",
        "height": 12.8,
        "floors": 4,
        "is_primary": false,
        "is_mapped": false,
        "data_status": "REAL FOOTPRINT / SYNTHETIC HEIGHT",
        "source": "Google Open Buildings"
      },
      "geometry": {
        "type": "Polygon",
        "coordinates": [
          [
            [
              80.2041383190175,
              13.0871905951061
            ],
            [
              80.2040145345285,
              13.0871973253187
            ],
            [
              80.2040111049573,
              13.0871367135608
            ],
            [
              80.2040610893616,
              13.0871339958951
            ],
            [
              80.2040556254193,
              13.0870374304454
            ],
            [
              80.2041294254445,
              13.0870334178984
            ],
            [
              80.2041383190175,
              13.0871905951061
            ]
          ]
        ]
      }
    },
    {
      "type": "Feature",
      "properties": {
        "building_id": "B263",
        "parcel_id": "P000263",
        "demo_ulpin": "DEMO-TN-CHN-000263",
        "height": 16.0,
        "floors": 5,
        "is_primary": false,
        "is_mapped": false,
        "data_status": "REAL FOOTPRINT / SYNTHETIC HEIGHT",
        "source": "Google Open Buildings"
      },
      "geometry": {
        "type": "Polygon",
        "coordinates": [
          [
            [
              80.2035601179601,
              13.0867933213996
            ],
            [
              80.2035175859658,
              13.0867955190067
            ],
            [
              80.2035202048835,
              13.0868442232958
            ],
            [
              80.203461005095,
              13.0868472821072
            ],
            [
              80.2034532234929,
              13.0867025661315
            ],
            [
              80.2035549552239,
              13.0866973097127
            ],
            [
              80.2035601179601,
              13.0867933213996
            ]
          ]
        ]
      }
    },
    {
      "type": "Feature",
      "properties": {
        "building_id": "B264",
        "parcel_id": "P000264",
        "demo_ulpin": "DEMO-TN-CHN-000264",
        "height": 9.600000000000001,
        "floors": 3,
        "is_primary": false,
        "is_mapped": false,
        "data_status": "REAL FOOTPRINT / SYNTHETIC HEIGHT",
        "source": "Google Open Buildings"
      },
      "geometry": {
        "type": "Polygon",
        "coordinates": [
          [
            [
              80.2072877830616,
              13.0855242497762
            ],
            [
              80.2072861830675,
              13.0856961497763
            ],
            [
              80.2071899830689,
              13.0856952497794
            ],
            [
              80.207191583063,
              13.0855234497794
            ],
            [
              80.2072877830616,
              13.0855242497762
            ]
          ]
        ]
      }
    },
    {
      "type": "Feature",
      "properties": {
        "building_id": "B265",
        "parcel_id": "P000265",
        "demo_ulpin": "DEMO-TN-CHN-000265",
        "height": 6.4,
        "floors": 2,
        "is_primary": false,
        "is_mapped": false,
        "data_status": "REAL FOOTPRINT / SYNTHETIC HEIGHT",
        "source": "Google Open Buildings"
      },
      "geometry": {
        "type": "Polygon",
        "coordinates": [
          [
            [
              80.2068194327616,
              13.0865820491776
            ],
            [
              80.2066957949754,
              13.0865911570814
            ],
            [
              80.2066897909488,
              13.0865128399557
            ],
            [
              80.2066696977317,
              13.0865143201378
            ],
            [
              80.2066667900972,
              13.0864763926105
            ],
            [
              80.2068105210391,
              13.0864658045257
            ],
            [
              80.2068194327616,
              13.0865820491776
            ]
          ]
        ]
      }
    },
    {
      "type": "Feature",
      "properties": {
        "building_id": "B266",
        "parcel_id": "P000266",
        "demo_ulpin": "DEMO-TN-CHN-000266",
        "height": 12.8,
        "floors": 4,
        "is_primary": false,
        "is_mapped": false,
        "data_status": "REAL FOOTPRINT / SYNTHETIC HEIGHT",
        "source": "Google Open Buildings"
      },
      "geometry": {
        "type": "Polygon",
        "coordinates": [
          [
            [
              80.2059845829567,
              13.0828033497508
            ],
            [
              80.2059885829602,
              13.0829052497506
            ],
            [
              80.2058279829627,
              13.0829112497559
            ],
            [
              80.2058240829593,
              13.082809349756
            ],
            [
              80.2059845829567,
              13.0828033497508
            ]
          ]
        ]
      }
    },
    {
      "type": "Feature",
      "properties": {
        "building_id": "B267",
        "parcel_id": "P000267",
        "demo_ulpin": "DEMO-TN-CHN-000267",
        "height": 6.4,
        "floors": 2,
        "is_primary": false,
        "is_mapped": false,
        "data_status": "REAL FOOTPRINT / SYNTHETIC HEIGHT",
        "source": "Google Open Buildings"
      },
      "geometry": {
        "type": "Polygon",
        "coordinates": [
          [
            [
              80.2034485151674,
              13.0866150044574
            ],
            [
              80.2034560390481,
              13.0867549275842
            ],
            [
              80.2033292809839,
              13.0867614770409
            ],
            [
              80.2033217571746,
              13.0866215539143
            ],
            [
              80.2034485151674,
              13.0866150044574
            ]
          ]
        ]
      }
    },
    {
      "type": "Feature",
      "properties": {
        "building_id": "B268",
        "parcel_id": "P000268",
        "demo_ulpin": "DEMO-TN-CHN-000268",
        "height": 6.4,
        "floors": 2,
        "is_primary": false,
        "is_mapped": false,
        "data_status": "REAL FOOTPRINT / SYNTHETIC HEIGHT",
        "source": "Google Open Buildings"
      },
      "geometry": {
        "type": "Polygon",
        "coordinates": [
          [
            [
              80.2029315022871,
              13.0859632220067
            ],
            [
              80.2029352332206,
              13.0860327314716
            ],
            [
              80.2028143754946,
              13.0860389649126
            ],
            [
              80.2028092060933,
              13.0859426550695
            ],
            [
              80.2027907750001,
              13.0859436056798
            ],
            [
              80.2027894852809,
              13.0859195772049
            ],
            [
              80.202956593202,
              13.0859109583238
            ],
            [
              80.2029593214553,
              13.0859617871781
            ],
            [
              80.2029315022871,
              13.0859632220067
            ]
          ]
        ]
      }
    },
    {
      "type": "Feature",
      "properties": {
        "building_id": "B269",
        "parcel_id": "P000269",
        "demo_ulpin": "DEMO-TN-CHN-000269",
        "height": 9.600000000000001,
        "floors": 3,
        "is_primary": false,
        "is_mapped": false,
        "data_status": "REAL FOOTPRINT / SYNTHETIC HEIGHT",
        "source": "Google Open Buildings"
      },
      "geometry": {
        "type": "Polygon",
        "coordinates": [
          [
            [
              80.2061945129814,
              13.0829878710992
            ],
            [
              80.2060309301745,
              13.0829932653364
            ],
            [
              80.20602755623,
              13.0828949452116
            ],
            [
              80.2061911389715,
              13.0828895509728
            ],
            [
              80.2061945129814,
              13.0829878710992
            ]
          ]
        ]
      }
    },
    {
      "type": "Feature",
      "properties": {
        "building_id": "B270",
        "parcel_id": "P000270",
        "demo_ulpin": "DEMO-TN-CHN-000270",
        "height": 12.8,
        "floors": 4,
        "is_primary": false,
        "is_mapped": false,
        "data_status": "REAL FOOTPRINT / SYNTHETIC HEIGHT",
        "source": "Google Open Buildings"
      },
      "geometry": {
        "type": "Polygon",
        "coordinates": [
          [
            [
              80.2027519629451,
              13.085596043815
            ],
            [
              80.2026210352792,
              13.0855914523027
            ],
            [
              80.2026278183692,
              13.0854055930255
            ],
            [
              80.2027587459387,
              13.0854101845282
            ],
            [
              80.2027519629451,
              13.085596043815
            ]
          ]
        ]
      }
    },
    {
      "type": "Feature",
      "properties": {
        "building_id": "B271",
        "parcel_id": "P000271",
        "demo_ulpin": "DEMO-TN-CHN-000271",
        "height": 12.8,
        "floors": 4,
        "is_primary": false,
        "is_mapped": false,
        "data_status": "REAL FOOTPRINT / SYNTHETIC HEIGHT",
        "source": "Google Open Buildings"
      },
      "geometry": {
        "type": "Polygon",
        "coordinates": [
          [
            [
              80.2028032830688,
              13.0842278498936
            ],
            [
              80.202815183073,
              13.0843547498932
            ],
            [
              80.2026767830754,
              13.0843672498977
            ],
            [
              80.2026648830712,
              13.0842402498981
            ],
            [
              80.2028032830688,
              13.0842278498936
            ]
          ]
        ]
      }
    },
    {
      "type": "Feature",
      "properties": {
        "building_id": "B272",
        "parcel_id": "P000272",
        "demo_ulpin": "DEMO-TN-CHN-000272",
        "height": 16.0,
        "floors": 5,
        "is_primary": false,
        "is_mapped": false,
        "data_status": "REAL FOOTPRINT / SYNTHETIC HEIGHT",
        "source": "Google Open Buildings"
      },
      "geometry": {
        "type": "Polygon",
        "coordinates": [
          [
            [
              80.207200783082,
              13.0859502497891
            ],
            [
              80.2072059830856,
              13.086057249789
            ],
            [
              80.2070920830874,
              13.0860625497927
            ],
            [
              80.2070868830838,
              13.0859555497928
            ],
            [
              80.207200783082,
              13.0859502497891
            ]
          ]
        ]
      }
    },
    {
      "type": "Feature",
      "properties": {
        "building_id": "B273",
        "parcel_id": "P000273",
        "demo_ulpin": "DEMO-TN-CHN-000273",
        "height": 12.8,
        "floors": 4,
        "is_primary": false,
        "is_mapped": false,
        "data_status": "REAL FOOTPRINT / SYNTHETIC HEIGHT",
        "source": "Google Open Buildings"
      },
      "geometry": {
        "type": "Polygon",
        "coordinates": [
          [
            [
              80.2072434046804,
              13.0858378450097
            ],
            [
              80.2072487585539,
              13.0859479724833
            ],
            [
              80.207153729564,
              13.0859524117263
            ],
            [
              80.207148375733,
              13.085842284254
            ],
            [
              80.2072434046804,
              13.0858378450097
            ]
          ]
        ]
      }
    },
    {
      "type": "Feature",
      "properties": {
        "building_id": "B274",
        "parcel_id": "P000274",
        "demo_ulpin": "DEMO-TN-CHN-000274",
        "height": 16.0,
        "floors": 5,
        "is_primary": false,
        "is_mapped": false,
        "data_status": "REAL FOOTPRINT / SYNTHETIC HEIGHT",
        "source": "Google Open Buildings"
      },
      "geometry": {
        "type": "Polygon",
        "coordinates": [
          [
            [
              80.2073476767359,
              13.0842547188304
            ],
            [
              80.2073588337831,
              13.0844287605804
            ],
            [
              80.2073026309852,
              13.084432222689
            ],
            [
              80.2072983066322,
              13.0843647657334
            ],
            [
              80.2071977008336,
              13.0843709630503
            ],
            [
              80.2071908682205,
              13.0842643782561
            ],
            [
              80.2073476767359,
              13.0842547188304
            ]
          ]
        ]
      }
    },
    {
      "type": "Feature",
      "properties": {
        "building_id": "B275",
        "parcel_id": "P000275",
        "demo_ulpin": "DEMO-TN-CHN-000275",
        "height": 16.0,
        "floors": 5,
        "is_primary": false,
        "is_mapped": false,
        "data_status": "REAL FOOTPRINT / SYNTHETIC HEIGHT",
        "source": "Google Open Buildings"
      },
      "geometry": {
        "type": "Polygon",
        "coordinates": [
          [
            [
              80.2074201766553,
              13.0852897159627
            ],
            [
              80.2073771381357,
              13.0852875186201
            ],
            [
              80.207375614433,
              13.0853161962651
            ],
            [
              80.2073500497336,
              13.0853148910491
            ],
            [
              80.2073515734395,
              13.0852862134045
            ],
            [
              80.2073110464853,
              13.0852841442798
            ],
            [
              80.2073156857478,
              13.0851968289763
            ],
            [
              80.2074248158796,
              13.0852024006541
            ],
            [
              80.2074201766553,
              13.0852897159627
            ]
          ]
        ]
      }
    },
    {
      "type": "Feature",
      "properties": {
        "building_id": "B276",
        "parcel_id": "P000276",
        "demo_ulpin": "DEMO-TN-CHN-000276",
        "height": 6.4,
        "floors": 2,
        "is_primary": false,
        "is_mapped": false,
        "data_status": "REAL FOOTPRINT / SYNTHETIC HEIGHT",
        "source": "Google Open Buildings"
      },
      "geometry": {
        "type": "Polygon",
        "coordinates": [
          [
            [
              80.2072607325962,
              13.0840354928729
            ],
            [
              80.2072685320891,
              13.0842213592951
            ],
            [
              80.2072467452772,
              13.0842222378057
            ],
            [
              80.2072459489873,
              13.0842032617222
            ],
            [
              80.2071765705585,
              13.0842060592598
            ],
            [
              80.2071695674188,
              13.0840391689222
            ],
            [
              80.2072607325962,
              13.0840354928729
            ]
          ]
        ]
      }
    },
    {
      "type": "Feature",
      "properties": {
        "building_id": "B277",
        "parcel_id": "P000277",
        "demo_ulpin": "DEMO-TN-CHN-000277",
        "height": 6.4,
        "floors": 2,
        "is_primary": false,
        "is_mapped": false,
        "data_status": "REAL FOOTPRINT / SYNTHETIC HEIGHT",
        "source": "Google Open Buildings"
      },
      "geometry": {
        "type": "Polygon",
        "coordinates": [
          [
            [
              80.2032445324718,
              13.0835472445936
            ],
            [
              80.2030051325485,
              13.0835412374303
            ],
            [
              80.2030072843617,
              13.0834588345727
            ],
            [
              80.2032466842061,
              13.083464841729
            ],
            [
              80.2032445324718,
              13.0835472445936
            ]
          ]
        ]
      }
    },
    {
      "type": "Feature",
      "properties": {
        "building_id": "B278",
        "parcel_id": "P000278",
        "demo_ulpin": "DEMO-TN-CHN-000278",
        "height": 16.0,
        "floors": 5,
        "is_primary": false,
        "is_mapped": false,
        "data_status": "REAL FOOTPRINT / SYNTHETIC HEIGHT",
        "source": "Google Open Buildings"
      },
      "geometry": {
        "type": "Polygon",
        "coordinates": [
          [
            [
              80.2029289031161,
              13.0860324694317
            ],
            [
              80.2029327111508,
              13.0862097166036
            ],
            [
              80.2028281633427,
              13.0862118749114
            ],
            [
              80.202824355382,
              13.0860346277424
            ],
            [
              80.2029289031161,
              13.0860324694317
            ]
          ]
        ]
      }
    },
    {
      "type": "Feature",
      "properties": {
        "building_id": "B279",
        "parcel_id": "P000279",
        "demo_ulpin": "DEMO-TN-CHN-000279",
        "height": 12.8,
        "floors": 4,
        "is_primary": false,
        "is_mapped": false,
        "data_status": "REAL FOOTPRINT / SYNTHETIC HEIGHT",
        "source": "Google Open Buildings"
      },
      "geometry": {
        "type": "Polygon",
        "coordinates": [
          [
            [
              80.2071919739719,
              13.0838349580718
            ],
            [
              80.207196539118,
              13.08394349894
            ],
            [
              80.2070726911558,
              13.0839485043189
            ],
            [
              80.2070681260644,
              13.0838399634523
            ],
            [
              80.2071919739719,
              13.0838349580718
            ]
          ]
        ]
      }
    },
    {
      "type": "Feature",
      "properties": {
        "building_id": "B280",
        "parcel_id": "P000280",
        "demo_ulpin": "DEMO-TN-CHN-000280",
        "height": 12.8,
        "floors": 4,
        "is_primary": false,
        "is_mapped": false,
        "data_status": "REAL FOOTPRINT / SYNTHETIC HEIGHT",
        "source": "Google Open Buildings"
      },
      "geometry": {
        "type": "Polygon",
        "coordinates": [
          [
            [
              80.2069302831088,
              13.0864525498108
            ],
            [
              80.206937883111,
              13.0865199498106
            ],
            [
              80.2069224831113,
              13.0865216498111
            ],
            [
              80.2069262831124,
              13.0865553498109
            ],
            [
              80.2068198831143,
              13.0865669498144
            ],
            [
              80.206808383111,
              13.0864658498148
            ],
            [
              80.2069302831088,
              13.0864525498108
            ]
          ]
        ]
      }
    },
    {
      "type": "Feature",
      "properties": {
        "building_id": "B281",
        "parcel_id": "P000281",
        "demo_ulpin": "DEMO-TN-CHN-000281",
        "height": 9.600000000000001,
        "floors": 3,
        "is_primary": false,
        "is_mapped": false,
        "data_status": "REAL FOOTPRINT / SYNTHETIC HEIGHT",
        "source": "Google Open Buildings"
      },
      "geometry": {
        "type": "Polygon",
        "coordinates": [
          [
            [
              80.2074645830216,
              13.08469804975
            ],
            [
              80.2074766830281,
              13.0848938497496
            ],
            [
              80.2073753830298,
              13.0848998497529
            ],
            [
              80.2073739830291,
              13.0848775497529
            ],
            [
              80.20731898303,
              13.0848807497547
            ],
            [
              80.2073110830257,
              13.084752249755
            ],
            [
              80.2073398830252,
              13.084750549754
            ],
            [
              80.2073370830237,
              13.0847056497541
            ],
            [
              80.2074645830216,
              13.08469804975
            ]
          ]
        ]
      }
    },
    {
      "type": "Feature",
      "properties": {
        "building_id": "B282",
        "parcel_id": "P000282",
        "demo_ulpin": "DEMO-TN-CHN-000282",
        "height": 16.0,
        "floors": 5,
        "is_primary": false,
        "is_mapped": false,
        "data_status": "REAL FOOTPRINT / SYNTHETIC HEIGHT",
        "source": "Google Open Buildings"
      },
      "geometry": {
        "type": "Polygon",
        "coordinates": [
          [
            [
              80.2037269681459,
              13.082892920942
            ],
            [
              80.2037360263963,
              13.0830868265492
            ],
            [
              80.2036134530018,
              13.0830923287987
            ],
            [
              80.2036043948474,
              13.082898423193
            ],
            [
              80.2037269681459,
              13.082892920942
            ]
          ]
        ]
      }
    },
    {
      "type": "Feature",
      "properties": {
        "building_id": "B283",
        "parcel_id": "P000283",
        "demo_ulpin": "DEMO-TN-CHN-000283",
        "height": 6.4,
        "floors": 2,
        "is_primary": false,
        "is_mapped": false,
        "data_status": "REAL FOOTPRINT / SYNTHETIC HEIGHT",
        "source": "Google Open Buildings"
      },
      "geometry": {
        "type": "Polygon",
        "coordinates": [
          [
            [
              80.2033267425258,
              13.0867142683867
            ],
            [
              80.2031859858236,
              13.0867215410663
            ],
            [
              80.2031810005255,
              13.0866288265938
            ],
            [
              80.2033217571745,
              13.086621553914
            ],
            [
              80.2033267425258,
              13.0867142683867
            ]
          ]
        ]
      }
    },
    {
      "type": "Feature",
      "properties": {
        "building_id": "B284",
        "parcel_id": "P000284",
        "demo_ulpin": "DEMO-TN-CHN-000284",
        "height": 9.600000000000001,
        "floors": 3,
        "is_primary": false,
        "is_mapped": false,
        "data_status": "REAL FOOTPRINT / SYNTHETIC HEIGHT",
        "source": "Google Open Buildings"
      },
      "geometry": {
        "type": "Polygon",
        "coordinates": [
          [
            [
              80.2065790454476,
              13.0830212420179
            ],
            [
              80.2065859179997,
              13.0832319249137
            ],
            [
              80.206483719656,
              13.0832351283914
            ],
            [
              80.2064768471907,
              13.0830244454979
            ],
            [
              80.2065790454476,
              13.0830212420179
            ]
          ]
        ]
      }
    },
    {
      "type": "Feature",
      "properties": {
        "building_id": "B285",
        "parcel_id": "P000285",
        "demo_ulpin": "DEMO-TN-CHN-000285",
        "height": 9.600000000000001,
        "floors": 3,
        "is_primary": false,
        "is_mapped": false,
        "data_status": "REAL FOOTPRINT / SYNTHETIC HEIGHT",
        "source": "Google Open Buildings"
      },
      "geometry": {
        "type": "Polygon",
        "coordinates": [
          [
            [
              80.2071908850389,
              13.083727516483
            ],
            [
              80.2071951019965,
              13.0838345978848
            ],
            [
              80.2069984643663,
              13.0838420389839
            ],
            [
              80.2069942474938,
              13.0837349575835
            ],
            [
              80.2071908850389,
              13.083727516483
            ]
          ]
        ]
      }
    },
    {
      "type": "Feature",
      "properties": {
        "building_id": "B286",
        "parcel_id": "P000286",
        "demo_ulpin": "DEMO-TN-CHN-000286",
        "height": 12.8,
        "floors": 4,
        "is_primary": false,
        "is_mapped": false,
        "data_status": "REAL FOOTPRINT / SYNTHETIC HEIGHT",
        "source": "Google Open Buildings"
      },
      "geometry": {
        "type": "Polygon",
        "coordinates": [
          [
            [
              80.2074809630759,
              13.0845620639964
            ],
            [
              80.2074892430598,
              13.0846966149877
            ],
            [
              80.2073083227452,
              13.0847073132694
            ],
            [
              80.2073000428598,
              13.0845727622782
            ],
            [
              80.2074809630759,
              13.0845620639964
            ]
          ]
        ]
      }
    },
    {
      "type": "Feature",
      "properties": {
        "building_id": "B287",
        "parcel_id": "P000287",
        "demo_ulpin": "DEMO-TN-CHN-000287",
        "height": 12.8,
        "floors": 4,
        "is_primary": false,
        "is_mapped": false,
        "data_status": "REAL FOOTPRINT / SYNTHETIC HEIGHT",
        "source": "Google Open Buildings"
      },
      "geometry": {
        "type": "Polygon",
        "coordinates": [
          [
            [
              80.2074218255559,
              13.0856808471203
            ],
            [
              80.2072879589217,
              13.0856896937749
            ],
            [
              80.2072823294256,
              13.0856078383182
            ],
            [
              80.2074161960155,
              13.0855989916618
            ],
            [
              80.2074218255559,
              13.0856808471203
            ]
          ]
        ]
      }
    },
    {
      "type": "Feature",
      "properties": {
        "building_id": "B288",
        "parcel_id": "P000288",
        "demo_ulpin": "DEMO-TN-CHN-000288",
        "height": 16.0,
        "floors": 5,
        "is_primary": false,
        "is_mapped": false,
        "data_status": "REAL FOOTPRINT / SYNTHETIC HEIGHT",
        "source": "Google Open Buildings"
      },
      "geometry": {
        "type": "Polygon",
        "coordinates": [
          [
            [
              80.2063381612456,
              13.082800111667
            ],
            [
              80.2063524270385,
              13.083004377212
            ],
            [
              80.2062104072279,
              13.0830139082619
            ],
            [
              80.2061961415524,
              13.0828096427159
            ],
            [
              80.2063381612456,
              13.082800111667
            ]
          ]
        ]
      }
    },
    {
      "type": "Feature",
      "properties": {
        "building_id": "B289",
        "parcel_id": "P000289",
        "demo_ulpin": "DEMO-TN-CHN-000289",
        "height": 16.0,
        "floors": 5,
        "is_primary": false,
        "is_mapped": false,
        "data_status": "REAL FOOTPRINT / SYNTHETIC HEIGHT",
        "source": "Google Open Buildings"
      },
      "geometry": {
        "type": "Polygon",
        "coordinates": [
          [
            [
              80.2036043829967,
              13.082898449834
            ],
            [
              80.203604782997,
              13.082906149834
            ],
            [
              80.2036134830033,
              13.0830923498337
            ],
            [
              80.2035311830046,
              13.0830960498364
            ],
            [
              80.2035220829981,
              13.0829021498367
            ],
            [
              80.2036043829967,
              13.082898449834
            ]
          ]
        ]
      }
    },
    {
      "type": "Feature",
      "properties": {
        "building_id": "B290",
        "parcel_id": "P000290",
        "demo_ulpin": "DEMO-TN-CHN-000290",
        "height": 6.4,
        "floors": 2,
        "is_primary": false,
        "is_mapped": false,
        "data_status": "REAL FOOTPRINT / SYNTHETIC HEIGHT",
        "source": "Google Open Buildings"
      },
      "geometry": {
        "type": "Polygon",
        "coordinates": [
          [
            [
              80.2025948735241,
              13.0850181298031
            ],
            [
              80.2025156748365,
              13.0850228275822
            ],
            [
              80.2025180264076,
              13.0850609227617
            ],
            [
              80.2024760286217,
              13.085063413908
            ],
            [
              80.2024701041509,
              13.0849674378927
            ],
            [
              80.2025121019206,
              13.0849649467466
            ],
            [
              80.202507853322,
              13.0848961199083
            ],
            [
              80.2025870519696,
              13.0848914221291
            ],
            [
              80.2025948735241,
              13.0850181298031
            ]
          ]
        ]
      }
    },
    {
      "type": "Feature",
      "properties": {
        "building_id": "B291",
        "parcel_id": "P000291",
        "demo_ulpin": "DEMO-TN-CHN-000291",
        "height": 9.600000000000001,
        "floors": 3,
        "is_primary": false,
        "is_mapped": false,
        "data_status": "REAL FOOTPRINT / SYNTHETIC HEIGHT",
        "source": "Google Open Buildings"
      },
      "geometry": {
        "type": "Polygon",
        "coordinates": [
          [
            [
              80.203038971865,
              13.0863749569464
            ],
            [
              80.2030457041552,
              13.0864628186152
            ],
            [
              80.2029155548146,
              13.0864724012341
            ],
            [
              80.2029088225705,
              13.0863845395645
            ],
            [
              80.203038971865,
              13.0863749569464
            ]
          ]
        ]
      }
    },
    {
      "type": "Feature",
      "properties": {
        "building_id": "B292",
        "parcel_id": "P000292",
        "demo_ulpin": "DEMO-TN-CHN-000292",
        "height": 16.0,
        "floors": 5,
        "is_primary": false,
        "is_mapped": false,
        "data_status": "REAL FOOTPRINT / SYNTHETIC HEIGHT",
        "source": "Google Open Buildings"
      },
      "geometry": {
        "type": "Polygon",
        "coordinates": [
          [
            [
              80.2027880616374,
              13.0838899511026
            ],
            [
              80.202795678889,
              13.0840913211847
            ],
            [
              80.2026900166301,
              13.0840951618777
            ],
            [
              80.2026823994646,
              13.0838937917975
            ],
            [
              80.2027880616374,
              13.0838899511026
            ]
          ]
        ]
      }
    },
    {
      "type": "Feature",
      "properties": {
        "building_id": "B293",
        "parcel_id": "P000293",
        "demo_ulpin": "DEMO-TN-CHN-000293",
        "height": 9.600000000000001,
        "floors": 3,
        "is_primary": false,
        "is_mapped": false,
        "data_status": "REAL FOOTPRINT / SYNTHETIC HEIGHT",
        "source": "Google Open Buildings"
      },
      "geometry": {
        "type": "Polygon",
        "coordinates": [
          [
            [
              80.2074108322556,
              13.0859404011905
            ],
            [
              80.2072487585538,
              13.085947972483
            ],
            [
              80.2072434046803,
              13.0858378450094
            ],
            [
              80.20740547831,
              13.0858302737148
            ],
            [
              80.2074108322556,
              13.0859404011905
            ]
          ]
        ]
      }
    },
    {
      "type": "Feature",
      "properties": {
        "building_id": "B294",
        "parcel_id": "P000294",
        "demo_ulpin": "DEMO-TN-CHN-000294",
        "height": 16.0,
        "floors": 5,
        "is_primary": false,
        "is_mapped": false,
        "data_status": "REAL FOOTPRINT / SYNTHETIC HEIGHT",
        "source": "Google Open Buildings"
      },
      "geometry": {
        "type": "Polygon",
        "coordinates": [
          [
            [
              80.2067008832841,
              13.0830376759709
            ],
            [
              80.2067047008593,
              13.0832251932375
            ],
            [
              80.2066104209094,
              13.0832270376297
            ],
            [
              80.2066066034058,
              13.0830395203659
            ],
            [
              80.2067008832841,
              13.0830376759709
            ]
          ]
        ]
      }
    },
    {
      "type": "Feature",
      "properties": {
        "building_id": "B295",
        "parcel_id": "P000295",
        "demo_ulpin": "DEMO-TN-CHN-000295",
        "height": 9.600000000000001,
        "floors": 3,
        "is_primary": false,
        "is_mapped": false,
        "data_status": "REAL FOOTPRINT / SYNTHETIC HEIGHT",
        "source": "Google Open Buildings"
      },
      "geometry": {
        "type": "Polygon",
        "coordinates": [
          [
            [
              80.2032589851505,
              13.0867177693176
            ],
            [
              80.2032615235954,
              13.0867649779713
            ],
            [
              80.203329280985,
              13.0867614770436
            ],
            [
              80.2033328336338,
              13.086827546971
            ],
            [
              80.2032650762261,
              13.0868310478983
            ],
            [
              80.203266489569,
              13.086857332492
            ],
            [
              80.2031934902015,
              13.0868611042436
            ],
            [
              80.2031859858249,
              13.0867215410694
            ],
            [
              80.2032589851505,
              13.0867177693176
            ]
          ]
        ]
      }
    },
    {
      "type": "Feature",
      "properties": {
        "building_id": "B296",
        "parcel_id": "P000296",
        "demo_ulpin": "DEMO-TN-CHN-000296",
        "height": 9.600000000000001,
        "floors": 3,
        "is_primary": false,
        "is_mapped": false,
        "data_status": "REAL FOOTPRINT / SYNTHETIC HEIGHT",
        "source": "Google Open Buildings"
      },
      "geometry": {
        "type": "Polygon",
        "coordinates": [
          [
            [
              80.2073499828028,
              13.0859432437948
            ],
            [
              80.2073551865304,
              13.0860502818803
            ],
            [
              80.207253962239,
              13.0860550105717
            ],
            [
              80.2072487585551,
              13.0859479724858
            ],
            [
              80.2073499828028,
              13.0859432437948
            ]
          ]
        ]
      }
    },
    {
      "type": "Feature",
      "properties": {
        "building_id": "B297",
        "parcel_id": "P000297",
        "demo_ulpin": "DEMO-TN-CHN-000297",
        "height": 12.8,
        "floors": 4,
        "is_primary": false,
        "is_mapped": false,
        "data_status": "REAL FOOTPRINT / SYNTHETIC HEIGHT",
        "source": "Google Open Buildings"
      },
      "geometry": {
        "type": "Polygon",
        "coordinates": [
          [
            [
              80.2070785281955,
              13.0865629230937
            ],
            [
              80.2069792430656,
              13.0865744219566
            ],
            [
              80.2069643309763,
              13.0864506994845
            ],
            [
              80.2070636160567,
              13.0864392006243
            ],
            [
              80.2070785281955,
              13.0865629230937
            ]
          ]
        ]
      }
    },
    {
      "type": "Feature",
      "properties": {
        "building_id": "B298",
        "parcel_id": "P000298",
        "demo_ulpin": "DEMO-TN-CHN-000298",
        "height": 9.600000000000001,
        "floors": 3,
        "is_primary": false,
        "is_mapped": false,
        "data_status": "REAL FOOTPRINT / SYNTHETIC HEIGHT",
        "source": "Google Open Buildings"
      },
      "geometry": {
        "type": "Polygon",
        "coordinates": [
          [
            [
              80.2074037856219,
              13.0840464620791
            ],
            [
              80.2074100877361,
              13.0841966431014
            ],
            [
              80.2073245678487,
              13.084200091561
            ],
            [
              80.207318265784,
              13.0840499105397
            ],
            [
              80.2074037856219,
              13.0840464620791
            ]
          ]
        ]
      }
    },
    {
      "type": "Feature",
      "properties": {
        "building_id": "B299",
        "parcel_id": "P000299",
        "demo_ulpin": "DEMO-TN-CHN-000299",
        "height": 6.4,
        "floors": 2,
        "is_primary": false,
        "is_mapped": false,
        "data_status": "REAL FOOTPRINT / SYNTHETIC HEIGHT",
        "source": "Google Open Buildings"
      },
      "geometry": {
        "type": "Polygon",
        "coordinates": [
          [
            [
              80.203918702003,
              13.08724745616
            ],
            [
              80.2036835240843,
              13.0872620470739
            ],
            [
              80.2036789201893,
              13.0871907420432
            ],
            [
              80.2039140980403,
              13.0871761511297
            ],
            [
              80.203918702003,
              13.08724745616
            ]
          ]
        ]
      }
    },
    {
      "type": "Feature",
      "properties": {
        "building_id": "B300",
        "parcel_id": "P000300",
        "demo_ulpin": "DEMO-TN-CHN-000300",
        "height": 6.4,
        "floors": 2,
        "is_primary": false,
        "is_mapped": false,
        "data_status": "REAL FOOTPRINT / SYNTHETIC HEIGHT",
        "source": "Google Open Buildings"
      },
      "geometry": {
        "type": "Polygon",
        "coordinates": [
          [
            [
              80.2027247332663,
              13.0859323860132
            ],
            [
              80.2027296805808,
              13.0860339879901
            ],
            [
              80.2026179212086,
              13.086039217141
            ],
            [
              80.2026129739388,
              13.0859376151644
            ],
            [
              80.2027247332663,
              13.0859323860132
            ]
          ]
        ]
      }
    }
  ]
}