{
  "type": "FeatureCollection",
  "features": [
    {
      "type": "Feature",
      "properties": {
        "unit_id": "B001-F01-U01",
        "floor_id": "B001-F01",
        "building_id": "B001",
        "parcel_id": "P000001",
        "demo_ulpin": "DEMO-TN-CHN-000001",
        "property_3d_id": "3D-CHN-P000001-B001-F01-U01",
        "area_sqm": 75.0,
        "z_min": 0.0,
        "z_max": 3.2,
        "height": 3.2,
        "volume_m3": 240.0,
        "data_status": "DEMO / SYNTHETIC"
      },
      "geometry": {
        "type": "Polygon",
        "coordinates": [
          [
            [
              80.20486417646967,
              13.084808440598
            ],
            [
              80.2049491466406,
              13.084808440598
            ],
            [
              80.2049491466406,
              13.084764390116863
            ],
            [
              80.2048631072852,
              13.084766497692101
            ],
            [
              80.20486417646967,
              13.084808440598
            ]
          ]
        ]
      }
    },
    {
      "type": "Feature",
      "properties": {
        "unit_id": "B001-F01-U02",
        "floor_id": "B001-F01",
        "building_id": "B001",
        "parcel_id": "P000001",
        "demo_ulpin": "DEMO-TN-CHN-000001",
        "property_3d_id": "3D-CHN-P000001-B001-F01-U02",
        "area_sqm": 75.0,
        "z_min": 0.0,
        "z_max": 3.2,
        "height": 3.2,
        "volume_m3": 240.0,
        "data_status": "DEMO / SYNTHETIC"
      },
      "geometry": {
        "type": "Polygon",
        "coordinates": [
          [
            [
              80.2049491466406,
              13.084764390116863
            ],
            [
              80.2049491466406,
              13.084808440598
            ],
            [
              80.20503411678256,
              13.084808440598
            ],
            [
              80.2050329415176,
              13.0847623375212
            ],
            [
              80.2049491466406,
              13.084764390116863
            ]
          ]
        ]
      }
    },
    {
      "type": "Feature",
      "properties": {
        "unit_id": "B001-F01-U03",
        "floor_id": "B001-F01",
        "building_id": "B001",
        "parcel_id": "P000001",
        "demo_ulpin": "DEMO-TN-CHN-000001",
        "property_3d_id": "3D-CHN-P000001-B001-F01-U03",
        "area_sqm": 75.0,
        "z_min": 0.0,
        "z_max": 3.2,
        "height": 3.2,
        "volume_m3": 240.0,
        "data_status": "DEMO / SYNTHETIC"
      },
      "geometry": {
        "type": "Polygon",
        "coordinates": [
          [
            [
              80.2049491466406,
              13.084852491079369
            ],
            [
              80.2049491466406,
              13.084808440598
            ],
            [
              80.20486417646967,
              13.084808440598
            ],
            [
              80.20486535170281,
              13.0848545436748
            ],
            [
              80.2049491466406,
              13.084852491079369
            ]
          ]
        ]
      }
    },
    {
      "type": "Feature",
      "properties": {
        "unit_id": "B001-F01-U04",
        "floor_id": "B001-F01",
        "building_id": "B001",
        "parcel_id": "P000001",
        "demo_ulpin": "DEMO-TN-CHN-000001",
        "property_3d_id": "3D-CHN-P000001-B001-F01-U04",
        "area_sqm": 75.0,
        "z_min": 0.0,
        "z_max": 3.2,
        "height": 3.2,
        "volume_m3": 240.0,
        "data_status": "DEMO / SYNTHETIC"
      },
      "geometry": {
        "type": "Polygon",
        "coordinates": [
          [
            [
              80.205035185996,
              13.0848503835059
            ],
            [
              80.20503411678256,
              13.084808440598
            ],
            [
              80.2049491466406,
              13.084808440598
            ],
            [
              80.2049491466406,
              13.084852491079369
            ],
            [
              80.205035185996,
              13.0848503835059
            ]
          ]
        ]
      }
    },
    {
      "type": "Feature",
      "properties": {
        "unit_id": "B001-F02-U01",
        "floor_id": "B001-F02",
        "building_id": "B001",
        "parcel_id": "P000001",
        "demo_ulpin": "DEMO-TN-CHN-000001",
        "property_3d_id": "3D-CHN-P000001-B001-F02-U01",
        "area_sqm": 75.0,
        "z_min": 3.2,
        "z_max": 6.4,
        "height": 3.2,
        "volume_m3": 240.0,
        "data_status": "DEMO / SYNTHETIC"
      },
      "geometry": {
        "type": "Polygon",
        "coordinates": [
          [
            [
              80.20486417646967,
              13.084808440598
            ],
            [
              80.2049491466406,
              13.084808440598
            ],
            [
              80.2049491466406,
              13.084764390116863
            ],
            [
              80.2048631072852,
              13.084766497692101
            ],
            [
              80.20486417646967,
              13.084808440598
            ]
          ]
        ]
      }
    },
    {
      "type": "Feature",
      "properties": {
        "unit_id": "B001-F02-U02",
        "floor_id": "B001-F02",
        "building_id": "B001",
        "parcel_id": "P000001",
        "demo_ulpin": "DEMO-TN-CHN-000001",
        "property_3d_id": "3D-CHN-P000001-B001-F02-U02",
        "area_sqm": 75.0,
        "z_min": 3.2,
        "z_max": 6.4,
        "height": 3.2,
        "volume_m3": 240.0,
        "data_status": "DEMO / SYNTHETIC"
      },
      "geometry": {
        "type": "Polygon",
        "coordinates": [
          [
            [
              80.2049491466406,
              13.084764390116863
            ],
            [
              80.2049491466406,
              13.084808440598
            ],
            [
              80.20503411678256,
              13.084808440598
            ],
            [
              80.2050329415176,
              13.0847623375212
            ],
            [
              80.2049491466406,
              13.084764390116863
            ]
          ]
        ]
      }
    },
    {
      "type": "Feature",
      "properties": {
        "unit_id": "B001-F02-U03",
        "floor_id": "B001-F02",
        "building_id": "B001",
        "parcel_id": "P000001",
        "demo_ulpin": "DEMO-TN-CHN-000001",
        "property_3d_id": "3D-CHN-P000001-B001-F02-U03",
        "area_sqm": 75.0,
        "z_min": 3.2,
        "z_max": 6.4,
        "height": 3.2,
        "volume_m3": 240.0,
        "data_status": "DEMO / SYNTHETIC"
      },
      "geometry": {
        "type": "Polygon",
        "coordinates": [
          [
            [
              80.2049491466406,
              13.084852491079369
            ],
            [
              80.2049491466406,
              13.084808440598
            ],
            [
              80.20486417646967,
              13.084808440598
            ],
            [
              80.20486535170281,
              13.0848545436748
            ],
            [
              80.2049491466406,
              13.084852491079369
            ]
          ]
        ]
      }
    },
    {
      "type": "Feature",
      "properties": {
        "unit_id": "B001-F02-U04",
        "floor_id": "B001-F02",
        "building_id": "B001",
        "parcel_id": "P000001",
        "demo_ulpin": "DEMO-TN-CHN-000001",
        "property_3d_id": "3D-CHN-P000001-B001-F02-U04",
        "area_sqm": 75.0,
        "z_min": 3.2,
        "z_max": 6.4,
        "height": 3.2,
        "volume_m3": 240.0,
        "data_status": "DEMO / SYNTHETIC"
      },
      "geometry": {
        "type": "Polygon",
        "coordinates": [
          [
            [
              80.205035185996,
              13.0848503835059
            ],
            [
              80.20503411678256,
              13.084808440598
            ],
            [
              80.2049491466406,
              13.084808440598
            ],
            [
              80.2049491466406,
              13.084852491079369
            ],
            [
              80.205035185996,
              13.0848503835059
            ]
          ]
        ]
      }
    },
    {
      "type": "Feature",
      "properties": {
        "unit_id": "B001-F03-U01",
        "floor_id": "B001-F03",
        "building_id": "B001",
        "parcel_id": "P000001",
        "demo_ulpin": "DEMO-TN-CHN-000001",
        "property_3d_id": "3D-CHN-P000001-B001-F03-U01",
        "area_sqm": 75.0,
        "z_min": 6.4,
        "z_max": 9.600000000000001,
        "height": 3.200000000000001,
        "volume_m3": 240.00000000000009,
        "data_status": "DEMO / SYNTHETIC"
      },
      "geometry": {
        "type": "Polygon",
        "coordinates": [
          [
            [
              80.20486417646967,
              13.084808440598
            ],
            [
              80.2049491466406,
              13.084808440598
            ],
            [
              80.2049491466406,
              13.084764390116863
            ],
            [
              80.2048631072852,
              13.084766497692101
            ],
            [
              80.20486417646967,
              13.084808440598
            ]
          ]
        ]
      }
    },
    {
      "type": "Feature",
      "properties": {
        "unit_id": "B001-F03-U02",
        "floor_id": "B001-F03",
        "building_id": "B001",
        "parcel_id": "P000001",
        "demo_ulpin": "DEMO-TN-CHN-000001",
        "property_3d_id": "3D-CHN-P000001-B001-F03-U02",
        "area_sqm": 75.0,
        "z_min": 6.4,
        "z_max": 9.600000000000001,
        "height": 3.200000000000001,
        "volume_m3": 240.00000000000009,
        "data_status": "DEMO / SYNTHETIC"
      },
      "geometry": {
        "type": "Polygon",
        "coordinates": [
          [
            [
              80.2049491466406,
              13.084764390116863
            ],
            [
              80.2049491466406,
              13.084808440598
            ],
            [
              80.20503411678256,
              13.084808440598
            ],
            [
              80.2050329415176,
              13.0847623375212
            ],
            [
              80.2049491466406,
              13.084764390116863
            ]
          ]
        ]
      }
    },
    {
      "type": "Feature",
      "properties": {
        "unit_id": "B001-F03-U03",
        "floor_id": "B001-F03",
        "building_id": "B001",
        "parcel_id": "P000001",
        "demo_ulpin": "DEMO-TN-CHN-000001",
        "property_3d_id": "3D-CHN-P000001-B001-F03-U03",
        "area_sqm": 75.0,
        "z_min": 6.4,
        "z_max": 9.600000000000001,
        "height": 3.200000000000001,
        "volume_m3": 240.00000000000009,
        "data_status": "DEMO / SYNTHETIC"
      },
      "geometry": {
        "type": "Polygon",
        "coordinates": [
          [
            [
              80.2049491466406,
              13.084852491079369
            ],
            [
              80.2049491466406,
              13.084808440598
            ],
            [
              80.20486417646967,
              13.084808440598
            ],
            [
              80.20486535170281,
              13.0848545436748
            ],
            [
              80.2049491466406,
              13.084852491079369
            ]
          ]
        ]
      }
    },
    {
      "type": "Feature",
      "properties": {
        "unit_id": "B001-F03-U04",
        "floor_id": "B001-F03",
        "building_id": "B001",
        "parcel_id": "P000001",
        "demo_ulpin": "DEMO-TN-CHN-000001",
        "property_3d_id": "3D-CHN-P000001-B001-F03-U04",
        "area_sqm": 75.0,
        "z_min": 6.4,
        "z_max": 9.600000000000001,
        "height": 3.200000000000001,
        "volume_m3": 240.00000000000009,
        "data_status": "DEMO / SYNTHETIC"
      },
      "geometry": {
        "type": "Polygon",
        "coordinates": [
          [
            [
              80.205035185996,
              13.0848503835059
            ],
            [
              80.20503411678256,
              13.084808440598
            ],
            [
              80.2049491466406,
              13.084808440598
            ],
            [
              80.2049491466406,
              13.084852491079369
            ],
            [
              80.205035185996,
              13.0848503835059
            ]
          ]
        ]
      }
    },
    {
      "type": "Feature",
      "properties": {
        "unit_id": "B001-F04-U01",
        "floor_id": "B001-F04",
        "building_id": "B001",
        "parcel_id": "P000001",
        "demo_ulpin": "DEMO-TN-CHN-000001",
        "property_3d_id": "3D-CHN-P000001-B001-F04-U01",
        "area_sqm": 75.0,
        "z_min": 9.600000000000001,
        "z_max": 12.8,
        "height": 3.1999999999999993,
        "volume_m3": 239.99999999999994,
        "data_status": "DEMO / SYNTHETIC"
      },
      "geometry": {
        "type": "Polygon",
        "coordinates": [
          [
            [
              80.20486417646967,
              13.084808440598
            ],
            [
              80.2049491466406,
              13.084808440598
            ],
            [
              80.2049491466406,
              13.084764390116863
            ],
            [
              80.2048631072852,
              13.084766497692101
            ],
            [
              80.20486417646967,
              13.084808440598
            ]
          ]
        ]
      }
    },
    {
      "type": "Feature",
      "properties": {
        "unit_id": "B001-F04-U02",
        "floor_id": "B001-F04",
        "building_id": "B001",
        "parcel_id": "P000001",
        "demo_ulpin": "DEMO-TN-CHN-000001",
        "property_3d_id": "3D-CHN-P000001-B001-F04-U02",
        "area_sqm": 75.0,
        "z_min": 9.600000000000001,
        "z_max": 12.8,
        "height": 3.1999999999999993,
        "volume_m3": 239.99999999999994,
        "data_status": "DEMO / SYNTHETIC"
      },
      "geometry": {
        "type": "Polygon",
        "coordinates": [
          [
            [
              80.2049491466406,
              13.084764390116863
            ],
            [
              80.2049491466406,
              13.084808440598
            ],
            [
              80.20503411678256,
              13.084808440598
            ],
            [
              80.2050329415176,
              13.0847623375212
            ],
            [
              80.2049491466406,
              13.084764390116863
            ]
          ]
        ]
      }
    },
    {
      "type": "Feature",
      "properties": {
        "unit_id": "B001-F04-U03",
        "floor_id": "B001-F04",
        "building_id": "B001",
        "parcel_id": "P000001",
        "demo_ulpin": "DEMO-TN-CHN-000001",
        "property_3d_id": "3D-CHN-P000001-B001-F04-U03",
        "area_sqm": 75.0,
        "z_min": 9.600000000000001,
        "z_max": 12.8,
        "height": 3.1999999999999993,
        "volume_m3": 239.99999999999994,
        "data_status": "DEMO / SYNTHETIC"
      },
      "geometry": {
        "type": "Polygon",
        "coordinates": [
          [
            [
              80.2049491466406,
              13.084852491079369
            ],
            [
              80.2049491466406,
              13.084808440598
            ],
            [
              80.20486417646967,
              13.084808440598
            ],
            [
              80.20486535170281,
              13.0848545436748
            ],
            [
              80.2049491466406,
              13.084852491079369
            ]
          ]
        ]
      }
    },
    {
      "type": "Feature",
      "properties": {
        "unit_id": "B001-F04-U04",
        "floor_id": "B001-F04",
        "building_id": "B001",
        "parcel_id": "P000001",
        "demo_ulpin": "DEMO-TN-CHN-000001",
        "property_3d_id": "3D-CHN-P000001-B001-F04-U04",
        "area_sqm": 75.0,
        "z_min": 9.600000000000001,
        "z_max": 12.8,
        "height": 3.1999999999999993,
        "volume_m3": 239.99999999999994,
        "data_status": "DEMO / SYNTHETIC"
      },
      "geometry": {
        "type": "Polygon",
        "coordinates": [
          [
            [
              80.205035185996,
              13.0848503835059
            ],
            [
              80.20503411678256,
              13.084808440598
            ],
            [
              80.2049491466406,
              13.084808440598
            ],
            [
              80.2049491466406,
              13.084852491079369
            ],
            [
              80.205035185996,
              13.0848503835059
            ]
          ]
        ]
      }
    },
    {
      "type": "Feature",
      "properties": {
        "unit_id": "B002-F01-U01",
        "floor_id": "B002-F01",
        "building_id": "B002",
        "parcel_id": "P000002",
        "demo_ulpin": "DEMO-TN-CHN-000002",
        "property_3d_id": "3D-CHN-P000002-B002-F01-U01",
        "area_sqm": 75.0,
        "z_min": 0.0,
        "z_max": 3.2,
        "height": 3.2,
        "volume_m3": 240.0,
        "data_status": "DEMO / SYNTHETIC"
      },
      "geometry": {
        "type": "Polygon",
        "coordinates": [
          [
            [
              80.20465603807392,
              13.08480803055315
            ],
            [
              80.20475529500276,
              13.08480803055315
            ],
            [
              80.20475529500276,
              13.084761497060535
            ],
            [
              80.20465476399781,
              13.0847643123638
            ],
            [
              80.20465603807392,
              13.08480803055315
            ]
          ]
        ]
      }
    },
    {
      "type": "Feature",
      "properties": {
        "unit_id": "B002-F01-U02",
        "floor_id": "B002-F01",
        "building_id": "B002",
        "parcel_id": "P000002",
        "demo_ulpin": "DEMO-TN-CHN-000002",
        "property_3d_id": "3D-CHN-P000002-B002-F01-U02",
        "area_sqm": 75.0,
        "z_min": 0.0,
        "z_max": 3.2,
        "height": 3.2,
        "volume_m3": 240.0,
        "data_status": "DEMO / SYNTHETIC"
      },
      "geometry": {
        "type": "Polygon",
        "coordinates": [
          [
            [
              80.20475529500276,
              13.084761497060535
            ],
            [
              80.20475529500276,
              13.08480803055315
            ],
            [
              80.20485455189657,
              13.08480803055315
            ],
            [
              80.2048531159005,
              13.084758757652
            ],
            [
              80.20475529500276,
              13.084761497060535
            ]
          ]
        ]
      }
    },
    {
      "type": "Feature",
      "properties": {
        "unit_id": "B002-F01-U03",
        "floor_id": "B002-F01",
        "building_id": "B002",
        "parcel_id": "P000002",
        "demo_ulpin": "DEMO-TN-CHN-000002",
        "property_3d_id": "3D-CHN-P000002-B002-F01-U03",
        "area_sqm": 75.0,
        "z_min": 0.0,
        "z_max": 3.2,
        "height": 3.2,
        "volume_m3": 240.0,
        "data_status": "DEMO / SYNTHETIC"
      },
      "geometry": {
        "type": "Polygon",
        "coordinates": [
          [
            [
              80.20475529500276,
              13.084854564045843
            ],
            [
              80.20475529500276,
              13.08480803055315
            ],
            [
              80.20465603807392,
              13.08480803055315
            ],
            [
              80.2046574740306,
              13.0848573034543
            ],
            [
              80.20475529500276,
              13.084854564045843
            ]
          ]
        ]
      }
    },
    {
      "type": "Feature",
      "properties": {
        "unit_id": "B002-F01-U04",
        "floor_id": "B002-F01",
        "building_id": "B002",
        "parcel_id": "P000002",
        "demo_ulpin": "DEMO-TN-CHN-000002",
        "property_3d_id": "3D-CHN-P000002-B002-F01-U04",
        "area_sqm": 75.0,
        "z_min": 0.0,
        "z_max": 3.2,
        "height": 3.2,
        "volume_m3": 240.0,
        "data_status": "DEMO / SYNTHETIC"
      },
      "geometry": {
        "type": "Polygon",
        "coordinates": [
          [
            [
              80.2048558260077,
              13.0848517487448
            ],
            [
              80.20485455189657,
              13.08480803055315
            ],
            [
              80.20475529500276,
              13.08480803055315
            ],
            [
              80.20475529500276,
              13.084854564045843
            ],
            [
              80.2048558260077,
              13.0848517487448
            ]
          ]
        ]
      }
    },
    {
      "type": "Feature",
      "properties": {
        "unit_id": "B002-F02-U01",
        "floor_id": "B002-F02",
        "building_id": "B002",
        "parcel_id": "P000002",
        "demo_ulpin": "DEMO-TN-CHN-000002",
        "property_3d_id": "3D-CHN-P000002-B002-F02-U01",
        "area_sqm": 75.0,
        "z_min": 3.2,
        "z_max": 6.4,
        "height": 3.2,
        "volume_m3": 240.0,
        "data_status": "DEMO / SYNTHETIC"
      },
      "geometry": {
        "type": "Polygon",
        "coordinates": [
          [
            [
              80.20465603807392,
              13.08480803055315
            ],
            [
              80.20475529500276,
              13.08480803055315
            ],
            [
              80.20475529500276,
              13.084761497060535
            ],
            [
              80.20465476399781,
              13.0847643123638
            ],
            [
              80.20465603807392,
              13.08480803055315
            ]
          ]
        ]
      }
    },
    {
      "type": "Feature",
      "properties": {
        "unit_id": "B002-F02-U02",
        "floor_id": "B002-F02",
        "building_id": "B002",
        "parcel_id": "P000002",
        "demo_ulpin": "DEMO-TN-CHN-000002",
        "property_3d_id": "3D-CHN-P000002-B002-F02-U02",
        "area_sqm": 75.0,
        "z_min": 3.2,
        "z_max": 6.4,
        "height": 3.2,
        "volume_m3": 240.0,
        "data_status": "DEMO / SYNTHETIC"
      },
      "geometry": {
        "type": "Polygon",
        "coordinates": [
          [
            [
              80.20475529500276,
              13.084761497060535
            ],
            [
              80.20475529500276,
              13.08480803055315
            ],
            [
              80.20485455189657,
              13.08480803055315
            ],
            [
              80.2048531159005,
              13.084758757652
            ],
            [
              80.20475529500276,
              13.084761497060535
            ]
          ]
        ]
      }
    },
    {
      "type": "Feature",
      "properties": {
        "unit_id": "B002-F02-U03",
        "floor_id": "B002-F02",
        "building_id": "B002",
        "parcel_id": "P000002",
        "demo_ulpin": "DEMO-TN-CHN-000002",
        "property_3d_id": "3D-CHN-P000002-B002-F02-U03",
        "area_sqm": 75.0,
        "z_min": 3.2,
        "z_max": 6.4,
        "height": 3.2,
        "volume_m3": 240.0,
        "data_status": "DEMO / SYNTHETIC"
      },
      "geometry": {
        "type": "Polygon",
        "coordinates": [
          [
            [
              80.20475529500276,
              13.084854564045843
            ],
            [
              80.20475529500276,
              13.08480803055315
            ],
            [
              80.20465603807392,
              13.08480803055315
            ],
            [
              80.2046574740306,
              13.0848573034543
            ],
            [
              80.20475529500276,
              13.084854564045843
            ]
          ]
        ]
      }
    },
    {
      "type": "Feature",
      "properties": {
        "unit_id": "B002-F02-U04",
        "floor_id": "B002-F02",
        "building_id": "B002",
        "parcel_id": "P000002",
        "demo_ulpin": "DEMO-TN-CHN-000002",
        "property_3d_id": "3D-CHN-P000002-B002-F02-U04",
        "area_sqm": 75.0,
        "z_min": 3.2,
        "z_max": 6.4,
        "height": 3.2,
        "volume_m3": 240.0,
        "data_status": "DEMO / SYNTHETIC"
      },
      "geometry": {
        "type": "Polygon",
        "coordinates": [
          [
            [
              80.2048558260077,
              13.0848517487448
            ],
            [
              80.20485455189657,
              13.08480803055315
            ],
            [
              80.20475529500276,
              13.08480803055315
            ],
            [
              80.20475529500276,
              13.084854564045843
            ],
            [
              80.2048558260077,
              13.0848517487448
            ]
          ]
        ]
      }
    },
    {
      "type": "Feature",
      "properties": {
        "unit_id": "B002-F03-U01",
        "floor_id": "B002-F03",
        "building_id": "B002",
        "parcel_id": "P000002",
        "demo_ulpin": "DEMO-TN-CHN-000002",
        "property_3d_id": "3D-CHN-P000002-B002-F03-U01",
        "area_sqm": 75.0,
        "z_min": 6.4,
        "z_max": 9.600000000000001,
        "height": 3.200000000000001,
        "volume_m3": 240.00000000000009,
        "data_status": "DEMO / SYNTHETIC"
      },
      "geometry": {
        "type": "Polygon",
        "coordinates": [
          [
            [
              80.20465603807392,
              13.08480803055315
            ],
            [
              80.20475529500276,
              13.08480803055315
            ],
            [
              80.20475529500276,
              13.084761497060535
            ],
            [
              80.20465476399781,
              13.0847643123638
            ],
            [
              80.20465603807392,
              13.08480803055315
            ]
          ]
        ]
      }
    },
    {
      "type": "Feature",
      "properties": {
        "unit_id": "B002-F03-U02",
        "floor_id": "B002-F03",
        "building_id": "B002",
        "parcel_id": "P000002",
        "demo_ulpin": "DEMO-TN-CHN-000002",
        "property_3d_id": "3D-CHN-P000002-B002-F03-U02",
        "area_sqm": 75.0,
        "z_min": 6.4,
        "z_max": 9.600000000000001,
        "height": 3.200000000000001,
        "volume_m3": 240.00000000000009,
        "data_status": "DEMO / SYNTHETIC"
      },
      "geometry": {
        "type": "Polygon",
        "coordinates": [
          [
            [
              80.20475529500276,
              13.084761497060535
            ],
            [
              80.20475529500276,
              13.08480803055315
            ],
            [
              80.20485455189657,
              13.08480803055315
            ],
            [
              80.2048531159005,
              13.084758757652
            ],
            [
              80.20475529500276,
              13.084761497060535
            ]
          ]
        ]
      }
    },
    {
      "type": "Feature",
      "properties": {
        "unit_id": "B002-F03-U03",
        "floor_id": "B002-F03",
        "building_id": "B002",
        "parcel_id": "P000002",
        "demo_ulpin": "DEMO-TN-CHN-000002",
        "property_3d_id": "3D-CHN-P000002-B002-F03-U03",
        "area_sqm": 75.0,
        "z_min": 6.4,
        "z_max": 9.600000000000001,
        "height": 3.200000000000001,
        "volume_m3": 240.00000000000009,
        "data_status": "DEMO / SYNTHETIC"
      },
      "geometry": {
        "type": "Polygon",
        "coordinates": [
          [
            [
              80.20475529500276,
              13.084854564045843
            ],
            [
              80.20475529500276,
              13.08480803055315
            ],
            [
              80.20465603807392,
              13.08480803055315
            ],
            [
              80.2046574740306,
              13.0848573034543
            ],
            [
              80.20475529500276,
              13.084854564045843
            ]
          ]
        ]
      }
    },
    {
      "type": "Feature",
      "properties": {
        "unit_id": "B002-F03-U04",
        "floor_id": "B002-F03",
        "building_id": "B002",
        "parcel_id": "P000002",
        "demo_ulpin": "DEMO-TN-CHN-000002",
        "property_3d_id": "3D-CHN-P000002-B002-F03-U04",
        "area_sqm": 75.0,
        "z_min": 6.4,
        "z_max": 9.600000000000001,
        "height": 3.200000000000001,
        "volume_m3": 240.00000000000009,
        "data_status": "DEMO / SYNTHETIC"
      },
      "geometry": {
        "type": "Polygon",
        "coordinates": [
          [
            [
              80.2048558260077,
              13.0848517487448
            ],
            [
              80.20485455189657,
              13.08480803055315
            ],
            [
              80.20475529500276,
              13.08480803055315
            ],
            [
              80.20475529500276,
              13.084854564045843
            ],
            [
              80.2048558260077,
              13.0848517487448
            ]
          ]
        ]
      }
    },
    {
      "type": "Feature",
      "properties": {
        "unit_id": "B003-F01-U01",
        "floor_id": "B003-F01",
        "building_id": "B003",
        "parcel_id": "P000003",
        "demo_ulpin": "DEMO-TN-CHN-000003",
        "property_3d_id": "3D-CHN-P000003-B003-F01-U01",
        "area_sqm": 75.0,
        "z_min": 0.0,
        "z_max": 3.2,
        "height": 3.2,
        "volume_m3": 240.0,
        "data_status": "DEMO / SYNTHETIC"
      },
      "geometry": {
        "type": "Polygon",
        "coordinates": [
          [
            [
              80.20489861088704,
              13.084631030261551
            ],
            [
              80.2049763619739,
              13.084631030261551
            ],
            [
              80.2049763619739,
              13.08453157156391
            ],
            [
              80.20489483912,
              13.0845346368217
            ],
            [
              80.20489861088704,
              13.084631030261551
            ]
          ]
        ]
      }
    },
    {
      "type": "Feature",
      "properties": {
        "unit_id": "B003-F01-U02",
        "floor_id": "B003-F01",
        "building_id": "B003",
        "parcel_id": "P000003",
        "demo_ulpin": "DEMO-TN-CHN-000003",
        "property_3d_id": "3D-CHN-P000003-B003-F01-U02",
        "area_sqm": 75.0,
        "z_min": 0.0,
        "z_max": 3.2,
        "height": 3.2,
        "volume_m3": 240.0,
        "data_status": "DEMO / SYNTHETIC"
      },
      "geometry": {
        "type": "Polygon",
        "coordinates": [
          [
            [
              80.2050501127234,
              13.0845287985371
            ],
            [
              80.2049763619739,
              13.08453157156391
            ],
            [
              80.2049763619739,
              13.084631030261551
            ],
            [
              80.20505411300013,
              13.084631030261551
            ],
            [
              80.2050501127234,
              13.0845287985371
            ]
          ]
        ]
      }
    },
    {
      "type": "Feature",
      "properties": {
        "unit_id": "B003-F01-U03",
        "floor_id": "B003-F01",
        "building_id": "B003",
        "parcel_id": "P000003",
        "demo_ulpin": "DEMO-TN-CHN-000003",
        "property_3d_id": "3D-CHN-P000003-B003-F01-U03",
        "area_sqm": 75.0,
        "z_min": 0.0,
        "z_max": 3.2,
        "height": 3.2,
        "volume_m3": 240.0,
        "data_status": "DEMO / SYNTHETIC"
      },
      "geometry": {
        "type": "Polygon",
        "coordinates": [
          [
            [
              80.2049763619739,
              13.084730488958247
            ],
            [
              80.2049763619739,
              13.084631030261551
            ],
            [
              80.20489861088704,
              13.084631030261551
            ],
            [
              80.2049026110996,
              13.084733261986
            ],
            [
              80.2049763619739,
              13.084730488958247
            ]
          ]
        ]
      }
    },
    {
      "type": "Feature",
      "properties": {
        "unit_id": "B003-F01-U04",
        "floor_id": "B003-F01",
        "building_id": "B003",
        "parcel_id": "P000003",
        "demo_ulpin": "DEMO-TN-CHN-000003",
        "property_3d_id": "3D-CHN-P000003-B003-F01-U04",
        "area_sqm": 75.0,
        "z_min": 0.0,
        "z_max": 3.2,
        "height": 3.2,
        "volume_m3": 240.0,
        "data_status": "DEMO / SYNTHETIC"
      },
      "geometry": {
        "type": "Polygon",
        "coordinates": [
          [
            [
              80.20505411300013,
              13.084631030261551
            ],
            [
              80.2049763619739,
              13.084631030261551
            ],
            [
              80.2049763619739,
              13.084730488958247
            ],
            [
              80.20505788482781,
              13.0847274237046
            ],
            [
              80.20505411300013,
              13.084631030261551
            ]
          ]
        ]
      }
    },
    {
      "type": "Feature",
      "properties": {
        "unit_id": "B003-F02-U01",
        "floor_id": "B003-F02",
        "building_id": "B003",
        "parcel_id": "P000003",
        "demo_ulpin": "DEMO-TN-CHN-000003",
        "property_3d_id": "3D-CHN-P000003-B003-F02-U01",
        "area_sqm": 75.0,
        "z_min": 3.2,
        "z_max": 6.4,
        "height": 3.2,
        "volume_m3": 240.0,
        "data_status": "DEMO / SYNTHETIC"
      },
      "geometry": {
        "type": "Polygon",
        "coordinates": [
          [
            [
              80.20489861088704,
              13.084631030261551
            ],
            [
              80.2049763619739,
              13.084631030261551
            ],
            [
              80.2049763619739,
              13.08453157156391
            ],
            [
              80.20489483912,
              13.0845346368217
            ],
            [
              80.20489861088704,
              13.084631030261551
            ]
          ]
        ]
      }
    },
    {
      "type": "Feature",
      "properties": {
        "unit_id": "B003-F02-U02",
        "floor_id": "B003-F02",
        "building_id": "B003",
        "parcel_id": "P000003",
        "demo_ulpin": "DEMO-TN-CHN-000003",
        "property_3d_id": "3D-CHN-P000003-B003-F02-U02",
        "area_sqm": 75.0,
        "z_min": 3.2,
        "z_max": 6.4,
        "height": 3.2,
        "volume_m3": 240.0,
        "data_status": "DEMO / SYNTHETIC"
      },
      "geometry": {
        "type": "Polygon",
        "coordinates": [
          [
            [
              80.2050501127234,
              13.0845287985371
            ],
            [
              80.2049763619739,
              13.08453157156391
            ],
            [
              80.2049763619739,
              13.084631030261551
            ],
            [
              80.20505411300013,
              13.084631030261551
            ],
            [
              80.2050501127234,
              13.0845287985371
            ]
          ]
        ]
      }
    },
    {
      "type": "Feature",
      "properties": {
        "unit_id": "B003-F02-U03",
        "floor_id": "B003-F02",
        "building_id": "B003",
        "parcel_id": "P000003",
        "demo_ulpin": "DEMO-TN-CHN-000003",
        "property_3d_id": "3D-CHN-P000003-B003-F02-U03",
        "area_sqm": 75.0,
        "z_min": 3.2,
        "z_max": 6.4,
        "height": 3.2,
        "volume_m3": 240.0,
        "data_status": "DEMO / SYNTHETIC"
      },
      "geometry": {
        "type": "Polygon",
        "coordinates": [
          [
            [
              80.2049763619739,
              13.084730488958247
            ],
            [
              80.2049763619739,
              13.084631030261551
            ],
            [
              80.20489861088704,
              13.084631030261551
            ],
            [
              80.2049026110996,
              13.084733261986
            ],
            [
              80.2049763619739,
              13.084730488958247
            ]
          ]
        ]
      }
    },
    {
      "type": "Feature",
      "properties": {
        "unit_id": "B003-F02-U04",
        "floor_id": "B003-F02",
        "building_id": "B003",
        "parcel_id": "P000003",
        "demo_ulpin": "DEMO-TN-CHN-000003",
        "property_3d_id": "3D-CHN-P000003-B003-F02-U04",
        "area_sqm": 75.0,
        "z_min": 3.2,
        "z_max": 6.4,
        "height": 3.2,
        "volume_m3": 240.0,
        "data_status": "DEMO / SYNTHETIC"
      },
      "geometry": {
        "type": "Polygon",
        "coordinates": [
          [
            [
              80.20505411300013,
              13.084631030261551
            ],
            [
              80.2049763619739,
              13.084631030261551
            ],
            [
              80.2049763619739,
              13.084730488958247
            ],
            [
              80.20505788482781,
              13.0847274237046
            ],
            [
              80.20505411300013,
              13.084631030261551
            ]
          ]
        ]
      }
    },
    {
      "type": "Feature",
      "properties": {
        "unit_id": "B003-F03-U01",
        "floor_id": "B003-F03",
        "building_id": "B003",
        "parcel_id": "P000003",
        "demo_ulpin": "DEMO-TN-CHN-000003",
        "property_3d_id": "3D-CHN-P000003-B003-F03-U01",
        "area_sqm": 75.0,
        "z_min": 6.4,
        "z_max": 9.600000000000001,
        "height": 3.200000000000001,
        "volume_m3": 240.00000000000009,
        "data_status": "DEMO / SYNTHETIC"
      },
      "geometry": {
        "type": "Polygon",
        "coordinates": [
          [
            [
              80.20489861088704,
              13.084631030261551
            ],
            [
              80.2049763619739,
              13.084631030261551
            ],
            [
              80.2049763619739,
              13.08453157156391
            ],
            [
              80.20489483912,
              13.0845346368217
            ],
            [
              80.20489861088704,
              13.084631030261551
            ]
          ]
        ]
      }
    },
    {
      "type": "Feature",
      "properties": {
        "unit_id": "B003-F03-U02",
        "floor_id": "B003-F03",
        "building_id": "B003",
        "parcel_id": "P000003",
        "demo_ulpin": "DEMO-TN-CHN-000003",
        "property_3d_id": "3D-CHN-P000003-B003-F03-U02",
        "area_sqm": 75.0,
        "z_min": 6.4,
        "z_max": 9.600000000000001,
        "height": 3.200000000000001,
        "volume_m3": 240.00000000000009,
        "data_status": "DEMO / SYNTHETIC"
      },
      "geometry": {
        "type": "Polygon",
        "coordinates": [
          [
            [
              80.2050501127234,
              13.0845287985371
            ],
            [
              80.2049763619739,
              13.08453157156391
            ],
            [
              80.2049763619739,
              13.084631030261551
            ],
            [
              80.20505411300013,
              13.084631030261551
            ],
            [
              80.2050501127234,
              13.0845287985371
            ]
          ]
        ]
      }
    },
    {
      "type": "Feature",
      "properties": {
        "unit_id": "B003-F03-U03",
        "floor_id": "B003-F03",
        "building_id": "B003",
        "parcel_id": "P000003",
        "demo_ulpin": "DEMO-TN-CHN-000003",
        "property_3d_id": "3D-CHN-P000003-B003-F03-U03",
        "area_sqm": 75.0,
        "z_min": 6.4,
        "z_max": 9.600000000000001,
        "height": 3.200000000000001,
        "volume_m3": 240.00000000000009,
        "data_status": "DEMO / SYNTHETIC"
      },
      "geometry": {
        "type": "Polygon",
        "coordinates": [
          [
            [
              80.2049763619739,
              13.084730488958247
            ],
            [
              80.2049763619739,
              13.084631030261551
            ],
            [
              80.20489861088704,
              13.084631030261551
            ],
            [
              80.2049026110996,
              13.084733261986
            ],
            [
              80.2049763619739,
              13.084730488958247
            ]
          ]
        ]
      }
    },
    {
      "type": "Feature",
      "properties": {
        "unit_id": "B003-F03-U04",
        "floor_id": "B003-F03",
        "building_id": "B003",
        "parcel_id": "P000003",
        "demo_ulpin": "DEMO-TN-CHN-000003",
        "property_3d_id": "3D-CHN-P000003-B003-F03-U04",
        "area_sqm": 75.0,
        "z_min": 6.4,
        "z_max": 9.600000000000001,
        "height": 3.200000000000001,
        "volume_m3": 240.00000000000009,
        "data_status": "DEMO / SYNTHETIC"
      },
      "geometry": {
        "type": "Polygon",
        "coordinates": [
          [
            [
              80.20505411300013,
              13.084631030261551
            ],
            [
              80.2049763619739,
              13.084631030261551
            ],
            [
              80.2049763619739,
              13.084730488958247
            ],
            [
              80.20505788482781,
              13.0847274237046
            ],
            [
              80.20505411300013,
              13.084631030261551
            ]
          ]
        ]
      }
    },
    {
      "type": "Feature",
      "properties": {
        "unit_id": "B004-F01-U01",
        "floor_id": "B004-F01",
        "building_id": "B004",
        "parcel_id": "P000004",
        "demo_ulpin": "DEMO-TN-CHN-000004",
        "property_3d_id": "3D-CHN-P000004-B004-F01-U01",
        "area_sqm": 75.0,
        "z_min": 0.0,
        "z_max": 3.2,
        "height": 3.2,
        "volume_m3": 240.0,
        "data_status": "DEMO / SYNTHETIC"
      },
      "geometry": {
        "type": "Polygon",
        "coordinates": [
          [
            [
              80.20511655922097,
              13.08479290328065
            ],
            [
              80.2051783931209,
              13.08479290328065
            ],
            [
              80.2051783931209,
              13.08474871138133
            ],
            [
              80.20511717568681,
              13.084747905500901
            ],
            [
              80.20511655922097,
              13.08479290328065
            ]
          ]
        ]
      }
    },
    {
      "type": "Feature",
      "properties": {
        "unit_id": "B004-F01-U02",
        "floor_id": "B004-F01",
        "building_id": "B004",
        "parcel_id": "P000004",
        "demo_ulpin": "DEMO-TN-CHN-000004",
        "property_3d_id": "3D-CHN-P000004-B004-F01-U02",
        "area_sqm": 75.0,
        "z_min": 0.0,
        "z_max": 3.2,
        "height": 3.2,
        "volume_m3": 240.0,
        "data_status": "DEMO / SYNTHETIC"
      },
      "geometry": {
        "type": "Polygon",
        "coordinates": [
          [
            [
              80.2052408211873,
              13.084749533198801
            ],
            [
              80.2051783931209,
              13.08474871138133
            ],
            [
              80.2051783931209,
              13.08479290328065
            ],
            [
              80.20524022704251,
              13.08479290328065
            ],
            [
              80.2052408211873,
              13.084749533198801
            ]
          ]
        ]
      }
    },
    {
      "type": "Feature",
      "properties": {
        "unit_id": "B004-F01-U03",
        "floor_id": "B004-F01",
        "building_id": "B004",
        "parcel_id": "P000004",
        "demo_ulpin": "DEMO-TN-CHN-000004",
        "property_3d_id": "3D-CHN-P000004-B004-F01-U03",
        "area_sqm": 75.0,
        "z_min": 0.0,
        "z_max": 3.2,
        "height": 3.2,
        "volume_m3": 240.0,
        "data_status": "DEMO / SYNTHETIC"
      },
      "geometry": {
        "type": "Polygon",
        "coordinates": [
          [
            [
              80.2051783931209,
              13.084837095178043
            ],
            [
              80.2051783931209,
              13.08479290328065
            ],
            [
              80.20511655922097,
              13.08479290328065
            ],
            [
              80.2051159650545,
              13.0848362733592
            ],
            [
              80.2051783931209,
              13.084837095178043
            ]
          ]
        ]
      }
    },
    {
      "type": "Feature",
      "properties": {
        "unit_id": "B004-F01-U04",
        "floor_id": "B004-F01",
        "building_id": "B004",
        "parcel_id": "P000004",
        "demo_ulpin": "DEMO-TN-CHN-000004",
        "property_3d_id": "3D-CHN-P000004-B004-F01-U04",
        "area_sqm": 75.0,
        "z_min": 0.0,
        "z_max": 3.2,
        "height": 3.2,
        "volume_m3": 240.0,
        "data_status": "DEMO / SYNTHETIC"
      },
      "geometry": {
        "type": "Polygon",
        "coordinates": [
          [
            [
              80.20524022704251,
              13.08479290328065
            ],
            [
              80.2051783931209,
              13.08479290328065
            ],
            [
              80.2051783931209,
              13.084837095178043
            ],
            [
              80.20523961059921,
              13.0848379010604
            ],
            [
              80.20524022704251,
              13.08479290328065
            ]
          ]
        ]
      }
    },
    {
      "type": "Feature",
      "properties": {
        "unit_id": "B004-F02-U01",
        "floor_id": "B004-F02",
        "building_id": "B004",
        "parcel_id": "P000004",
        "demo_ulpin": "DEMO-TN-CHN-000004",
        "property_3d_id": "3D-CHN-P000004-B004-F02-U01",
        "area_sqm": 75.0,
        "z_min": 3.2,
        "z_max": 6.4,
        "height": 3.2,
        "volume_m3": 240.0,
        "data_status": "DEMO / SYNTHETIC"
      },
      "geometry": {
        "type": "Polygon",
        "coordinates": [
          [
            [
              80.20511655922097,
              13.08479290328065
            ],
            [
              80.2051783931209,
              13.08479290328065
            ],
            [
              80.2051783931209,
              13.08474871138133
            ],
            [
              80.20511717568681,
              13.084747905500901
            ],
            [
              80.20511655922097,
              13.08479290328065
            ]
          ]
        ]
      }
    },
    {
      "type": "Feature",
      "properties": {
        "unit_id": "B004-F02-U02",
        "floor_id": "B004-F02",
        "building_id": "B004",
        "parcel_id": "P000004",
        "demo_ulpin": "DEMO-TN-CHN-000004",
        "property_3d_id": "3D-CHN-P000004-B004-F02-U02",
        "area_sqm": 75.0,
        "z_min": 3.2,
        "z_max": 6.4,
        "height": 3.2,
        "volume_m3": 240.0,
        "data_status": "DEMO / SYNTHETIC"
      },
      "geometry": {
        "type": "Polygon",
        "coordinates": [
          [
            [
              80.2052408211873,
              13.084749533198801
            ],
            [
              80.2051783931209,
              13.08474871138133
            ],
            [
              80.2051783931209,
              13.08479290328065
            ],
            [
              80.20524022704251,
              13.08479290328065
            ],
            [
              80.2052408211873,
              13.084749533198801
            ]
          ]
        ]
      }
    },
    {
      "type": "Feature",
      "properties": {
        "unit_id": "B004-F02-U03",
        "floor_id": "B004-F02",
        "building_id": "B004",
        "parcel_id": "P000004",
        "demo_ulpin": "DEMO-TN-CHN-000004",
        "property_3d_id": "3D-CHN-P000004-B004-F02-U03",
        "area_sqm": 75.0,
        "z_min": 3.2,
        "z_max": 6.4,
        "height": 3.2,
        "volume_m3": 240.0,
        "data_status": "DEMO / SYNTHETIC"
      },
      "geometry": {
        "type": "Polygon",
        "coordinates": [
          [
            [
              80.2051783931209,
              13.084837095178043
            ],
            [
              80.2051783931209,
              13.08479290328065
            ],
            [
              80.20511655922097,
              13.08479290328065
            ],
            [
              80.2051159650545,
              13.0848362733592
            ],
            [
              80.2051783931209,
              13.084837095178043
            ]
          ]
        ]
      }
    },
    {
      "type": "Feature",
      "properties": {
        "unit_id": "B004-F02-U04",
        "floor_id": "B004-F02",
        "building_id": "B004",
        "parcel_id": "P000004",
        "demo_ulpin": "DEMO-TN-CHN-000004",
        "property_3d_id": "3D-CHN-P000004-B004-F02-U04",
        "area_sqm": 75.0,
        "z_min": 3.2,
        "z_max": 6.4,
        "height": 3.2,
        "volume_m3": 240.0,
        "data_status": "DEMO / SYNTHETIC"
      },
      "geometry": {
        "type": "Polygon",
        "coordinates": [
          [
            [
              80.20524022704251,
              13.08479290328065
            ],
            [
              80.2051783931209,
              13.08479290328065
            ],
            [
              80.2051783931209,
              13.084837095178043
            ],
            [
              80.20523961059921,
              13.0848379010604
            ],
            [
              80.20524022704251,
              13.08479290328065
            ]
          ]
        ]
      }
    },
    {
      "type": "Feature",
      "properties": {
        "unit_id": "B004-F03-U01",
        "floor_id": "B004-F03",
        "building_id": "B004",
        "parcel_id": "P000004",
        "demo_ulpin": "DEMO-TN-CHN-000004",
        "property_3d_id": "3D-CHN-P000004-B004-F03-U01",
        "area_sqm": 75.0,
        "z_min": 6.4,
        "z_max": 9.600000000000001,
        "height": 3.200000000000001,
        "volume_m3": 240.00000000000009,
        "data_status": "DEMO / SYNTHETIC"
      },
      "geometry": {
        "type": "Polygon",
        "coordinates": [
          [
            [
              80.20511655922097,
              13.08479290328065
            ],
            [
              80.2051783931209,
              13.08479290328065
            ],
            [
              80.2051783931209,
              13.08474871138133
            ],
            [
              80.20511717568681,
              13.084747905500901
            ],
            [
              80.20511655922097,
              13.08479290328065
            ]
          ]
        ]
      }
    },
    {
      "type": "Feature",
      "properties": {
        "unit_id": "B004-F03-U02",
        "floor_id": "B004-F03",
        "building_id": "B004",
        "parcel_id": "P000004",
        "demo_ulpin": "DEMO-TN-CHN-000004",
        "property_3d_id": "3D-CHN-P000004-B004-F03-U02",
        "area_sqm": 75.0,
        "z_min": 6.4,
        "z_max": 9.600000000000001,
        "height": 3.200000000000001,
        "volume_m3": 240.00000000000009,
        "data_status": "DEMO / SYNTHETIC"
      },
      "geometry": {
        "type": "Polygon",
        "coordinates": [
          [
            [
              80.2052408211873,
              13.084749533198801
            ],
            [
              80.2051783931209,
              13.08474871138133
            ],
            [
              80.2051783931209,
              13.08479290328065
            ],
            [
              80.20524022704251,
              13.08479290328065
            ],
            [
              80.2052408211873,
              13.084749533198801
            ]
          ]
        ]
      }
    },
    {
      "type": "Feature",
      "properties": {
        "unit_id": "B004-F03-U03",
        "floor_id": "B004-F03",
        "building_id": "B004",
        "parcel_id": "P000004",
        "demo_ulpin": "DEMO-TN-CHN-000004",
        "property_3d_id": "3D-CHN-P000004-B004-F03-U03",
        "area_sqm": 75.0,
        "z_min": 6.4,
        "z_max": 9.600000000000001,
        "height": 3.200000000000001,
        "volume_m3": 240.00000000000009,
        "data_status": "DEMO / SYNTHETIC"
      },
      "geometry": {
        "type": "Polygon",
        "coordinates": [
          [
            [
              80.2051783931209,
              13.084837095178043
            ],
            [
              80.2051783931209,
              13.08479290328065
            ],
            [
              80.20511655922097,
              13.08479290328065
            ],
            [
              80.2051159650545,
              13.0848362733592
            ],
            [
              80.2051783931209,
              13.084837095178043
            ]
          ]
        ]
      }
    },
    {
      "type": "Feature",
      "properties": {
        "unit_id": "B004-F03-U04",
        "floor_id": "B004-F03",
        "building_id": "B004",
        "parcel_id": "P000004",
        "demo_ulpin": "DEMO-TN-CHN-000004",
        "property_3d_id": "3D-CHN-P000004-B004-F03-U04",
        "area_sqm": 75.0,
        "z_min": 6.4,
        "z_max": 9.600000000000001,
        "height": 3.200000000000001,
        "volume_m3": 240.00000000000009,
        "data_status": "DEMO / SYNTHETIC"
      },
      "geometry": {
        "type": "Polygon",
        "coordinates": [
          [
            [
              80.20524022704251,
              13.08479290328065
            ],
            [
              80.2051783931209,
              13.08479290328065
            ],
            [
              80.2051783931209,
              13.084837095178043
            ],
            [
              80.20523961059921,
              13.0848379010604
            ],
            [
              80.20524022704251,
              13.08479290328065
            ]
          ]
        ]
      }
    },
    {
      "type": "Feature",
      "properties": {
        "unit_id": "B004-F04-U01",
        "floor_id": "B004-F04",
        "building_id": "B004",
        "parcel_id": "P000004",
        "demo_ulpin": "DEMO-TN-CHN-000004",
        "property_3d_id": "3D-CHN-P000004-B004-F04-U01",
        "area_sqm": 75.0,
        "z_min": 9.600000000000001,
        "z_max": 12.8,
        "height": 3.1999999999999993,
        "volume_m3": 239.99999999999994,
        "data_status": "DEMO / SYNTHETIC"
      },
      "geometry": {
        "type": "Polygon",
        "coordinates": [
          [
            [
              80.20511655922097,
              13.08479290328065
            ],
            [
              80.2051783931209,
              13.08479290328065
            ],
            [
              80.2051783931209,
              13.08474871138133
            ],
            [
              80.20511717568681,
              13.084747905500901
            ],
            [
              80.20511655922097,
              13.08479290328065
            ]
          ]
        ]
      }
    },
    {
      "type": "Feature",
      "properties": {
        "unit_id": "B004-F04-U02",
        "floor_id": "B004-F04",
        "building_id": "B004",
        "parcel_id": "P000004",
        "demo_ulpin": "DEMO-TN-CHN-000004",
        "property_3d_id": "3D-CHN-P000004-B004-F04-U02",
        "area_sqm": 75.0,
        "z_min": 9.600000000000001,
        "z_max": 12.8,
        "height": 3.1999999999999993,
        "volume_m3": 239.99999999999994,
        "data_status": "DEMO / SYNTHETIC"
      },
      "geometry": {
        "type": "Polygon",
        "coordinates": [
          [
            [
              80.2052408211873,
              13.084749533198801
            ],
            [
              80.2051783931209,
              13.08474871138133
            ],
            [
              80.2051783931209,
              13.08479290328065
            ],
            [
              80.20524022704251,
              13.08479290328065
            ],
            [
              80.2052408211873,
              13.084749533198801
            ]
          ]
        ]
      }
    },
    {
      "type": "Feature",
      "properties": {
        "unit_id": "B004-F04-U03",
        "floor_id": "B004-F04",
        "building_id": "B004",
        "parcel_id": "P000004",
        "demo_ulpin": "DEMO-TN-CHN-000004",
        "property_3d_id": "3D-CHN-P000004-B004-F04-U03",
        "area_sqm": 75.0,
        "z_min": 9.600000000000001,
        "z_max": 12.8,
        "height": 3.1999999999999993,
        "volume_m3": 239.99999999999994,
        "data_status": "DEMO / SYNTHETIC"
      },
      "geometry": {
        "type": "Polygon",
        "coordinates": [
          [
            [
              80.2051783931209,
              13.084837095178043
            ],
            [
              80.2051783931209,
              13.08479290328065
            ],
            [
              80.20511655922097,
              13.08479290328065
            ],
            [
              80.2051159650545,
              13.0848362733592
            ],
            [
              80.2051783931209,
              13.084837095178043
            ]
          ]
        ]
      }
    },
    {
      "type": "Feature",
      "properties": {
        "unit_id": "B004-F04-U04",
        "floor_id": "B004-F04",
        "building_id": "B004",
        "parcel_id": "P000004",
        "demo_ulpin": "DEMO-TN-CHN-000004",
        "property_3d_id": "3D-CHN-P000004-B004-F04-U04",
        "area_sqm": 75.0,
        "z_min": 9.600000000000001,
        "z_max": 12.8,
        "height": 3.1999999999999993,
        "volume_m3": 239.99999999999994,
        "data_status": "DEMO / SYNTHETIC"
      },
      "geometry": {
        "type": "Polygon",
        "coordinates": [
          [
            [
              80.20524022704251,
              13.08479290328065
            ],
            [
              80.2051783931209,
              13.08479290328065
            ],
            [
              80.2051783931209,
              13.084837095178043
            ],
            [
              80.20523961059921,
              13.0848379010604
            ],
            [
              80.20524022704251,
              13.08479290328065
            ]
          ]
        ]
      }
    },
    {
      "type": "Feature",
      "properties": {
        "unit_id": "B005-F01-U01",
        "floor_id": "B005-F01",
        "building_id": "B005",
        "parcel_id": "P000005",
        "demo_ulpin": "DEMO-TN-CHN-000005",
        "property_3d_id": "3D-CHN-P000005-B005-F01-U01",
        "area_sqm": 75.0,
        "z_min": 0.0,
        "z_max": 3.2,
        "height": 3.2,
        "volume_m3": 240.0,
        "data_status": "DEMO / SYNTHETIC"
      },
      "geometry": {
        "type": "Polygon",
        "coordinates": [
          [
            [
              80.2047036417178,
              13.08466276219755
            ],
            [
              80.20477788714051,
              13.08466276219755
            ],
            [
              80.20477788714051,
              13.084592033491635
            ],
            [
              80.20470050772741,
              13.084595497889401
            ],
            [
              80.2047036417178,
              13.08466276219755
            ]
          ]
        ]
      }
    },
    {
      "type": "Feature",
      "properties": {
        "unit_id": "B005-F01-U02",
        "floor_id": "B005-F01",
        "building_id": "B005",
        "parcel_id": "P000005",
        "demo_ulpin": "DEMO-TN-CHN-000005",
        "property_3d_id": "3D-CHN-P000005-B005-F01-U02",
        "area_sqm": 75.0,
        "z_min": 0.0,
        "z_max": 3.2,
        "height": 3.2,
        "volume_m3": 240.0,
        "data_status": "DEMO / SYNTHETIC"
      },
      "geometry": {
        "type": "Polygon",
        "coordinates": [
          [
            [
              80.20477788714051,
              13.084592033491635
            ],
            [
              80.20477788714051,
              13.08466276219755
            ],
            [
              80.20485318787351,
              13.08466276219755
            ],
            [
              80.20484974253391,
              13.0845888164129
            ],
            [
              80.20477788714051,
              13.084592033491635
            ]
          ]
        ]
      }
    },
    {
      "type": "Feature",
      "properties": {
        "unit_id": "B005-F01-U03",
        "floor_id": "B005-F01",
        "building_id": "B005",
        "parcel_id": "P000005",
        "demo_ulpin": "DEMO-TN-CHN-000005",
        "property_3d_id": "3D-CHN-P000005-B005-F01-U03",
        "area_sqm": 75.0,
        "z_min": 0.0,
        "z_max": 3.2,
        "height": 3.2,
        "volume_m3": 240.0,
        "data_status": "DEMO / SYNTHETIC"
      },
      "geometry": {
        "type": "Polygon",
        "coordinates": [
          [
            [
              80.20476960262211,
              13.0847339090731
            ],
            [
              80.2047685472789,
              13.0847112585461
            ],
            [
              80.20477788714051,
              13.084710840384947
            ],
            [
              80.20477788714051,
              13.08466276219755
            ],
            [
              80.2047036417178,
              13.08466276219755
            ],
            [
              80.20470708701271,
              13.0847367079822
            ],
            [
              80.20476960262211,
              13.0847339090731
            ]
          ]
        ]
      }
    },
    {
      "type": "Feature",
      "properties": {
        "unit_id": "B005-F01-U04",
        "floor_id": "B005-F01",
        "building_id": "B005",
        "parcel_id": "P000005",
        "demo_ulpin": "DEMO-TN-CHN-000005",
        "property_3d_id": "3D-CHN-P000005-B005-F01-U04",
        "area_sqm": 75.0,
        "z_min": 0.0,
        "z_max": 3.2,
        "height": 3.2,
        "volume_m3": 240.0,
        "data_status": "DEMO / SYNTHETIC"
      },
      "geometry": {
        "type": "Polygon",
        "coordinates": [
          [
            [
              80.20485526655361,
              13.0847073759798
            ],
            [
              80.20485318787351,
              13.08466276219755
            ],
            [
              80.20477788714051,
              13.08466276219755
            ],
            [
              80.20477788714051,
              13.084710840384947
            ],
            [
              80.20485526655361,
              13.0847073759798
            ]
          ]
        ]
      }
    },
    {
      "type": "Feature",
      "properties": {
        "unit_id": "B005-F02-U01",
        "floor_id": "B005-F02",
        "building_id": "B005",
        "parcel_id": "P000005",
        "demo_ulpin": "DEMO-TN-CHN-000005",
        "property_3d_id": "3D-CHN-P000005-B005-F02-U01",
        "area_sqm": 75.0,
        "z_min": 3.2,
        "z_max": 6.4,
        "height": 3.2,
        "volume_m3": 240.0,
        "data_status": "DEMO / SYNTHETIC"
      },
      "geometry": {
        "type": "Polygon",
        "coordinates": [
          [
            [
              80.2047036417178,
              13.08466276219755
            ],
            [
              80.20477788714051,
              13.08466276219755
            ],
            [
              80.20477788714051,
              13.084592033491635
            ],
            [
              80.20470050772741,
              13.084595497889401
            ],
            [
              80.2047036417178,
              13.08466276219755
            ]
          ]
        ]
      }
    },
    {
      "type": "Feature",
      "properties": {
        "unit_id": "B005-F02-U02",
        "floor_id": "B005-F02",
        "building_id": "B005",
        "parcel_id": "P000005",
        "demo_ulpin": "DEMO-TN-CHN-000005",
        "property_3d_id": "3D-CHN-P000005-B005-F02-U02",
        "area_sqm": 75.0,
        "z_min": 3.2,
        "z_max": 6.4,
        "height": 3.2,
        "volume_m3": 240.0,
        "data_status": "DEMO / SYNTHETIC"
      },
      "geometry": {
        "type": "Polygon",
        "coordinates": [
          [
            [
              80.20477788714051,
              13.084592033491635
            ],
            [
              80.20477788714051,
              13.08466276219755
            ],
            [
              80.20485318787351,
              13.08466276219755
            ],
            [
              80.20484974253391,
              13.0845888164129
            ],
            [
              80.20477788714051,
              13.084592033491635
            ]
          ]
        ]
      }
    },
    {
      "type": "Feature",
      "properties": {
        "unit_id": "B005-F02-U03",
        "floor_id": "B005-F02",
        "building_id": "B005",
        "parcel_id": "P000005",
        "demo_ulpin": "DEMO-TN-CHN-000005",
        "property_3d_id": "3D-CHN-P000005-B005-F02-U03",
        "area_sqm": 75.0,
        "z_min": 3.2,
        "z_max": 6.4,
        "height": 3.2,
        "volume_m3": 240.0,
        "data_status": "DEMO / SYNTHETIC"
      },
      "geometry": {
        "type": "Polygon",
        "coordinates": [
          [
            [
              80.20476960262211,
              13.0847339090731
            ],
            [
              80.2047685472789,
              13.0847112585461
            ],
            [
              80.20477788714051,
              13.084710840384947
            ],
            [
              80.20477788714051,
              13.08466276219755
            ],
            [
              80.2047036417178,
              13.08466276219755
            ],
            [
              80.20470708701271,
              13.0847367079822
            ],
            [
              80.20476960262211,
              13.0847339090731
            ]
          ]
        ]
      }
    },
    {
      "type": "Feature",
      "properties": {
        "unit_id": "B005-F02-U04",
        "floor_id": "B005-F02",
        "building_id": "B005",
        "parcel_id": "P000005",
        "demo_ulpin": "DEMO-TN-CHN-000005",
        "property_3d_id": "3D-CHN-P000005-B005-F02-U04",
        "area_sqm": 75.0,
        "z_min": 3.2,
        "z_max": 6.4,
        "height": 3.2,
        "volume_m3": 240.0,
        "data_status": "DEMO / SYNTHETIC"
      },
      "geometry": {
        "type": "Polygon",
        "coordinates": [
          [
            [
              80.20485526655361,
              13.0847073759798
            ],
            [
              80.20485318787351,
              13.08466276219755
            ],
            [
              80.20477788714051,
              13.08466276219755
            ],
            [
              80.20477788714051,
              13.084710840384947
            ],
            [
              80.20485526655361,
              13.0847073759798
            ]
          ]
        ]
      }
    },
    {
      "type": "Feature",
      "properties": {
        "unit_id": "B005-F03-U01",
        "floor_id": "B005-F03",
        "building_id": "B005",
        "parcel_id": "P000005",
        "demo_ulpin": "DEMO-TN-CHN-000005",
        "property_3d_id": "3D-CHN-P000005-B005-F03-U01",
        "area_sqm": 75.0,
        "z_min": 6.4,
        "z_max": 9.600000000000001,
        "height": 3.200000000000001,
        "volume_m3": 240.00000000000009,
        "data_status": "DEMO / SYNTHETIC"
      },
      "geometry": {
        "type": "Polygon",
        "coordinates": [
          [
            [
              80.2047036417178,
              13.08466276219755
            ],
            [
              80.20477788714051,
              13.08466276219755
            ],
            [
              80.20477788714051,
              13.084592033491635
            ],
            [
              80.20470050772741,
              13.084595497889401
            ],
            [
              80.2047036417178,
              13.08466276219755
            ]
          ]
        ]
      }
    },
    {
      "type": "Feature",
      "properties": {
        "unit_id": "B005-F03-U02",
        "floor_id": "B005-F03",
        "building_id": "B005",
        "parcel_id": "P000005",
        "demo_ulpin": "DEMO-TN-CHN-000005",
        "property_3d_id": "3D-CHN-P000005-B005-F03-U02",
        "area_sqm": 75.0,
        "z_min": 6.4,
        "z_max": 9.600000000000001,
        "height": 3.200000000000001,
        "volume_m3": 240.00000000000009,
        "data_status": "DEMO / SYNTHETIC"
      },
      "geometry": {
        "type": "Polygon",
        "coordinates": [
          [
            [
              80.20477788714051,
              13.084592033491635
            ],
            [
              80.20477788714051,
              13.08466276219755
            ],
            [
              80.20485318787351,
              13.08466276219755
            ],
            [
              80.20484974253391,
              13.0845888164129
            ],
            [
              80.20477788714051,
              13.084592033491635
            ]
          ]
        ]
      }
    },
    {
      "type": "Feature",
      "properties": {
        "unit_id": "B005-F03-U03",
        "floor_id": "B005-F03",
        "building_id": "B005",
        "parcel_id": "P000005",
        "demo_ulpin": "DEMO-TN-CHN-000005",
        "property_3d_id": "3D-CHN-P000005-B005-F03-U03",
        "area_sqm": 75.0,
        "z_min": 6.4,
        "z_max": 9.600000000000001,
        "height": 3.200000000000001,
        "volume_m3": 240.00000000000009,
        "data_status": "DEMO / SYNTHETIC"
      },
      "geometry": {
        "type": "Polygon",
        "coordinates": [
          [
            [
              80.20476960262211,
              13.0847339090731
            ],
            [
              80.2047685472789,
              13.0847112585461
            ],
            [
              80.20477788714051,
              13.084710840384947
            ],
            [
              80.20477788714051,
              13.08466276219755
            ],
            [
              80.2047036417178,
              13.08466276219755
            ],
            [
              80.20470708701271,
              13.0847367079822
            ],
            [
              80.20476960262211,
              13.0847339090731
            ]
          ]
        ]
      }
    },
    {
      "type": "Feature",
      "properties": {
        "unit_id": "B005-F03-U04",
        "floor_id": "B005-F03",
        "building_id": "B005",
        "parcel_id": "P000005",
        "demo_ulpin": "DEMO-TN-CHN-000005",
        "property_3d_id": "3D-CHN-P000005-B005-F03-U04",
        "area_sqm": 75.0,
        "z_min": 6.4,
        "z_max": 9.600000000000001,
        "height": 3.200000000000001,
        "volume_m3": 240.00000000000009,
        "data_status": "DEMO / SYNTHETIC"
      },
      "geometry": {
        "type": "Polygon",
        "coordinates": [
          [
            [
              80.20485526655361,
              13.0847073759798
            ],
            [
              80.20485318787351,
              13.08466276219755
            ],
            [
              80.20477788714051,
              13.08466276219755
            ],
            [
              80.20477788714051,
              13.084710840384947
            ],
            [
              80.20485526655361,
              13.0847073759798
            ]
          ]
        ]
      }
    },
    {
      "type": "Feature",
      "properties": {
        "unit_id": "B005-F04-U01",
        "floor_id": "B005-F04",
        "building_id": "B005",
        "parcel_id": "P000005",
        "demo_ulpin": "DEMO-TN-CHN-000005",
        "property_3d_id": "3D-CHN-P000005-B005-F04-U01",
        "area_sqm": 75.0,
        "z_min": 9.600000000000001,
        "z_max": 12.8,
        "height": 3.1999999999999993,
        "volume_m3": 239.99999999999994,
        "data_status": "DEMO / SYNTHETIC"
      },
      "geometry": {
        "type": "Polygon",
        "coordinates": [
          [
            [
              80.2047036417178,
              13.08466276219755
            ],
            [
              80.20477788714051,
              13.08466276219755
            ],
            [
              80.20477788714051,
              13.084592033491635
            ],
            [
              80.20470050772741,
              13.084595497889401
            ],
            [
              80.2047036417178,
              13.08466276219755
            ]
          ]
        ]
      }
    },
    {
      "type": "Feature",
      "properties": {
        "unit_id": "B005-F04-U02",
        "floor_id": "B005-F04",
        "building_id": "B005",
        "parcel_id": "P000005",
        "demo_ulpin": "DEMO-TN-CHN-000005",
        "property_3d_id": "3D-CHN-P000005-B005-F04-U02",
        "area_sqm": 75.0,
        "z_min": 9.600000000000001,
        "z_max": 12.8,
        "height": 3.1999999999999993,
        "volume_m3": 239.99999999999994,
        "data_status": "DEMO / SYNTHETIC"
      },
      "geometry": {
        "type": "Polygon",
        "coordinates": [
          [
            [
              80.20477788714051,
              13.084592033491635
            ],
            [
              80.20477788714051,
              13.08466276219755
            ],
            [
              80.20485318787351,
              13.08466276219755
            ],
            [
              80.20484974253391,
              13.0845888164129
            ],
            [
              80.20477788714051,
              13.084592033491635
            ]
          ]
        ]
      }
    },
    {
      "type": "Feature",
      "properties": {
        "unit_id": "B005-F04-U03",
        "floor_id": "B005-F04",
        "building_id": "B005",
        "parcel_id": "P000005",
        "demo_ulpin": "DEMO-TN-CHN-000005",
        "property_3d_id": "3D-CHN-P000005-B005-F04-U03",
        "area_sqm": 75.0,
        "z_min": 9.600000000000001,
        "z_max": 12.8,
        "height": 3.1999999999999993,
        "volume_m3": 239.99999999999994,
        "data_status": "DEMO / SYNTHETIC"
      },
      "geometry": {
        "type": "Polygon",
        "coordinates": [
          [
            [
              80.20476960262211,
              13.0847339090731
            ],
            [
              80.2047685472789,
              13.0847112585461
            ],
            [
              80.20477788714051,
              13.084710840384947
            ],
            [
              80.20477788714051,
              13.08466276219755
            ],
            [
              80.2047036417178,
              13.08466276219755
            ],
            [
              80.20470708701271,
              13.0847367079822
            ],
            [
              80.20476960262211,
              13.0847339090731
            ]
          ]
        ]
      }
    },
    {
      "type": "Feature",
      "properties": {
        "unit_id": "B005-F04-U04",
        "floor_id": "B005-F04",
        "building_id": "B005",
        "parcel_id": "P000005",
        "demo_ulpin": "DEMO-TN-CHN-000005",
        "property_3d_id": "3D-CHN-P000005-B005-F04-U04",
        "area_sqm": 75.0,
        "z_min": 9.600000000000001,
        "z_max": 12.8,
        "height": 3.1999999999999993,
        "volume_m3": 239.99999999999994,
        "data_status": "DEMO / SYNTHETIC"
      },
      "geometry": {
        "type": "Polygon",
        "coordinates": [
          [
            [
              80.20485526655361,
              13.0847073759798
            ],
            [
              80.20485318787351,
              13.08466276219755
            ],
            [
              80.20477788714051,
              13.08466276219755
            ],
            [
              80.20477788714051,
              13.084710840384947
            ],
            [
              80.20485526655361,
              13.0847073759798
            ]
          ]
        ]
      }
    },
    {
      "type": "Feature",
      "properties": {
        "unit_id": "B006-F01-U01",
        "floor_id": "B006-F01",
        "building_id": "B006",
        "parcel_id": "P000006",
        "demo_ulpin": "DEMO-TN-CHN-000006",
        "property_3d_id": "3D-CHN-P000006-B006-F01-U01",
        "area_sqm": 75.0,
        "z_min": 0.0,
        "z_max": 3.2,
        "height": 3.2,
        "volume_m3": 240.0,
        "data_status": "DEMO / SYNTHETIC"
      },
      "geometry": {
        "type": "Polygon",
        "coordinates": [
          [
            [
              80.20505299410344,
              13.08463667071685
            ],
            [
              80.205115322837,
              13.08463667071685
            ],
            [
              80.205115322837,
              13.084547869969821
            ],
            [
              80.20505357319091,
              13.0845474847133
            ],
            [
              80.20505299410344,
              13.08463667071685
            ]
          ]
        ]
      }
    },
    {
      "type": "Feature",
      "properties": {
        "unit_id": "B006-F01-U02",
        "floor_id": "B006-F01",
        "building_id": "B006",
        "parcel_id": "P000006",
        "demo_ulpin": "DEMO-TN-CHN-000006",
        "property_3d_id": "3D-CHN-P000006-B006-F01-U02",
        "area_sqm": 75.0,
        "z_min": 0.0,
        "z_max": 3.2,
        "height": 3.2,
        "volume_m3": 240.0,
        "data_status": "DEMO / SYNTHETIC"
      },
      "geometry": {
        "type": "Polygon",
        "coordinates": [
          [
            [
              80.20517822560831,
              13.0845482624207
            ],
            [
              80.205115322837,
              13.084547869969821
            ],
            [
              80.205115322837,
              13.08463667071685
            ],
            [
              80.20517765161499,
              13.08463667071685
            ],
            [
              80.20517822560831,
              13.0845482624207
            ]
          ]
        ]
      }
    },
    {
      "type": "Feature",
      "properties": {
        "unit_id": "B006-F01-U03",
        "floor_id": "B006-F01",
        "building_id": "B006",
        "parcel_id": "P000006",
        "demo_ulpin": "DEMO-TN-CHN-000006",
        "property_3d_id": "3D-CHN-P000006-B006-F01-U03",
        "area_sqm": 75.0,
        "z_min": 0.0,
        "z_max": 3.2,
        "height": 3.2,
        "volume_m3": 240.0,
        "data_status": "DEMO / SYNTHETIC"
      },
      "geometry": {
        "type": "Polygon",
        "coordinates": [
          [
            [
              80.205115322837,
              13.084725471460626
            ],
            [
              80.205115322837,
              13.08463667071685
            ],
            [
              80.20505299410344,
              13.08463667071685
            ],
            [
              80.2050524200657,
              13.084725079007
            ],
            [
              80.205115322837,
              13.084725471460626
            ]
          ]
        ]
      }
    },
    {
      "type": "Feature",
      "properties": {
        "unit_id": "B006-F01-U04",
        "floor_id": "B006-F01",
        "building_id": "B006",
        "parcel_id": "P000006",
        "demo_ulpin": "DEMO-TN-CHN-000006",
        "property_3d_id": "3D-CHN-P000006-B006-F01-U04",
        "area_sqm": 75.0,
        "z_min": 0.0,
        "z_max": 3.2,
        "height": 3.2,
        "volume_m3": 240.0,
        "data_status": "DEMO / SYNTHETIC"
      },
      "geometry": {
        "type": "Polygon",
        "coordinates": [
          [
            [
              80.20517765161499,
              13.08463667071685
            ],
            [
              80.205115322837,
              13.08463667071685
            ],
            [
              80.205115322837,
              13.084725471460626
            ],
            [
              80.2051770725724,
              13.0847258567204
            ],
            [
              80.20517765161499,
              13.08463667071685
            ]
          ]
        ]
      }
    },
    {
      "type": "Feature",
      "properties": {
        "unit_id": "B006-F02-U01",
        "floor_id": "B006-F02",
        "building_id": "B006",
        "parcel_id": "P000006",
        "demo_ulpin": "DEMO-TN-CHN-000006",
        "property_3d_id": "3D-CHN-P000006-B006-F02-U01",
        "area_sqm": 75.0,
        "z_min": 3.2,
        "z_max": 6.4,
        "height": 3.2,
        "volume_m3": 240.0,
        "data_status": "DEMO / SYNTHETIC"
      },
      "geometry": {
        "type": "Polygon",
        "coordinates": [
          [
            [
              80.20505299410344,
              13.08463667071685
            ],
            [
              80.205115322837,
              13.08463667071685
            ],
            [
              80.205115322837,
              13.084547869969821
            ],
            [
              80.20505357319091,
              13.0845474847133
            ],
            [
              80.20505299410344,
              13.08463667071685
            ]
          ]
        ]
      }
    },
    {
      "type": "Feature",
      "properties": {
        "unit_id": "B006-F02-U02",
        "floor_id": "B006-F02",
        "building_id": "B006",
        "parcel_id": "P000006",
        "demo_ulpin": "DEMO-TN-CHN-000006",
        "property_3d_id": "3D-CHN-P000006-B006-F02-U02",
        "area_sqm": 75.0,
        "z_min": 3.2,
        "z_max": 6.4,
        "height": 3.2,
        "volume_m3": 240.0,
        "data_status": "DEMO / SYNTHETIC"
      },
      "geometry": {
        "type": "Polygon",
        "coordinates": [
          [
            [
              80.20517822560831,
              13.0845482624207
            ],
            [
              80.205115322837,
              13.084547869969821
            ],
            [
              80.205115322837,
              13.08463667071685
            ],
            [
              80.20517765161499,
              13.08463667071685
            ],
            [
              80.20517822560831,
              13.0845482624207
            ]
          ]
        ]
      }
    },
    {
      "type": "Feature",
      "properties": {
        "unit_id": "B006-F02-U03",
        "floor_id": "B006-F02",
        "building_id": "B006",
        "parcel_id": "P000006",
        "demo_ulpin": "DEMO-TN-CHN-000006",
        "property_3d_id": "3D-CHN-P000006-B006-F02-U03",
        "area_sqm": 75.0,
        "z_min": 3.2,
        "z_max": 6.4,
        "height": 3.2,
        "volume_m3": 240.0,
        "data_status": "DEMO / SYNTHETIC"
      },
      "geometry": {
        "type": "Polygon",
        "coordinates": [
          [
            [
              80.205115322837,
              13.084725471460626
            ],
            [
              80.205115322837,
              13.08463667071685
            ],
            [
              80.20505299410344,
              13.08463667071685
            ],
            [
              80.2050524200657,
              13.084725079007
            ],
            [
              80.205115322837,
              13.084725471460626
            ]
          ]
        ]
      }
    },
    {
      "type": "Feature",
      "properties": {
        "unit_id": "B006-F02-U04",
        "floor_id": "B006-F02",
        "building_id": "B006",
        "parcel_id": "P000006",
        "demo_ulpin": "DEMO-TN-CHN-000006",
        "property_3d_id": "3D-CHN-P000006-B006-F02-U04",
        "area_sqm": 75.0,
        "z_min": 3.2,
        "z_max": 6.4,
        "height": 3.2,
        "volume_m3": 240.0,
        "data_status": "DEMO / SYNTHETIC"
      },
      "geometry": {
        "type": "Polygon",
        "coordinates": [
          [
            [
              80.20517765161499,
              13.08463667071685
            ],
            [
              80.205115322837,
              13.08463667071685
            ],
            [
              80.205115322837,
              13.084725471460626
            ],
            [
              80.2051770725724,
              13.0847258567204
            ],
            [
              80.20517765161499,
              13.08463667071685
            ]
          ]
        ]
      }
    },
    {
      "type": "Feature",
      "properties": {
        "unit_id": "B006-F03-U01",
        "floor_id": "B006-F03",
        "building_id": "B006",
        "parcel_id": "P000006",
        "demo_ulpin": "DEMO-TN-CHN-000006",
        "property_3d_id": "3D-CHN-P000006-B006-F03-U01",
        "area_sqm": 75.0,
        "z_min": 6.4,
        "z_max": 9.600000000000001,
        "height": 3.200000000000001,
        "volume_m3": 240.00000000000009,
        "data_status": "DEMO / SYNTHETIC"
      },
      "geometry": {
        "type": "Polygon",
        "coordinates": [
          [
            [
              80.20505299410344,
              13.08463667071685
            ],
            [
              80.205115322837,
              13.08463667071685
            ],
            [
              80.205115322837,
              13.084547869969821
            ],
            [
              80.20505357319091,
              13.0845474847133
            ],
            [
              80.20505299410344,
              13.08463667071685
            ]
          ]
        ]
      }
    },
    {
      "type": "Feature",
      "properties": {
        "unit_id": "B006-F03-U02",
        "floor_id": "B006-F03",
        "building_id": "B006",
        "parcel_id": "P000006",
        "demo_ulpin": "DEMO-TN-CHN-000006",
        "property_3d_id": "3D-CHN-P000006-B006-F03-U02",
        "area_sqm": 75.0,
        "z_min": 6.4,
        "z_max": 9.600000000000001,
        "height": 3.200000000000001,
        "volume_m3": 240.00000000000009,
        "data_status": "DEMO / SYNTHETIC"
      },
      "geometry": {
        "type": "Polygon",
        "coordinates": [
          [
            [
              80.20517822560831,
              13.0845482624207
            ],
            [
              80.205115322837,
              13.084547869969821
            ],
            [
              80.205115322837,
              13.08463667071685
            ],
            [
              80.20517765161499,
              13.08463667071685
            ],
            [
              80.20517822560831,
              13.0845482624207
            ]
          ]
        ]
      }
    },
    {
      "type": "Feature",
      "properties": {
        "unit_id": "B006-F03-U03",
        "floor_id": "B006-F03",
        "building_id": "B006",
        "parcel_id": "P000006",
        "demo_ulpin": "DEMO-TN-CHN-000006",
        "property_3d_id": "3D-CHN-P000006-B006-F03-U03",
        "area_sqm": 75.0,
        "z_min": 6.4,
        "z_max": 9.600000000000001,
        "height": 3.200000000000001,
        "volume_m3": 240.00000000000009,
        "data_status": "DEMO / SYNTHETIC"
      },
      "geometry": {
        "type": "Polygon",
        "coordinates": [
          [
            [
              80.205115322837,
              13.084725471460626
            ],
            [
              80.205115322837,
              13.08463667071685
            ],
            [
              80.20505299410344,
              13.08463667071685
            ],
            [
              80.2050524200657,
              13.084725079007
            ],
            [
              80.205115322837,
              13.084725471460626
            ]
          ]
        ]
      }
    },
    {
      "type": "Feature",
      "properties": {
        "unit_id": "B006-F03-U04",
        "floor_id": "B006-F03",
        "building_id": "B006",
        "parcel_id": "P000006",
        "demo_ulpin": "DEMO-TN-CHN-000006",
        "property_3d_id": "3D-CHN-P000006-B006-F03-U04",
        "area_sqm": 75.0,
        "z_min": 6.4,
        "z_max": 9.600000000000001,
        "height": 3.200000000000001,
        "volume_m3": 240.00000000000009,
        "data_status": "DEMO / SYNTHETIC"
      },
      "geometry": {
        "type": "Polygon",
        "coordinates": [
          [
            [
              80.20517765161499,
              13.08463667071685
            ],
            [
              80.205115322837,
              13.08463667071685
            ],
            [
              80.205115322837,
              13.084725471460626
            ],
            [
              80.2051770725724,
              13.0847258567204
            ],
            [
              80.20517765161499,
              13.08463667071685
            ]
          ]
        ]
      }
    },
    {
      "type": "Feature",
      "properties": {
        "unit_id": "B007-F01-U01",
        "floor_id": "B007-F01",
        "building_id": "B007",
        "parcel_id": "P000007",
        "demo_ulpin": "DEMO-TN-CHN-000007",
        "property_3d_id": "3D-CHN-P000007-B007-F01-U01",
        "area_sqm": 75.0,
        "z_min": 0.0,
        "z_max": 3.2,
        "height": 3.2,
        "volume_m3": 240.0,
        "data_status": "DEMO / SYNTHETIC"
      },
      "geometry": {
        "type": "Polygon",
        "coordinates": [
          [
            [
              80.20524020480921,
              13.0847945262184
            ],
            [
              80.2053016791568,
              13.0847945262184
            ],
            [
              80.2053016791568,
              13.08475033431801
            ],
            [
              80.2052408211873,
              13.0847495331987
            ],
            [
              80.20524020480921,
              13.0847945262184
            ]
          ]
        ]
      }
    },
    {
      "type": "Feature",
      "properties": {
        "unit_id": "B007-F01-U02",
        "floor_id": "B007-F01",
        "building_id": "B007",
        "parcel_id": "P000007",
        "demo_ulpin": "DEMO-TN-CHN-000007",
        "property_3d_id": "3D-CHN-P000007-B007-F01-U02",
        "area_sqm": 75.0,
        "z_min": 0.0,
        "z_max": 3.2,
        "height": 3.2,
        "volume_m3": 240.0,
        "data_status": "DEMO / SYNTHETIC"
      },
      "geometry": {
        "type": "Polygon",
        "coordinates": [
          [
            [
              80.2053637477144,
              13.0847511513732
            ],
            [
              80.2053016791568,
              13.08475033431801
            ],
            [
              80.2053016791568,
              13.0847945262184
            ],
            [
              80.20536315352588,
              13.0847945262184
            ],
            [
              80.2053637477144,
              13.0847511513732
            ]
          ]
        ]
      }
    },
    {
      "type": "Feature",
      "properties": {
        "unit_id": "B007-F01-U03",
        "floor_id": "B007-F01",
        "building_id": "B007",
        "parcel_id": "P000007",
        "demo_ulpin": "DEMO-TN-CHN-000007",
        "property_3d_id": "3D-CHN-P000007-B007-F01-U03",
        "area_sqm": 75.0,
        "z_min": 0.0,
        "z_max": 3.2,
        "height": 3.2,
        "volume_m3": 240.0,
        "data_status": "DEMO / SYNTHETIC"
      },
      "geometry": {
        "type": "Polygon",
        "coordinates": [
          [
            [
              80.2053016791568,
              13.084838718116867
            ],
            [
              80.2053016791568,
              13.0847945262184
            ],
            [
              80.20524020480921,
              13.0847945262184
            ],
            [
              80.20523961059921,
              13.0848379010603
            ],
            [
              80.2053016791568,
              13.084838718116867
            ]
          ]
        ]
      }
    },
    {
      "type": "Feature",
      "properties": {
        "unit_id": "B007-F01-U04",
        "floor_id": "B007-F01",
        "building_id": "B007",
        "parcel_id": "P000007",
        "demo_ulpin": "DEMO-TN-CHN-000007",
        "property_3d_id": "3D-CHN-P000007-B007-F01-U04",
        "area_sqm": 75.0,
        "z_min": 0.0,
        "z_max": 3.2,
        "height": 3.2,
        "volume_m3": 240.0,
        "data_status": "DEMO / SYNTHETIC"
      },
      "geometry": {
        "type": "Polygon",
        "coordinates": [
          [
            [
              80.20536315352588,
              13.0847945262184
            ],
            [
              80.2053016791568,
              13.0847945262184
            ],
            [
              80.2053016791568,
              13.084838718116867
            ],
            [
              80.2053625371701,
              13.0848395192381
            ],
            [
              80.20536315352588,
              13.0847945262184
            ]
          ]
        ]
      }
    },
    {
      "type": "Feature",
      "properties": {
        "unit_id": "B007-F02-U01",
        "floor_id": "B007-F02",
        "building_id": "B007",
        "parcel_id": "P000007",
        "demo_ulpin": "DEMO-TN-CHN-000007",
        "property_3d_id": "3D-CHN-P000007-B007-F02-U01",
        "area_sqm": 75.0,
        "z_min": 3.2,
        "z_max": 6.4,
        "height": 3.2,
        "volume_m3": 240.0,
        "data_status": "DEMO / SYNTHETIC"
      },
      "geometry": {
        "type": "Polygon",
        "coordinates": [
          [
            [
              80.20524020480921,
              13.0847945262184
            ],
            [
              80.2053016791568,
              13.0847945262184
            ],
            [
              80.2053016791568,
              13.08475033431801
            ],
            [
              80.2052408211873,
              13.0847495331987
            ],
            [
              80.20524020480921,
              13.0847945262184
            ]
          ]
        ]
      }
    },
    {
      "type": "Feature",
      "properties": {
        "unit_id": "B007-F02-U02",
        "floor_id": "B007-F02",
        "building_id": "B007",
        "parcel_id": "P000007",
        "demo_ulpin": "DEMO-TN-CHN-000007",
        "property_3d_id": "3D-CHN-P000007-B007-F02-U02",
        "area_sqm": 75.0,
        "z_min": 3.2,
        "z_max": 6.4,
        "height": 3.2,
        "volume_m3": 240.0,
        "data_status": "DEMO / SYNTHETIC"
      },
      "geometry": {
        "type": "Polygon",
        "coordinates": [
          [
            [
              80.2053637477144,
              13.0847511513732
            ],
            [
              80.2053016791568,
              13.08475033431801
            ],
            [
              80.2053016791568,
              13.0847945262184
            ],
            [
              80.20536315352588,
              13.0847945262184
            ],
            [
              80.2053637477144,
              13.0847511513732
            ]
          ]
        ]
      }
    },
    {
      "type": "Feature",
      "properties": {
        "unit_id": "B007-F02-U03",
        "floor_id": "B007-F02",
        "building_id": "B007",
        "parcel_id": "P000007",
        "demo_ulpin": "DEMO-TN-CHN-000007",
        "property_3d_id": "3D-CHN-P000007-B007-F02-U03",
        "area_sqm": 75.0,
        "z_min": 3.2,
        "z_max": 6.4,
        "height": 3.2,
        "volume_m3": 240.0,
        "data_status": "DEMO / SYNTHETIC"
      },
      "geometry": {
        "type": "Polygon",
        "coordinates": [
          [
            [
              80.2053016791568,
              13.084838718116867
            ],
            [
              80.2053016791568,
              13.0847945262184
            ],
            [
              80.20524020480921,
              13.0847945262184
            ],
            [
              80.20523961059921,
              13.0848379010603
            ],
            [
              80.2053016791568,
              13.084838718116867
            ]
          ]
        ]
      }
    },
    {
      "type": "Feature",
      "properties": {
        "unit_id": "B007-F02-U04",
        "floor_id": "B007-F02",
        "building_id": "B007",
        "parcel_id": "P000007",
        "demo_ulpin": "DEMO-TN-CHN-000007",
        "property_3d_id": "3D-CHN-P000007-B007-F02-U04",
        "area_sqm": 75.0,
        "z_min": 3.2,
        "z_max": 6.4,
        "height": 3.2,
        "volume_m3": 240.0,
        "data_status": "DEMO / SYNTHETIC"
      },
      "geometry": {
        "type": "Polygon",
        "coordinates": [
          [
            [
              80.20536315352588,
              13.0847945262184
            ],
            [
              80.2053016791568,
              13.0847945262184
            ],
            [
              80.2053016791568,
              13.084838718116867
            ],
            [
              80.2053625371701,
              13.0848395192381
            ],
            [
              80.20536315352588,
              13.0847945262184
            ]
          ]
        ]
      }
    },
    {
      "type": "Feature",
      "properties": {
        "unit_id": "B007-F03-U01",
        "floor_id": "B007-F03",
        "building_id": "B007",
        "parcel_id": "P000007",
        "demo_ulpin": "DEMO-TN-CHN-000007",
        "property_3d_id": "3D-CHN-P000007-B007-F03-U01",
        "area_sqm": 75.0,
        "z_min": 6.4,
        "z_max": 9.600000000000001,
        "height": 3.200000000000001,
        "volume_m3": 240.00000000000009,
        "data_status": "DEMO / SYNTHETIC"
      },
      "geometry": {
        "type": "Polygon",
        "coordinates": [
          [
            [
              80.20524020480921,
              13.0847945262184
            ],
            [
              80.2053016791568,
              13.0847945262184
            ],
            [
              80.2053016791568,
              13.08475033431801
            ],
            [
              80.2052408211873,
              13.0847495331987
            ],
            [
              80.20524020480921,
              13.0847945262184
            ]
          ]
        ]
      }
    },
    {
      "type": "Feature",
      "properties": {
        "unit_id": "B007-F03-U02",
        "floor_id": "B007-F03",
        "building_id": "B007",
        "parcel_id": "P000007",
        "demo_ulpin": "DEMO-TN-CHN-000007",
        "property_3d_id": "3D-CHN-P000007-B007-F03-U02",
        "area_sqm": 75.0,
        "z_min": 6.4,
        "z_max": 9.600000000000001,
        "height": 3.200000000000001,
        "volume_m3": 240.00000000000009,
        "data_status": "DEMO / SYNTHETIC"
      },
      "geometry": {
        "type": "Polygon",
        "coordinates": [
          [
            [
              80.2053637477144,
              13.0847511513732
            ],
            [
              80.2053016791568,
              13.08475033431801
            ],
            [
              80.2053016791568,
              13.0847945262184
            ],
            [
              80.20536315352588,
              13.0847945262184
            ],
            [
              80.2053637477144,
              13.0847511513732
            ]
          ]
        ]
      }
    },
    {
      "type": "Feature",
      "properties": {
        "unit_id": "B007-F03-U03",
        "floor_id": "B007-F03",
        "building_id": "B007",
        "parcel_id": "P000007",
        "demo_ulpin": "DEMO-TN-CHN-000007",
        "property_3d_id": "3D-CHN-P000007-B007-F03-U03",
        "area_sqm": 75.0,
        "z_min": 6.4,
        "z_max": 9.600000000000001,
        "height": 3.200000000000001,
        "volume_m3": 240.00000000000009,
        "data_status": "DEMO / SYNTHETIC"
      },
      "geometry": {
        "type": "Polygon",
        "coordinates": [
          [
            [
              80.2053016791568,
              13.084838718116867
            ],
            [
              80.2053016791568,
              13.0847945262184
            ],
            [
              80.20524020480921,
              13.0847945262184
            ],
            [
              80.20523961059921,
              13.0848379010603
            ],
            [
              80.2053016791568,
              13.084838718116867
            ]
          ]
        ]
      }
    },
    {
      "type": "Feature",
      "properties": {
        "unit_id": "B007-F03-U04",
        "floor_id": "B007-F03",
        "building_id": "B007",
        "parcel_id": "P000007",
        "demo_ulpin": "DEMO-TN-CHN-000007",
        "property_3d_id": "3D-CHN-P000007-B007-F03-U04",
        "area_sqm": 75.0,
        "z_min": 6.4,
        "z_max": 9.600000000000001,
        "height": 3.200000000000001,
        "volume_m3": 240.00000000000009,
        "data_status": "DEMO / SYNTHETIC"
      },
      "geometry": {
        "type": "Polygon",
        "coordinates": [
          [
            [
              80.20536315352588,
              13.0847945262184
            ],
            [
              80.2053016791568,
              13.0847945262184
            ],
            [
              80.2053016791568,
              13.084838718116867
            ],
            [
              80.2053625371701,
              13.0848395192381
            ],
            [
              80.20536315352588,
              13.0847945262184
            ]
          ]
        ]
      }
    },
    {
      "type": "Feature",
      "properties": {
        "unit_id": "B007-F04-U01",
        "floor_id": "B007-F04",
        "building_id": "B007",
        "parcel_id": "P000007",
        "demo_ulpin": "DEMO-TN-CHN-000007",
        "property_3d_id": "3D-CHN-P000007-B007-F04-U01",
        "area_sqm": 75.0,
        "z_min": 9.600000000000001,
        "z_max": 12.8,
        "height": 3.1999999999999993,
        "volume_m3": 239.99999999999994,
        "data_status": "DEMO / SYNTHETIC"
      },
      "geometry": {
        "type": "Polygon",
        "coordinates": [
          [
            [
              80.20524020480921,
              13.0847945262184
            ],
            [
              80.2053016791568,
              13.0847945262184
            ],
            [
              80.2053016791568,
              13.08475033431801
            ],
            [
              80.2052408211873,
              13.0847495331987
            ],
            [
              80.20524020480921,
              13.0847945262184
            ]
          ]
        ]
      }
    },
    {
      "type": "Feature",
      "properties": {
        "unit_id": "B007-F04-U02",
        "floor_id": "B007-F04",
        "building_id": "B007",
        "parcel_id": "P000007",
        "demo_ulpin": "DEMO-TN-CHN-000007",
        "property_3d_id": "3D-CHN-P000007-B007-F04-U02",
        "area_sqm": 75.0,
        "z_min": 9.600000000000001,
        "z_max": 12.8,
        "height": 3.1999999999999993,
        "volume_m3": 239.99999999999994,
        "data_status": "DEMO / SYNTHETIC"
      },
      "geometry": {
        "type": "Polygon",
        "coordinates": [
          [
            [
              80.2053637477144,
              13.0847511513732
            ],
            [
              80.2053016791568,
              13.08475033431801
            ],
            [
              80.2053016791568,
              13.0847945262184
            ],
            [
              80.20536315352588,
              13.0847945262184
            ],
            [
              80.2053637477144,
              13.0847511513732
            ]
          ]
        ]
      }
    },
    {
      "type": "Feature",
      "properties": {
        "unit_id": "B007-F04-U03",
        "floor_id": "B007-F04",
        "building_id": "B007",
        "parcel_id": "P000007",
        "demo_ulpin": "DEMO-TN-CHN-000007",
        "property_3d_id": "3D-CHN-P000007-B007-F04-U03",
        "area_sqm": 75.0,
        "z_min": 9.600000000000001,
        "z_max": 12.8,
        "height": 3.1999999999999993,
        "volume_m3": 239.99999999999994,
        "data_status": "DEMO / SYNTHETIC"
      },
      "geometry": {
        "type": "Polygon",
        "coordinates": [
          [
            [
              80.2053016791568,
              13.084838718116867
            ],
            [
              80.2053016791568,
              13.0847945262184
            ],
            [
              80.20524020480921,
              13.0847945262184
            ],
            [
              80.20523961059921,
              13.0848379010603
            ],
            [
              80.2053016791568,
              13.084838718116867
            ]
          ]
        ]
      }
    },
    {
      "type": "Feature",
      "properties": {
        "unit_id": "B007-F04-U04",
        "floor_id": "B007-F04",
        "building_id": "B007",
        "parcel_id": "P000007",
        "demo_ulpin": "DEMO-TN-CHN-000007",
        "property_3d_id": "3D-CHN-P000007-B007-F04-U04",
        "area_sqm": 75.0,
        "z_min": 9.600000000000001,
        "z_max": 12.8,
        "height": 3.1999999999999993,
        "volume_m3": 239.99999999999994,
        "data_status": "DEMO / SYNTHETIC"
      },
      "geometry": {
        "type": "Polygon",
        "coordinates": [
          [
            [
              80.20536315352588,
              13.0847945262184
            ],
            [
              80.2053016791568,
              13.0847945262184
            ],
            [
              80.2053016791568,
              13.084838718116867
            ],
            [
              80.2053625371701,
              13.0848395192381
            ],
            [
              80.20536315352588,
              13.0847945262184
            ]
          ]
        ]
      }
    },
    {
      "type": "Feature",
      "properties": {
        "unit_id": "B008-F01-U01",
        "floor_id": "B008-F01",
        "building_id": "B008",
        "parcel_id": "P000008",
        "demo_ulpin": "DEMO-TN-CHN-000008",
        "property_3d_id": "3D-CHN-P000008-B008-F01-U01",
        "area_sqm": 75.0,
        "z_min": 0.0,
        "z_max": 3.2,
        "height": 3.2,
        "volume_m3": 240.0,
        "data_status": "DEMO / SYNTHETIC"
      },
      "geometry": {
        "type": "Polygon",
        "coordinates": [
          [
            [
              80.20452325540252,
              13.0846591226172
            ],
            [
              80.20457794868724,
              13.0846591226172
            ],
            [
              80.20457794868724,
              13.084572939505305
            ],
            [
              80.2045177716197,
              13.0845767910302
            ],
            [
              80.20452325540252,
              13.0846591226172
            ]
          ]
        ]
      }
    },
    {
      "type": "Feature",
      "properties": {
        "unit_id": "B008-F01-U02",
        "floor_id": "B008-F01",
        "building_id": "B008",
        "parcel_id": "P000008",
        "demo_ulpin": "DEMO-TN-CHN-000008",
        "property_3d_id": "3D-CHN-P000008-B008-F01-U02",
        "area_sqm": 75.0,
        "z_min": 0.0,
        "z_max": 3.2,
        "height": 3.2,
        "volume_m3": 240.0,
        "data_status": "DEMO / SYNTHETIC"
      },
      "geometry": {
        "type": "Polygon",
        "coordinates": [
          [
            [
              80.20457794868724,
              13.084572939505305
            ],
            [
              80.20457794868724,
              13.0846591226172
            ],
            [
              80.20463264193566,
              13.0846591226172
            ],
            [
              80.20462669377811,
              13.0845698196635
            ],
            [
              80.20457794868724,
              13.084572939505305
            ]
          ]
        ]
      }
    },
    {
      "type": "Feature",
      "properties": {
        "unit_id": "B008-F01-U03",
        "floor_id": "B008-F01",
        "building_id": "B008",
        "parcel_id": "P000008",
        "demo_ulpin": "DEMO-TN-CHN-000008",
        "property_3d_id": "3D-CHN-P000008-B008-F01-U03",
        "area_sqm": 75.0,
        "z_min": 0.0,
        "z_max": 3.2,
        "height": 3.2,
        "volume_m3": 240.0,
        "data_status": "DEMO / SYNTHETIC"
      },
      "geometry": {
        "type": "Polygon",
        "coordinates": [
          [
            [
              80.20457794868724,
              13.084745305726148
            ],
            [
              80.20457794868724,
              13.0846591226172
            ],
            [
              80.20452325540252,
              13.0846591226172
            ],
            [
              80.20452920352061,
              13.0847484255709
            ],
            [
              80.20457794868724,
              13.084745305726148
            ]
          ]
        ]
      }
    },
    {
      "type": "Feature",
      "properties": {
        "unit_id": "B008-F01-U04",
        "floor_id": "B008-F01",
        "building_id": "B008",
        "parcel_id": "P000008",
        "demo_ulpin": "DEMO-TN-CHN-000008",
        "property_3d_id": "3D-CHN-P000008-B008-F01-U04",
        "area_sqm": 75.0,
        "z_min": 0.0,
        "z_max": 3.2,
        "height": 3.2,
        "volume_m3": 240.0,
        "data_status": "DEMO / SYNTHETIC"
      },
      "geometry": {
        "type": "Polygon",
        "coordinates": [
          [
            [
              80.2046381257548,
              13.0847414542036
            ],
            [
              80.20463264193566,
              13.0846591226172
            ],
            [
              80.20457794868724,
              13.0846591226172
            ],
            [
              80.20457794868724,
              13.084745305726148
            ],
            [
              80.2046381257548,
              13.0847414542036
            ]
          ]
        ]
      }
    },
    {
      "type": "Feature",
      "properties": {
        "unit_id": "B008-F02-U01",
        "floor_id": "B008-F02",
        "building_id": "B008",
        "parcel_id": "P000008",
        "demo_ulpin": "DEMO-TN-CHN-000008",
        "property_3d_id": "3D-CHN-P000008-B008-F02-U01",
        "area_sqm": 75.0,
        "z_min": 3.2,
        "z_max": 6.4,
        "height": 3.2,
        "volume_m3": 240.0,
        "data_status": "DEMO / SYNTHETIC"
      },
      "geometry": {
        "type": "Polygon",
        "coordinates": [
          [
            [
              80.20452325540252,
              13.0846591226172
            ],
            [
              80.20457794868724,
              13.0846591226172
            ],
            [
              80.20457794868724,
              13.084572939505305
            ],
            [
              80.2045177716197,
              13.0845767910302
            ],
            [
              80.20452325540252,
              13.0846591226172
            ]
          ]
        ]
      }
    },
    {
      "type": "Feature",
      "properties": {
        "unit_id": "B008-F02-U02",
        "floor_id": "B008-F02",
        "building_id": "B008",
        "parcel_id": "P000008",
        "demo_ulpin": "DEMO-TN-CHN-000008",
        "property_3d_id": "3D-CHN-P000008-B008-F02-U02",
        "area_sqm": 75.0,
        "z_min": 3.2,
        "z_max": 6.4,
        "height": 3.2,
        "volume_m3": 240.0,
        "data_status": "DEMO / SYNTHETIC"
      },
      "geometry": {
        "type": "Polygon",
        "coordinates": [
          [
            [
              80.20457794868724,
              13.084572939505305
            ],
            [
              80.20457794868724,
              13.0846591226172
            ],
            [
              80.20463264193566,
              13.0846591226172
            ],
            [
              80.20462669377811,
              13.0845698196635
            ],
            [
              80.20457794868724,
              13.084572939505305
            ]
          ]
        ]
      }
    },
    {
      "type": "Feature",
      "properties": {
        "unit_id": "B008-F02-U03",
        "floor_id": "B008-F02",
        "building_id": "B008",
        "parcel_id": "P000008",
        "demo_ulpin": "DEMO-TN-CHN-000008",
        "property_3d_id": "3D-CHN-P000008-B008-F02-U03",
        "area_sqm": 75.0,
        "z_min": 3.2,
        "z_max": 6.4,
        "height": 3.2,
        "volume_m3": 240.0,
        "data_status": "DEMO / SYNTHETIC"
      },
      "geometry": {
        "type": "Polygon",
        "coordinates": [
          [
            [
              80.20457794868724,
              13.084745305726148
            ],
            [
              80.20457794868724,
              13.0846591226172
            ],
            [
              80.20452325540252,
              13.0846591226172
            ],
            [
              80.20452920352061,
              13.0847484255709
            ],
            [
              80.20457794868724,
              13.084745305726148
            ]
          ]
        ]
      }
    },
    {
      "type": "Feature",
      "properties": {
        "unit_id": "B008-F02-U04",
        "floor_id": "B008-F02",
        "building_id": "B008",
        "parcel_id": "P000008",
        "demo_ulpin": "DEMO-TN-CHN-000008",
        "property_3d_id": "3D-CHN-P000008-B008-F02-U04",
        "area_sqm": 75.0,
        "z_min": 3.2,
        "z_max": 6.4,
        "height": 3.2,
        "volume_m3": 240.0,
        "data_status": "DEMO / SYNTHETIC"
      },
      "geometry": {
        "type": "Polygon",
        "coordinates": [
          [
            [
              80.2046381257548,
              13.0847414542036
            ],
            [
              80.20463264193566,
              13.0846591226172
            ],
            [
              80.20457794868724,
              13.0846591226172
            ],
            [
              80.20457794868724,
              13.084745305726148
            ],
            [
              80.2046381257548,
              13.0847414542036
            ]
          ]
        ]
      }
    },
    {
      "type": "Feature",
      "properties": {
        "unit_id": "B009-F01-U01",
        "floor_id": "B009-F01",
        "building_id": "B009",
        "parcel_id": "P000009",
        "demo_ulpin": "DEMO-TN-CHN-000009",
        "property_3d_id": "3D-CHN-P000009-B009-F01-U01",
        "area_sqm": 75.0,
        "z_min": 0.0,
        "z_max": 3.2,
        "height": 3.2,
        "volume_m3": 240.0,
        "data_status": "DEMO / SYNTHETIC"
      },
      "geometry": {
        "type": "Polygon",
        "coordinates": [
          [
            [
              80.2048600813939,
              13.0853262045667
            ],
            [
              80.20488990734711,
              13.085324832436305
            ],
            [
              80.20488990734711,
              13.085227373029541
            ],
            [
              80.20482482054841,
              13.0852303673179
            ],
            [
              80.2048270186666,
              13.0852762804997
            ],
            [
              80.2047990032943,
              13.085277569324
            ],
            [
              80.20480269413922,
              13.085354661985
            ],
            [
              80.20486144381262,
              13.085354661985
            ],
            [
              80.2048600813939,
              13.0853262045667
            ]
          ]
        ]
      }
    },
    {
      "type": "Feature",
      "properties": {
        "unit_id": "B009-F01-U02",
        "floor_id": "B009-F01",
        "building_id": "B009",
        "parcel_id": "P000009",
        "demo_ulpin": "DEMO-TN-CHN-000009",
        "property_3d_id": "3D-CHN-P000009-B009-F01-U02",
        "area_sqm": 75.0,
        "z_min": 0.0,
        "z_max": 3.2,
        "height": 3.2,
        "volume_m3": 240.0,
        "data_status": "DEMO / SYNTHETIC"
      },
      "geometry": {
        "type": "Polygon",
        "coordinates": [
          [
            [
              80.2049808113999,
              13.085320650433701
            ],
            [
              80.2049761556734,
              13.0852234052148
            ],
            [
              80.20488990734711,
              13.085227373029541
            ],
            [
              80.20488990734711,
              13.085324832436305
            ],
            [
              80.2049808113999,
              13.085320650433701
            ]
          ]
        ]
      }
    },
    {
      "type": "Feature",
      "properties": {
        "unit_id": "B009-F01-U03",
        "floor_id": "B009-F01",
        "building_id": "B009",
        "parcel_id": "P000009",
        "demo_ulpin": "DEMO-TN-CHN-000009",
        "property_3d_id": "3D-CHN-P000009-B009-F01-U03",
        "area_sqm": 75.0,
        "z_min": 0.0,
        "z_max": 3.2,
        "height": 3.2,
        "volume_m3": 240.0,
        "data_status": "DEMO / SYNTHETIC"
      },
      "geometry": {
        "type": "Polygon",
        "coordinates": [
          [
            [
              80.204867598711,
              13.0854832219621
            ],
            [
              80.20486144381262,
              13.085354661985
            ],
            [
              80.20480269413922,
              13.085354661985
            ],
            [
              80.2048089781146,
              13.0854859187552
            ],
            [
              80.204867598711,
              13.0854832219621
            ]
          ]
        ]
      }
    },
    {
      "type": "Feature",
      "properties": {
        "unit_id": "B009-F02-U01",
        "floor_id": "B009-F02",
        "building_id": "B009",
        "parcel_id": "P000009",
        "demo_ulpin": "DEMO-TN-CHN-000009",
        "property_3d_id": "3D-CHN-P000009-B009-F02-U01",
        "area_sqm": 75.0,
        "z_min": 3.2,
        "z_max": 6.4,
        "height": 3.2,
        "volume_m3": 240.0,
        "data_status": "DEMO / SYNTHETIC"
      },
      "geometry": {
        "type": "Polygon",
        "coordinates": [
          [
            [
              80.2048600813939,
              13.0853262045667
            ],
            [
              80.20488990734711,
              13.085324832436305
            ],
            [
              80.20488990734711,
              13.085227373029541
            ],
            [
              80.20482482054841,
              13.0852303673179
            ],
            [
              80.2048270186666,
              13.0852762804997
            ],
            [
              80.2047990032943,
              13.085277569324
            ],
            [
              80.20480269413922,
              13.085354661985
            ],
            [
              80.20486144381262,
              13.085354661985
            ],
            [
              80.2048600813939,
              13.0853262045667
            ]
          ]
        ]
      }
    },
    {
      "type": "Feature",
      "properties": {
        "unit_id": "B009-F02-U02",
        "floor_id": "B009-F02",
        "building_id": "B009",
        "parcel_id": "P000009",
        "demo_ulpin": "DEMO-TN-CHN-000009",
        "property_3d_id": "3D-CHN-P000009-B009-F02-U02",
        "area_sqm": 75.0,
        "z_min": 3.2,
        "z_max": 6.4,
        "height": 3.2,
        "volume_m3": 240.0,
        "data_status": "DEMO / SYNTHETIC"
      },
      "geometry": {
        "type": "Polygon",
        "coordinates": [
          [
            [
              80.2049808113999,
              13.085320650433701
            ],
            [
              80.2049761556734,
              13.0852234052148
            ],
            [
              80.20488990734711,
              13.085227373029541
            ],
            [
              80.20488990734711,
              13.085324832436305
            ],
            [
              80.2049808113999,
              13.085320650433701
            ]
          ]
        ]
      }
    },
    {
      "type": "Feature",
      "properties": {
        "unit_id": "B009-F02-U03",
        "floor_id": "B009-F02",
        "building_id": "B009",
        "parcel_id": "P000009",
        "demo_ulpin": "DEMO-TN-CHN-000009",
        "property_3d_id": "3D-CHN-P000009-B009-F02-U03",
        "area_sqm": 75.0,
        "z_min": 3.2,
        "z_max": 6.4,
        "height": 3.2,
        "volume_m3": 240.0,
        "data_status": "DEMO / SYNTHETIC"
      },
      "geometry": {
        "type": "Polygon",
        "coordinates": [
          [
            [
              80.204867598711,
              13.0854832219621
            ],
            [
              80.20486144381262,
              13.085354661985
            ],
            [
              80.20480269413922,
              13.085354661985
            ],
            [
              80.2048089781146,
              13.0854859187552
            ],
            [
              80.204867598711,
              13.0854832219621
            ]
          ]
        ]
      }
    },
    {
      "type": "Feature",
      "properties": {
        "unit_id": "B010-F01-U01",
        "floor_id": "B010-F01",
        "building_id": "B010",
        "parcel_id": "P000010",
        "demo_ulpin": "DEMO-TN-CHN-000010",
        "property_3d_id": "3D-CHN-P000010-B010-F01-U01",
        "area_sqm": 75.0,
        "z_min": 0.0,
        "z_max": 3.2,
        "height": 3.2,
        "volume_m3": 240.0,
        "data_status": "DEMO / SYNTHETIC"
      },
      "geometry": {
        "type": "Polygon",
        "coordinates": [
          [
            [
              80.20486310618253,
              13.085383549849649
            ],
            [
              80.2049226330926,
              13.085383549849649
            ],
            [
              80.2049226330926,
              13.085320668604806
            ],
            [
              80.2048608830914,
              13.0853228498516
            ],
            [
              80.20486310618253,
              13.085383549849649
            ]
          ]
        ]
      }
    },
    {
      "type": "Feature",
      "properties": {
        "unit_id": "B010-F01-U02",
        "floor_id": "B010-F01",
        "building_id": "B010",
        "parcel_id": "P000010",
        "demo_ulpin": "DEMO-TN-CHN-000010",
        "property_3d_id": "3D-CHN-P000010-B010-F01-U02",
        "area_sqm": 75.0,
        "z_min": 0.0,
        "z_max": 3.2,
        "height": 3.2,
        "volume_m3": 240.0,
        "data_status": "DEMO / SYNTHETIC"
      },
      "geometry": {
        "type": "Polygon",
        "coordinates": [
          [
            [
              80.2049226330926,
              13.085320668604806
            ],
            [
              80.2049226330926,
              13.085383549849649
            ],
            [
              80.20498210759038,
              13.085383549849649
            ],
            [
              80.2049797830895,
              13.0853186498478
            ],
            [
              80.2049226330926,
              13.085320668604806
            ]
          ]
        ]
      }
    },
    {
      "type": "Feature",
      "properties": {
        "unit_id": "B010-F01-U03",
        "floor_id": "B010-F01",
        "building_id": "B010",
        "parcel_id": "P000010",
        "demo_ulpin": "DEMO-TN-CHN-000010",
        "property_3d_id": "3D-CHN-P000010-B010-F01-U03",
        "area_sqm": 75.0,
        "z_min": 0.0,
        "z_max": 3.2,
        "height": 3.2,
        "volume_m3": 240.0,
        "data_status": "DEMO / SYNTHETIC"
      },
      "geometry": {
        "type": "Polygon",
        "coordinates": [
          [
            [
              80.2049226330926,
              13.085446431094445
            ],
            [
              80.2049226330926,
              13.085383549849649
            ],
            [
              80.20486310618253,
              13.085383549849649
            ],
            [
              80.2048654830956,
              13.0854484498515
            ],
            [
              80.2049226330926,
              13.085446431094445
            ]
          ]
        ]
      }
    },
    {
      "type": "Feature",
      "properties": {
        "unit_id": "B010-F01-U04",
        "floor_id": "B010-F01",
        "building_id": "B010",
        "parcel_id": "P000010",
        "demo_ulpin": "DEMO-TN-CHN-000010",
        "property_3d_id": "3D-CHN-P000010-B010-F01-U04",
        "area_sqm": 75.0,
        "z_min": 0.0,
        "z_max": 3.2,
        "height": 3.2,
        "volume_m3": 240.0,
        "data_status": "DEMO / SYNTHETIC"
      },
      "geometry": {
        "type": "Polygon",
        "coordinates": [
          [
            [
              80.20498228309191,
              13.0853884498477
            ],
            [
              80.20498210759038,
              13.085383549849649
            ],
            [
              80.2049226330926,
              13.085383549849649
            ],
            [
              80.2049226330926,
              13.085446431094445
            ],
            [
              80.2049843830938,
              13.0854442498476
            ],
            [
              80.20498228309191,
              13.0853884498477
            ]
          ]
        ]
      }
    },
    {
      "type": "Feature",
      "properties": {
        "unit_id": "B010-F02-U01",
        "floor_id": "B010-F02",
        "building_id": "B010",
        "parcel_id": "P000010",
        "demo_ulpin": "DEMO-TN-CHN-000010",
        "property_3d_id": "3D-CHN-P000010-B010-F02-U01",
        "area_sqm": 75.0,
        "z_min": 3.2,
        "z_max": 6.4,
        "height": 3.2,
        "volume_m3": 240.0,
        "data_status": "DEMO / SYNTHETIC"
      },
      "geometry": {
        "type": "Polygon",
        "coordinates": [
          [
            [
              80.20486310618253,
              13.085383549849649
            ],
            [
              80.2049226330926,
              13.085383549849649
            ],
            [
              80.2049226330926,
              13.085320668604806
            ],
            [
              80.2048608830914,
              13.0853228498516
            ],
            [
              80.20486310618253,
              13.085383549849649
            ]
          ]
        ]
      }
    },
    {
      "type": "Feature",
      "properties": {
        "unit_id": "B010-F02-U02",
        "floor_id": "B010-F02",
        "building_id": "B010",
        "parcel_id": "P000010",
        "demo_ulpin": "DEMO-TN-CHN-000010",
        "property_3d_id": "3D-CHN-P000010-B010-F02-U02",
        "area_sqm": 75.0,
        "z_min": 3.2,
        "z_max": 6.4,
        "height": 3.2,
        "volume_m3": 240.0,
        "data_status": "DEMO / SYNTHETIC"
      },
      "geometry": {
        "type": "Polygon",
        "coordinates": [
          [
            [
              80.2049226330926,
              13.085320668604806
            ],
            [
              80.2049226330926,
              13.085383549849649
            ],
            [
              80.20498210759038,
              13.085383549849649
            ],
            [
              80.2049797830895,
              13.0853186498478
            ],
            [
              80.2049226330926,
              13.085320668604806
            ]
          ]
        ]
      }
    },
    {
      "type": "Feature",
      "properties": {
        "unit_id": "B010-F02-U03",
        "floor_id": "B010-F02",
        "building_id": "B010",
        "parcel_id": "P000010",
        "demo_ulpin": "DEMO-TN-CHN-000010",
        "property_3d_id": "3D-CHN-P000010-B010-F02-U03",
        "area_sqm": 75.0,
        "z_min": 3.2,
        "z_max": 6.4,
        "height": 3.2,
        "volume_m3": 240.0,
        "data_status": "DEMO / SYNTHETIC"
      },
      "geometry": {
        "type": "Polygon",
        "coordinates": [
          [
            [
              80.2049226330926,
              13.085446431094445
            ],
            [
              80.2049226330926,
              13.085383549849649
            ],
            [
              80.20486310618253,
              13.085383549849649
            ],
            [
              80.2048654830956,
              13.0854484498515
            ],
            [
              80.2049226330926,
              13.085446431094445
            ]
          ]
        ]
      }
    },
    {
      "type": "Feature",
      "properties": {
        "unit_id": "B010-F02-U04",
        "floor_id": "B010-F02",
        "building_id": "B010",
        "parcel_id": "P000010",
        "demo_ulpin": "DEMO-TN-CHN-000010",
        "property_3d_id": "3D-CHN-P000010-B010-F02-U04",
        "area_sqm": 75.0,
        "z_min": 3.2,
        "z_max": 6.4,
        "height": 3.2,
        "volume_m3": 240.0,
        "data_status": "DEMO / SYNTHETIC"
      },
      "geometry": {
        "type": "Polygon",
        "coordinates": [
          [
            [
              80.20498228309191,
              13.0853884498477
            ],
            [
              80.20498210759038,
              13.085383549849649
            ],
            [
              80.2049226330926,
              13.085383549849649
            ],
            [
              80.2049226330926,
              13.085446431094445
            ],
            [
              80.2049843830938,
              13.0854442498476
            ],
            [
              80.20498228309191,
              13.0853884498477
            ]
          ]
        ]
      }
    },
    {
      "type": "Feature",
      "properties": {
        "unit_id": "B010-F03-U01",
        "floor_id": "B010-F03",
        "building_id": "B010",
        "parcel_id": "P000010",
        "demo_ulpin": "DEMO-TN-CHN-000010",
        "property_3d_id": "3D-CHN-P000010-B010-F03-U01",
        "area_sqm": 75.0,
        "z_min": 6.4,
        "z_max": 9.600000000000001,
        "height": 3.200000000000001,
        "volume_m3": 240.00000000000009,
        "data_status": "DEMO / SYNTHETIC"
      },
      "geometry": {
        "type": "Polygon",
        "coordinates": [
          [
            [
              80.20486310618253,
              13.085383549849649
            ],
            [
              80.2049226330926,
              13.085383549849649
            ],
            [
              80.2049226330926,
              13.085320668604806
            ],
            [
              80.2048608830914,
              13.0853228498516
            ],
            [
              80.20486310618253,
              13.085383549849649
            ]
          ]
        ]
      }
    },
    {
      "type": "Feature",
      "properties": {
        "unit_id": "B010-F03-U02",
        "floor_id": "B010-F03",
        "building_id": "B010",
        "parcel_id": "P000010",
        "demo_ulpin": "DEMO-TN-CHN-000010",
        "property_3d_id": "3D-CHN-P000010-B010-F03-U02",
        "area_sqm": 75.0,
        "z_min": 6.4,
        "z_max": 9.600000000000001,
        "height": 3.200000000000001,
        "volume_m3": 240.00000000000009,
        "data_status": "DEMO / SYNTHETIC"
      },
      "geometry": {
        "type": "Polygon",
        "coordinates": [
          [
            [
              80.2049226330926,
              13.085320668604806
            ],
            [
              80.2049226330926,
              13.085383549849649
            ],
            [
              80.20498210759038,
              13.085383549849649
            ],
            [
              80.2049797830895,
              13.0853186498478
            ],
            [
              80.2049226330926,
              13.085320668604806
            ]
          ]
        ]
      }
    },
    {
      "type": "Feature",
      "properties": {
        "unit_id": "B010-F03-U03",
        "floor_id": "B010-F03",
        "building_id": "B010",
        "parcel_id": "P000010",
        "demo_ulpin": "DEMO-TN-CHN-000010",
        "property_3d_id": "3D-CHN-P000010-B010-F03-U03",
        "area_sqm": 75.0,
        "z_min": 6.4,
        "z_max": 9.600000000000001,
        "height": 3.200000000000001,
        "volume_m3": 240.00000000000009,
        "data_status": "DEMO / SYNTHETIC"
      },
      "geometry": {
        "type": "Polygon",
        "coordinates": [
          [
            [
              80.2049226330926,
              13.085446431094445
            ],
            [
              80.2049226330926,
              13.085383549849649
            ],
            [
              80.20486310618253,
              13.085383549849649
            ],
            [
              80.2048654830956,
              13.0854484498515
            ],
            [
              80.2049226330926,
              13.085446431094445
            ]
          ]
        ]
      }
    },
    {
      "type": "Feature",
      "properties": {
        "unit_id": "B010-F03-U04",
        "floor_id": "B010-F03",
        "building_id": "B010",
        "parcel_id": "P000010",
        "demo_ulpin": "DEMO-TN-CHN-000010",
        "property_3d_id": "3D-CHN-P000010-B010-F03-U04",
        "area_sqm": 75.0,
        "z_min": 6.4,
        "z_max": 9.600000000000001,
        "height": 3.200000000000001,
        "volume_m3": 240.00000000000009,
        "data_status": "DEMO / SYNTHETIC"
      },
      "geometry": {
        "type": "Polygon",
        "coordinates": [
          [
            [
              80.20498228309191,
              13.0853884498477
            ],
            [
              80.20498210759038,
              13.085383549849649
            ],
            [
              80.2049226330926,
              13.085383549849649
            ],
            [
              80.2049226330926,
              13.085446431094445
            ],
            [
              80.2049843830938,
              13.0854442498476
            ],
            [
              80.20498228309191,
              13.0853884498477
            ]
          ]
        ]
      }
    },
    {
      "type": "Feature",
      "properties": {
        "unit_id": "B010-F04-U01",
        "floor_id": "B010-F04",
        "building_id": "B010",
        "parcel_id": "P000010",
        "demo_ulpin": "DEMO-TN-CHN-000010",
        "property_3d_id": "3D-CHN-P000010-B010-F04-U01",
        "area_sqm": 75.0,
        "z_min": 9.600000000000001,
        "z_max": 12.8,
        "height": 3.1999999999999993,
        "volume_m3": 239.99999999999994,
        "data_status": "DEMO / SYNTHETIC"
      },
      "geometry": {
        "type": "Polygon",
        "coordinates": [
          [
            [
              80.20486310618253,
              13.085383549849649
            ],
            [
              80.2049226330926,
              13.085383549849649
            ],
            [
              80.2049226330926,
              13.085320668604806
            ],
            [
              80.2048608830914,
              13.0853228498516
            ],
            [
              80.20486310618253,
              13.085383549849649
            ]
          ]
        ]
      }
    },
    {
      "type": "Feature",
      "properties": {
        "unit_id": "B010-F04-U02",
        "floor_id": "B010-F04",
        "building_id": "B010",
        "parcel_id": "P000010",
        "demo_ulpin": "DEMO-TN-CHN-000010",
        "property_3d_id": "3D-CHN-P000010-B010-F04-U02",
        "area_sqm": 75.0,
        "z_min": 9.600000000000001,
        "z_max": 12.8,
        "height": 3.1999999999999993,
        "volume_m3": 239.99999999999994,
        "data_status": "DEMO / SYNTHETIC"
      },
      "geometry": {
        "type": "Polygon",
        "coordinates": [
          [
            [
              80.2049226330926,
              13.085320668604806
            ],
            [
              80.2049226330926,
              13.085383549849649
            ],
            [
              80.20498210759038,
              13.085383549849649
            ],
            [
              80.2049797830895,
              13.0853186498478
            ],
            [
              80.2049226330926,
              13.085320668604806
            ]
          ]
        ]
      }
    },
    {
      "type": "Feature",
      "properties": {
        "unit_id": "B010-F04-U03",
        "floor_id": "B010-F04",
        "building_id": "B010",
        "parcel_id": "P000010",
        "demo_ulpin": "DEMO-TN-CHN-000010",
        "property_3d_id": "3D-CHN-P000010-B010-F04-U03",
        "area_sqm": 75.0,
        "z_min": 9.600000000000001,
        "z_max": 12.8,
        "height": 3.1999999999999993,
        "volume_m3": 239.99999999999994,
        "data_status": "DEMO / SYNTHETIC"
      },
      "geometry": {
        "type": "Polygon",
        "coordinates": [
          [
            [
              80.2049226330926,
              13.085446431094445
            ],
            [
              80.2049226330926,
              13.085383549849649
            ],
            [
              80.20486310618253,
              13.085383549849649
            ],
            [
              80.2048654830956,
              13.0854484498515
            ],
            [
              80.2049226330926,
              13.085446431094445
            ]
          ]
        ]
      }
    },
    {
      "type": "Feature",
      "properties": {
        "unit_id": "B010-F04-U04",
        "floor_id": "B010-F04",
        "building_id": "B010",
        "parcel_id": "P000010",
        "demo_ulpin": "DEMO-TN-CHN-000010",
        "property_3d_id": "3D-CHN-P000010-B010-F04-U04",
        "area_sqm": 75.0,
        "z_min": 9.600000000000001,
        "z_max": 12.8,
        "height": 3.1999999999999993,
        "volume_m3": 239.99999999999994,
        "data_status": "DEMO / SYNTHETIC"
      },
      "geometry": {
        "type": "Polygon",
        "coordinates": [
          [
            [
              80.20498228309191,
              13.0853884498477
            ],
            [
              80.20498210759038,
              13.085383549849649
            ],
            [
              80.2049226330926,
              13.085383549849649
            ],
            [
              80.2049226330926,
              13.085446431094445
            ],
            [
              80.2049843830938,
              13.0854442498476
            ],
            [
              80.20498228309191,
              13.0853884498477
            ]
          ]
        ]
      }
    },
    {
      "type": "Feature",
      "properties": {
        "unit_id": "B010-F05-U01",
        "floor_id": "B010-F05",
        "building_id": "B010",
        "parcel_id": "P000010",
        "demo_ulpin": "DEMO-TN-CHN-000010",
        "property_3d_id": "3D-CHN-P000010-B010-F05-U01",
        "area_sqm": 75.0,
        "z_min": 12.8,
        "z_max": 16.0,
        "height": 3.1999999999999993,
        "volume_m3": 239.99999999999994,
        "data_status": "DEMO / SYNTHETIC"
      },
      "geometry": {
        "type": "Polygon",
        "coordinates": [
          [
            [
              80.20486310618253,
              13.085383549849649
            ],
            [
              80.2049226330926,
              13.085383549849649
            ],
            [
              80.2049226330926,
              13.085320668604806
            ],
            [
              80.2048608830914,
              13.0853228498516
            ],
            [
              80.20486310618253,
              13.085383549849649
            ]
          ]
        ]
      }
    },
    {
      "type": "Feature",
      "properties": {
        "unit_id": "B010-F05-U02",
        "floor_id": "B010-F05",
        "building_id": "B010",
        "parcel_id": "P000010",
        "demo_ulpin": "DEMO-TN-CHN-000010",
        "property_3d_id": "3D-CHN-P000010-B010-F05-U02",
        "area_sqm": 75.0,
        "z_min": 12.8,
        "z_max": 16.0,
        "height": 3.1999999999999993,
        "volume_m3": 239.99999999999994,
        "data_status": "DEMO / SYNTHETIC"
      },
      "geometry": {
        "type": "Polygon",
        "coordinates": [
          [
            [
              80.2049226330926,
              13.085320668604806
            ],
            [
              80.2049226330926,
              13.085383549849649
            ],
            [
              80.20498210759038,
              13.085383549849649
            ],
            [
              80.2049797830895,
              13.0853186498478
            ],
            [
              80.2049226330926,
              13.085320668604806
            ]
          ]
        ]
      }
    },
    {
      "type": "Feature",
      "properties": {
        "unit_id": "B010-F05-U03",
        "floor_id": "B010-F05",
        "building_id": "B010",
        "parcel_id": "P000010",
        "demo_ulpin": "DEMO-TN-CHN-000010",
        "property_3d_id": "3D-CHN-P000010-B010-F05-U03",
        "area_sqm": 75.0,
        "z_min": 12.8,
        "z_max": 16.0,
        "height": 3.1999999999999993,
        "volume_m3": 239.99999999999994,
        "data_status": "DEMO / SYNTHETIC"
      },
      "geometry": {
        "type": "Polygon",
        "coordinates": [
          [
            [
              80.2049226330926,
              13.085446431094445
            ],
            [
              80.2049226330926,
              13.085383549849649
            ],
            [
              80.20486310618253,
              13.085383549849649
            ],
            [
              80.2048654830956,
              13.0854484498515
            ],
            [
              80.2049226330926,
              13.085446431094445
            ]
          ]
        ]
      }
    },
    {
      "type": "Feature",
      "properties": {
        "unit_id": "B010-F05-U04",
        "floor_id": "B010-F05",
        "building_id": "B010",
        "parcel_id": "P000010",
        "demo_ulpin": "DEMO-TN-CHN-000010",
        "property_3d_id": "3D-CHN-P000010-B010-F05-U04",
        "area_sqm": 75.0,
        "z_min": 12.8,
        "z_max": 16.0,
        "height": 3.1999999999999993,
        "volume_m3": 239.99999999999994,
        "data_status": "DEMO / SYNTHETIC"
      },
      "geometry": {
        "type": "Polygon",
        "coordinates": [
          [
            [
              80.20498228309191,
              13.0853884498477
            ],
            [
              80.20498210759038,
              13.085383549849649
            ],
            [
              80.2049226330926,
              13.085383549849649
            ],
            [
              80.2049226330926,
              13.085446431094445
            ],
            [
              80.2049843830938,
              13.0854442498476
            ],
            [
              80.20498228309191,
              13.0853884498477
            ]
          ]
        ]
      }
    },
    {
      "type": "Feature",
      "properties": {
        "unit_id": "B011-F01-U01",
        "floor_id": "B011-F01",
        "building_id": "B011",
        "parcel_id": "P000011",
        "demo_ulpin": "DEMO-TN-CHN-000011",
        "property_3d_id": "3D-CHN-P000011-B011-F01-U01",
        "area_sqm": 75.0,
        "z_min": 0.0,
        "z_max": 3.2,
        "height": 3.2,
        "volume_m3": 240.0,
        "data_status": "DEMO / SYNTHETIC"
      },
      "geometry": {
        "type": "Polygon",
        "coordinates": [
          [
            [
              80.20524575037652,
              13.084614926490001
            ],
            [
              80.20531913478536,
              13.084614926490001
            ],
            [
              80.20531913478536,
              13.084518194635114
            ],
            [
              80.20524211665631,
              13.0845210596191
            ],
            [
              80.20524575037652,
              13.084614926490001
            ]
          ]
        ]
      }
    },
    {
      "type": "Feature",
      "properties": {
        "unit_id": "B011-F01-U02",
        "floor_id": "B011-F01",
        "building_id": "B011",
        "parcel_id": "P000011",
        "demo_ulpin": "DEMO-TN-CHN-000011",
        "property_3d_id": "3D-CHN-P000011-B011-F01-U02",
        "area_sqm": 75.0,
        "z_min": 0.0,
        "z_max": 3.2,
        "height": 3.2,
        "volume_m3": 240.0,
        "data_status": "DEMO / SYNTHETIC"
      },
      "geometry": {
        "type": "Polygon",
        "coordinates": [
          [
            [
              80.2053886743136,
              13.084515607846301
            ],
            [
              80.20531913478536,
              13.084518194635114
            ],
            [
              80.20531913478536,
              13.084614926490001
            ],
            [
              80.20539251913851,
              13.084614926490001
            ],
            [
              80.2053886743136,
              13.084515607846301
            ]
          ]
        ]
      }
    },
    {
      "type": "Feature",
      "properties": {
        "unit_id": "B011-F01-U03",
        "floor_id": "B011-F01",
        "building_id": "B011",
        "parcel_id": "P000011",
        "demo_ulpin": "DEMO-TN-CHN-000011",
        "property_3d_id": "3D-CHN-P000011-B011-F01-U03",
        "area_sqm": 75.0,
        "z_min": 0.0,
        "z_max": 3.2,
        "height": 3.2,
        "volume_m3": 240.0,
        "data_status": "DEMO / SYNTHETIC"
      },
      "geometry": {
        "type": "Polygon",
        "coordinates": [
          [
            [
              80.20531913478536,
              13.084711658343785
            ],
            [
              80.20531913478536,
              13.084614926490001
            ],
            [
              80.20524575037652,
              13.084614926490001
            ],
            [
              80.2052495951426,
              13.0847142451337
            ],
            [
              80.20531913478536,
              13.084711658343785
            ]
          ]
        ]
      }
    },
    {
      "type": "Feature",
      "properties": {
        "unit_id": "B011-F01-U04",
        "floor_id": "B011-F01",
        "building_id": "B011",
        "parcel_id": "P000011",
        "demo_ulpin": "DEMO-TN-CHN-000011",
        "property_3d_id": "3D-CHN-P000011-B011-F01-U04",
        "area_sqm": 75.0,
        "z_min": 0.0,
        "z_max": 3.2,
        "height": 3.2,
        "volume_m3": 240.0,
        "data_status": "DEMO / SYNTHETIC"
      },
      "geometry": {
        "type": "Polygon",
        "coordinates": [
          [
            [
              80.20539251913851,
              13.084614926490001
            ],
            [
              80.20531913478536,
              13.084614926490001
            ],
            [
              80.20531913478536,
              13.084711658343785
            ],
            [
              80.2053961529144,
              13.0847087933633
            ],
            [
              80.20539251913851,
              13.084614926490001
            ]
          ]
        ]
      }
    },
    {
      "type": "Feature",
      "properties": {
        "unit_id": "B011-F02-U01",
        "floor_id": "B011-F02",
        "building_id": "B011",
        "parcel_id": "P000011",
        "demo_ulpin": "DEMO-TN-CHN-000011",
        "property_3d_id": "3D-CHN-P000011-B011-F02-U01",
        "area_sqm": 75.0,
        "z_min": 3.2,
        "z_max": 6.4,
        "height": 3.2,
        "volume_m3": 240.0,
        "data_status": "DEMO / SYNTHETIC"
      },
      "geometry": {
        "type": "Polygon",
        "coordinates": [
          [
            [
              80.20524575037652,
              13.084614926490001
            ],
            [
              80.20531913478536,
              13.084614926490001
            ],
            [
              80.20531913478536,
              13.084518194635114
            ],
            [
              80.20524211665631,
              13.0845210596191
            ],
            [
              80.20524575037652,
              13.084614926490001
            ]
          ]
        ]
      }
    },
    {
      "type": "Feature",
      "properties": {
        "unit_id": "B011-F02-U02",
        "floor_id": "B011-F02",
        "building_id": "B011",
        "parcel_id": "P000011",
        "demo_ulpin": "DEMO-TN-CHN-000011",
        "property_3d_id": "3D-CHN-P000011-B011-F02-U02",
        "area_sqm": 75.0,
        "z_min": 3.2,
        "z_max": 6.4,
        "height": 3.2,
        "volume_m3": 240.0,
        "data_status": "DEMO / SYNTHETIC"
      },
      "geometry": {
        "type": "Polygon",
        "coordinates": [
          [
            [
              80.2053886743136,
              13.084515607846301
            ],
            [
              80.20531913478536,
              13.084518194635114
            ],
            [
              80.20531913478536,
              13.084614926490001
            ],
            [
              80.20539251913851,
              13.084614926490001
            ],
            [
              80.2053886743136,
              13.084515607846301
            ]
          ]
        ]
      }
    },
    {
      "type": "Feature",
      "properties": {
        "unit_id": "B011-F02-U03",
        "floor_id": "B011-F02",
        "building_id": "B011",
        "parcel_id": "P000011",
        "demo_ulpin": "DEMO-TN-CHN-000011",
        "property_3d_id": "3D-CHN-P000011-B011-F02-U03",
        "area_sqm": 75.0,
        "z_min": 3.2,
        "z_max": 6.4,
        "height": 3.2,
        "volume_m3": 240.0,
        "data_status": "DEMO / SYNTHETIC"
      },
      "geometry": {
        "type": "Polygon",
        "coordinates": [
          [
            [
              80.20531913478536,
              13.084711658343785
            ],
            [
              80.20531913478536,
              13.084614926490001
            ],
            [
              80.20524575037652,
              13.084614926490001
            ],
            [
              80.2052495951426,
              13.0847142451337
            ],
            [
              80.20531913478536,
              13.084711658343785
            ]
          ]
        ]
      }
    },
    {
      "type": "Feature",
      "properties": {
        "unit_id": "B011-F02-U04",
        "floor_id": "B011-F02",
        "building_id": "B011",
        "parcel_id": "P000011",
        "demo_ulpin": "DEMO-TN-CHN-000011",
        "property_3d_id": "3D-CHN-P000011-B011-F02-U04",
        "area_sqm": 75.0,
        "z_min": 3.2,
        "z_max": 6.4,
        "height": 3.2,
        "volume_m3": 240.0,
        "data_status": "DEMO / SYNTHETIC"
      },
      "geometry": {
        "type": "Polygon",
        "coordinates": [
          [
            [
              80.20539251913851,
              13.084614926490001
            ],
            [
              80.20531913478536,
              13.084614926490001
            ],
            [
              80.20531913478536,
              13.084711658343785
            ],
            [
              80.2053961529144,
              13.0847087933633
            ],
            [
              80.20539251913851,
              13.084614926490001
            ]
          ]
        ]
      }
    },
    {
      "type": "Feature",
      "properties": {
        "unit_id": "B012-F01-U01",
        "floor_id": "B012-F01",
        "building_id": "B012",
        "parcel_id": "P000012",
        "demo_ulpin": "DEMO-TN-CHN-000012",
        "property_3d_id": "3D-CHN-P000012-B012-F01-U01",
        "area_sqm": 75.0,
        "z_min": 0.0,
        "z_max": 3.2,
        "height": 3.2,
        "volume_m3": 240.0,
        "data_status": "DEMO / SYNTHETIC"
      },
      "geometry": {
        "type": "Polygon",
        "coordinates": [
          [
            [
              80.20466576119603,
              13.085366751001299
            ],
            [
              80.2047343964093,
              13.085366751001299
            ],
            [
              80.2047343964093,
              13.085280384851536
            ],
            [
              80.2046626809647,
              13.0852829168438
            ],
            [
              80.20466576119603,
              13.085366751001299
            ]
          ]
        ]
      }
    },
    {
      "type": "Feature",
      "properties": {
        "unit_id": "B012-F01-U02",
        "floor_id": "B012-F01",
        "building_id": "B012",
        "parcel_id": "P000012",
        "demo_ulpin": "DEMO-TN-CHN-000012",
        "property_3d_id": "3D-CHN-P000012-B012-F01-U02",
        "area_sqm": 75.0,
        "z_min": 0.0,
        "z_max": 3.2,
        "height": 3.2,
        "volume_m3": 240.0,
        "data_status": "DEMO / SYNTHETIC"
      },
      "geometry": {
        "type": "Polygon",
        "coordinates": [
          [
            [
              80.2047997734573,
              13.0852780766433
            ],
            [
              80.2047343964093,
              13.085280384851536
            ],
            [
              80.2047343964093,
              13.085366751001299
            ],
            [
              80.20480303157612,
              13.085366751001299
            ],
            [
              80.2047997734573,
              13.0852780766433
            ]
          ]
        ]
      }
    },
    {
      "type": "Feature",
      "properties": {
        "unit_id": "B012-F01-U03",
        "floor_id": "B012-F01",
        "building_id": "B012",
        "parcel_id": "P000012",
        "demo_ulpin": "DEMO-TN-CHN-000012",
        "property_3d_id": "3D-CHN-P000012-B012-F01-U03",
        "area_sqm": 75.0,
        "z_min": 0.0,
        "z_max": 3.2,
        "height": 3.2,
        "volume_m3": 240.0,
        "data_status": "DEMO / SYNTHETIC"
      },
      "geometry": {
        "type": "Polygon",
        "coordinates": [
          [
            [
              80.2047343964093,
              13.085453117150445
            ],
            [
              80.2047343964093,
              13.085366751001299
            ],
            [
              80.20466576119603,
              13.085366751001299
            ],
            [
              80.20466901926581,
              13.0854554253593
            ],
            [
              80.2047343964093,
              13.085453117150445
            ]
          ]
        ]
      }
    },
    {
      "type": "Feature",
      "properties": {
        "unit_id": "B012-F01-U04",
        "floor_id": "B012-F01",
        "building_id": "B012",
        "parcel_id": "P000012",
        "demo_ulpin": "DEMO-TN-CHN-000012",
        "property_3d_id": "3D-CHN-P000012-B012-F01-U04",
        "area_sqm": 75.0,
        "z_min": 0.0,
        "z_max": 3.2,
        "height": 3.2,
        "volume_m3": 240.0,
        "data_status": "DEMO / SYNTHETIC"
      },
      "geometry": {
        "type": "Polygon",
        "coordinates": [
          [
            [
              80.20480303157612,
              13.085366751001299
            ],
            [
              80.2047343964093,
              13.085366751001299
            ],
            [
              80.2047343964093,
              13.085453117150445
            ],
            [
              80.2048061118539,
              13.085450585161201
            ],
            [
              80.20480303157612,
              13.085366751001299
            ]
          ]
        ]
      }
    },
    {
      "type": "Feature",
      "properties": {
        "unit_id": "B012-F02-U01",
        "floor_id": "B012-F02",
        "building_id": "B012",
        "parcel_id": "P000012",
        "demo_ulpin": "DEMO-TN-CHN-000012",
        "property_3d_id": "3D-CHN-P000012-B012-F02-U01",
        "area_sqm": 75.0,
        "z_min": 3.2,
        "z_max": 6.4,
        "height": 3.2,
        "volume_m3": 240.0,
        "data_status": "DEMO / SYNTHETIC"
      },
      "geometry": {
        "type": "Polygon",
        "coordinates": [
          [
            [
              80.20466576119603,
              13.085366751001299
            ],
            [
              80.2047343964093,
              13.085366751001299
            ],
            [
              80.2047343964093,
              13.085280384851536
            ],
            [
              80.2046626809647,
              13.0852829168438
            ],
            [
              80.20466576119603,
              13.085366751001299
            ]
          ]
        ]
      }
    },
    {
      "type": "Feature",
      "properties": {
        "unit_id": "B012-F02-U02",
        "floor_id": "B012-F02",
        "building_id": "B012",
        "parcel_id": "P000012",
        "demo_ulpin": "DEMO-TN-CHN-000012",
        "property_3d_id": "3D-CHN-P000012-B012-F02-U02",
        "area_sqm": 75.0,
        "z_min": 3.2,
        "z_max": 6.4,
        "height": 3.2,
        "volume_m3": 240.0,
        "data_status": "DEMO / SYNTHETIC"
      },
      "geometry": {
        "type": "Polygon",
        "coordinates": [
          [
            [
              80.2047997734573,
              13.0852780766433
            ],
            [
              80.2047343964093,
              13.085280384851536
            ],
            [
              80.2047343964093,
              13.085366751001299
            ],
            [
              80.20480303157612,
              13.085366751001299
            ],
            [
              80.2047997734573,
              13.0852780766433
            ]
          ]
        ]
      }
    },
    {
      "type": "Feature",
      "properties": {
        "unit_id": "B012-F02-U03",
        "floor_id": "B012-F02",
        "building_id": "B012",
        "parcel_id": "P000012",
        "demo_ulpin": "DEMO-TN-CHN-000012",
        "property_3d_id": "3D-CHN-P000012-B012-F02-U03",
        "area_sqm": 75.0,
        "z_min": 3.2,
        "z_max": 6.4,
        "height": 3.2,
        "volume_m3": 240.0,
        "data_status": "DEMO / SYNTHETIC"
      },
      "geometry": {
        "type": "Polygon",
        "coordinates": [
          [
            [
              80.2047343964093,
              13.085453117150445
            ],
            [
              80.2047343964093,
              13.085366751001299
            ],
            [
              80.20466576119603,
              13.085366751001299
            ],
            [
              80.20466901926581,
              13.0854554253593
            ],
            [
              80.2047343964093,
              13.085453117150445
            ]
          ]
        ]
      }
    },
    {
      "type": "Feature",
      "properties": {
        "unit_id": "B012-F02-U04",
        "floor_id": "B012-F02",
        "building_id": "B012",
        "parcel_id": "P000012",
        "demo_ulpin": "DEMO-TN-CHN-000012",
        "property_3d_id": "3D-CHN-P000012-B012-F02-U04",
        "area_sqm": 75.0,
        "z_min": 3.2,
        "z_max": 6.4,
        "height": 3.2,
        "volume_m3": 240.0,
        "data_status": "DEMO / SYNTHETIC"
      },
      "geometry": {
        "type": "Polygon",
        "coordinates": [
          [
            [
              80.20480303157612,
              13.085366751001299
            ],
            [
              80.2047343964093,
              13.085366751001299
            ],
            [
              80.2047343964093,
              13.085453117150445
            ],
            [
              80.2048061118539,
              13.085450585161201
            ],
            [
              80.20480303157612,
              13.085366751001299
            ]
          ]
        ]
      }
    },
    {
      "type": "Feature",
      "properties": {
        "unit_id": "B012-F03-U01",
        "floor_id": "B012-F03",
        "building_id": "B012",
        "parcel_id": "P000012",
        "demo_ulpin": "DEMO-TN-CHN-000012",
        "property_3d_id": "3D-CHN-P000012-B012-F03-U01",
        "area_sqm": 75.0,
        "z_min": 6.4,
        "z_max": 9.600000000000001,
        "height": 3.200000000000001,
        "volume_m3": 240.00000000000009,
        "data_status": "DEMO / SYNTHETIC"
      },
      "geometry": {
        "type": "Polygon",
        "coordinates": [
          [
            [
              80.20466576119603,
              13.085366751001299
            ],
            [
              80.2047343964093,
              13.085366751001299
            ],
            [
              80.2047343964093,
              13.085280384851536
            ],
            [
              80.2046626809647,
              13.0852829168438
            ],
            [
              80.20466576119603,
              13.085366751001299
            ]
          ]
        ]
      }
    },
    {
      "type": "Feature",
      "properties": {
        "unit_id": "B012-F03-U02",
        "floor_id": "B012-F03",
        "building_id": "B012",
        "parcel_id": "P000012",
        "demo_ulpin": "DEMO-TN-CHN-000012",
        "property_3d_id": "3D-CHN-P000012-B012-F03-U02",
        "area_sqm": 75.0,
        "z_min": 6.4,
        "z_max": 9.600000000000001,
        "height": 3.200000000000001,
        "volume_m3": 240.00000000000009,
        "data_status": "DEMO / SYNTHETIC"
      },
      "geometry": {
        "type": "Polygon",
        "coordinates": [
          [
            [
              80.2047997734573,
              13.0852780766433
            ],
            [
              80.2047343964093,
              13.085280384851536
            ],
            [
              80.2047343964093,
              13.085366751001299
            ],
            [
              80.20480303157612,
              13.085366751001299
            ],
            [
              80.2047997734573,
              13.0852780766433
            ]
          ]
        ]
      }
    },
    {
      "type": "Feature",
      "properties": {
        "unit_id": "B012-F03-U03",
        "floor_id": "B012-F03",
        "building_id": "B012",
        "parcel_id": "P000012",
        "demo_ulpin": "DEMO-TN-CHN-000012",
        "property_3d_id": "3D-CHN-P000012-B012-F03-U03",
        "area_sqm": 75.0,
        "z_min": 6.4,
        "z_max": 9.600000000000001,
        "height": 3.200000000000001,
        "volume_m3": 240.00000000000009,
        "data_status": "DEMO / SYNTHETIC"
      },
      "geometry": {
        "type": "Polygon",
        "coordinates": [
          [
            [
              80.2047343964093,
              13.085453117150445
            ],
            [
              80.2047343964093,
              13.085366751001299
            ],
            [
              80.20466576119603,
              13.085366751001299
            ],
            [
              80.20466901926581,
              13.0854554253593
            ],
            [
              80.2047343964093,
              13.085453117150445
            ]
          ]
        ]
      }
    },
    {
      "type": "Feature",
      "properties": {
        "unit_id": "B012-F03-U04",
        "floor_id": "B012-F03",
        "building_id": "B012",
        "parcel_id": "P000012",
        "demo_ulpin": "DEMO-TN-CHN-000012",
        "property_3d_id": "3D-CHN-P000012-B012-F03-U04",
        "area_sqm": 75.0,
        "z_min": 6.4,
        "z_max": 9.600000000000001,
        "height": 3.200000000000001,
        "volume_m3": 240.00000000000009,
        "data_status": "DEMO / SYNTHETIC"
      },
      "geometry": {
        "type": "Polygon",
        "coordinates": [
          [
            [
              80.20480303157612,
              13.085366751001299
            ],
            [
              80.2047343964093,
              13.085366751001299
            ],
            [
              80.2047343964093,
              13.085453117150445
            ],
            [
              80.2048061118539,
              13.085450585161201
            ],
            [
              80.20480303157612,
              13.085366751001299
            ]
          ]
        ]
      }
    },
    {
      "type": "Feature",
      "properties": {
        "unit_id": "B012-F04-U01",
        "floor_id": "B012-F04",
        "building_id": "B012",
        "parcel_id": "P000012",
        "demo_ulpin": "DEMO-TN-CHN-000012",
        "property_3d_id": "3D-CHN-P000012-B012-F04-U01",
        "area_sqm": 75.0,
        "z_min": 9.600000000000001,
        "z_max": 12.8,
        "height": 3.1999999999999993,
        "volume_m3": 239.99999999999994,
        "data_status": "DEMO / SYNTHETIC"
      },
      "geometry": {
        "type": "Polygon",
        "coordinates": [
          [
            [
              80.20466576119603,
              13.085366751001299
            ],
            [
              80.2047343964093,
              13.085366751001299
            ],
            [
              80.2047343964093,
              13.085280384851536
            ],
            [
              80.2046626809647,
              13.0852829168438
            ],
            [
              80.20466576119603,
              13.085366751001299
            ]
          ]
        ]
      }
    },
    {
      "type": "Feature",
      "properties": {
        "unit_id": "B012-F04-U02",
        "floor_id": "B012-F04",
        "building_id": "B012",
        "parcel_id": "P000012",
        "demo_ulpin": "DEMO-TN-CHN-000012",
        "property_3d_id": "3D-CHN-P000012-B012-F04-U02",
        "area_sqm": 75.0,
        "z_min": 9.600000000000001,
        "z_max": 12.8,
        "height": 3.1999999999999993,
        "volume_m3": 239.99999999999994,
        "data_status": "DEMO / SYNTHETIC"
      },
      "geometry": {
        "type": "Polygon",
        "coordinates": [
          [
            [
              80.2047997734573,
              13.0852780766433
            ],
            [
              80.2047343964093,
              13.085280384851536
            ],
            [
              80.2047343964093,
              13.085366751001299
            ],
            [
              80.20480303157612,
              13.085366751001299
            ],
            [
              80.2047997734573,
              13.0852780766433
            ]
          ]
        ]
      }
    },
    {
      "type": "Feature",
      "properties": {
        "unit_id": "B012-F04-U03",
        "floor_id": "B012-F04",
        "building_id": "B012",
        "parcel_id": "P000012",
        "demo_ulpin": "DEMO-TN-CHN-000012",
        "property_3d_id": "3D-CHN-P000012-B012-F04-U03",
        "area_sqm": 75.0,
        "z_min": 9.600000000000001,
        "z_max": 12.8,
        "height": 3.1999999999999993,
        "volume_m3": 239.99999999999994,
        "data_status": "DEMO / SYNTHETIC"
      },
      "geometry": {
        "type": "Polygon",
        "coordinates": [
          [
            [
              80.2047343964093,
              13.085453117150445
            ],
            [
              80.2047343964093,
              13.085366751001299
            ],
            [
              80.20466576119603,
              13.085366751001299
            ],
            [
              80.20466901926581,
              13.0854554253593
            ],
            [
              80.2047343964093,
              13.085453117150445
            ]
          ]
        ]
      }
    },
    {
      "type": "Feature",
      "properties": {
        "unit_id": "B012-F04-U04",
        "floor_id": "B012-F04",
        "building_id": "B012",
        "parcel_id": "P000012",
        "demo_ulpin": "DEMO-TN-CHN-000012",
        "property_3d_id": "3D-CHN-P000012-B012-F04-U04",
        "area_sqm": 75.0,
        "z_min": 9.600000000000001,
        "z_max": 12.8,
        "height": 3.1999999999999993,
        "volume_m3": 239.99999999999994,
        "data_status": "DEMO / SYNTHETIC"
      },
      "geometry": {
        "type": "Polygon",
        "coordinates": [
          [
            [
              80.20480303157612,
              13.085366751001299
            ],
            [
              80.2047343964093,
              13.085366751001299
            ],
            [
              80.2047343964093,
              13.085453117150445
            ],
            [
              80.2048061118539,
              13.085450585161201
            ],
            [
              80.20480303157612,
              13.085366751001299
            ]
          ]
        ]
      }
    },
    {
      "type": "Feature",
      "properties": {
        "unit_id": "B013-F01-U01",
        "floor_id": "B013-F01",
        "building_id": "B013",
        "parcel_id": "P000013",
        "demo_ulpin": "DEMO-TN-CHN-000013",
        "property_3d_id": "3D-CHN-P000013-B013-F01-U01",
        "area_sqm": 75.0,
        "z_min": 0.0,
        "z_max": 3.2,
        "height": 3.2,
        "volume_m3": 240.0,
        "data_status": "DEMO / SYNTHETIC"
      },
      "geometry": {
        "type": "Polygon",
        "coordinates": [
          [
            [
              80.20434048306844,
              13.0846629498487
            ],
            [
              80.2044268830671,
              13.0846629498487
            ],
            [
              80.2044268830671,
              13.084576163984863
            ],
            [
              80.20434408306521,
              13.0845729498507
            ],
            [
              80.20434048306844,
              13.0846629498487
            ]
          ]
        ]
      }
    },
    {
      "type": "Feature",
      "properties": {
        "unit_id": "B013-F01-U02",
        "floor_id": "B013-F01",
        "building_id": "B013",
        "parcel_id": "P000013",
        "demo_ulpin": "DEMO-TN-CHN-000013",
        "property_3d_id": "3D-CHN-P000013-B013-F01-U02",
        "area_sqm": 75.0,
        "z_min": 0.0,
        "z_max": 3.2,
        "height": 3.2,
        "volume_m3": 240.0,
        "data_status": "DEMO / SYNTHETIC"
      },
      "geometry": {
        "type": "Polygon",
        "coordinates": [
          [
            [
              80.2044268830671,
              13.084576163984863
            ],
            [
              80.2044268830671,
              13.0846629498487
            ],
            [
              80.20451332565827,
              13.0846629498487
            ],
            [
              80.2045166830629,
              13.0845796498451
            ],
            [
              80.2044268830671,
              13.084576163984863
            ]
          ]
        ]
      }
    },
    {
      "type": "Feature",
      "properties": {
        "unit_id": "B013-F01-U03",
        "floor_id": "B013-F01",
        "building_id": "B013",
        "parcel_id": "P000013",
        "demo_ulpin": "DEMO-TN-CHN-000013",
        "property_3d_id": "3D-CHN-P000013-B013-F01-U03",
        "area_sqm": 75.0,
        "z_min": 0.0,
        "z_max": 3.2,
        "height": 3.2,
        "volume_m3": 240.0,
        "data_status": "DEMO / SYNTHETIC"
      },
      "geometry": {
        "type": "Polygon",
        "coordinates": [
          [
            [
              80.2044268830671,
              13.0847514358727
            ],
            [
              80.2044268830671,
              13.0846629498487
            ],
            [
              80.20434048306844,
              13.0846629498487
            ],
            [
              80.20433708307131,
              13.0847479498509
            ],
            [
              80.2044268830671,
              13.0847514358727
            ]
          ]
        ]
      }
    },
    {
      "type": "Feature",
      "properties": {
        "unit_id": "B013-F01-U04",
        "floor_id": "B013-F01",
        "building_id": "B013",
        "parcel_id": "P000013",
        "demo_ulpin": "DEMO-TN-CHN-000013",
        "property_3d_id": "3D-CHN-P000013-B013-F01-U04",
        "area_sqm": 75.0,
        "z_min": 0.0,
        "z_max": 3.2,
        "height": 3.2,
        "volume_m3": 240.0,
        "data_status": "DEMO / SYNTHETIC"
      },
      "geometry": {
        "type": "Polygon",
        "coordinates": [
          [
            [
              80.2044691830667,
              13.0846697498466
            ],
            [
              80.20451298306611,
              13.0846714498452
            ],
            [
              80.20451332565827,
              13.0846629498487
            ],
            [
              80.2044268830671,
              13.0846629498487
            ],
            [
              80.2044268830671,
              13.0847514358727
            ],
            [
              80.2044658830696,
              13.0847529498467
            ],
            [
              80.2044691830667,
              13.0846697498466
            ]
          ]
        ]
      }
    },
    {
      "type": "Feature",
      "properties": {
        "unit_id": "B013-F02-U01",
        "floor_id": "B013-F02",
        "building_id": "B013",
        "parcel_id": "P000013",
        "demo_ulpin": "DEMO-TN-CHN-000013",
        "property_3d_id": "3D-CHN-P000013-B013-F02-U01",
        "area_sqm": 75.0,
        "z_min": 3.2,
        "z_max": 6.4,
        "height": 3.2,
        "volume_m3": 240.0,
        "data_status": "DEMO / SYNTHETIC"
      },
      "geometry": {
        "type": "Polygon",
        "coordinates": [
          [
            [
              80.20434048306844,
              13.0846629498487
            ],
            [
              80.2044268830671,
              13.0846629498487
            ],
            [
              80.2044268830671,
              13.084576163984863
            ],
            [
              80.20434408306521,
              13.0845729498507
            ],
            [
              80.20434048306844,
              13.0846629498487
            ]
          ]
        ]
      }
    },
    {
      "type": "Feature",
      "properties": {
        "unit_id": "B013-F02-U02",
        "floor_id": "B013-F02",
        "building_id": "B013",
        "parcel_id": "P000013",
        "demo_ulpin": "DEMO-TN-CHN-000013",
        "property_3d_id": "3D-CHN-P000013-B013-F02-U02",
        "area_sqm": 75.0,
        "z_min": 3.2,
        "z_max": 6.4,
        "height": 3.2,
        "volume_m3": 240.0,
        "data_status": "DEMO / SYNTHETIC"
      },
      "geometry": {
        "type": "Polygon",
        "coordinates": [
          [
            [
              80.2044268830671,
              13.084576163984863
            ],
            [
              80.2044268830671,
              13.0846629498487
            ],
            [
              80.20451332565827,
              13.0846629498487
            ],
            [
              80.2045166830629,
              13.0845796498451
            ],
            [
              80.2044268830671,
              13.084576163984863
            ]
          ]
        ]
      }
    },
    {
      "type": "Feature",
      "properties": {
        "unit_id": "B013-F02-U03",
        "floor_id": "B013-F02",
        "building_id": "B013",
        "parcel_id": "P000013",
        "demo_ulpin": "DEMO-TN-CHN-000013",
        "property_3d_id": "3D-CHN-P000013-B013-F02-U03",
        "area_sqm": 75.0,
        "z_min": 3.2,
        "z_max": 6.4,
        "height": 3.2,
        "volume_m3": 240.0,
        "data_status": "DEMO / SYNTHETIC"
      },
      "geometry": {
        "type": "Polygon",
        "coordinates": [
          [
            [
              80.2044268830671,
              13.0847514358727
            ],
            [
              80.2044268830671,
              13.0846629498487
            ],
            [
              80.20434048306844,
              13.0846629498487
            ],
            [
              80.20433708307131,
              13.0847479498509
            ],
            [
              80.2044268830671,
              13.0847514358727
            ]
          ]
        ]
      }
    },
    {
      "type": "Feature",
      "properties": {
        "unit_id": "B013-F02-U04",
        "floor_id": "B013-F02",
        "building_id": "B013",
        "parcel_id": "P000013",
        "demo_ulpin": "DEMO-TN-CHN-000013",
        "property_3d_id": "3D-CHN-P000013-B013-F02-U04",
        "area_sqm": 75.0,
        "z_min": 3.2,
        "z_max": 6.4,
        "height": 3.2,
        "volume_m3": 240.0,
        "data_status": "DEMO / SYNTHETIC"
      },
      "geometry": {
        "type": "Polygon",
        "coordinates": [
          [
            [
              80.2044691830667,
              13.0846697498466
            ],
            [
              80.20451298306611,
              13.0846714498452
            ],
            [
              80.20451332565827,
              13.0846629498487
            ],
            [
              80.2044268830671,
              13.0846629498487
            ],
            [
              80.2044268830671,
              13.0847514358727
            ],
            [
              80.2044658830696,
              13.0847529498467
            ],
            [
              80.2044691830667,
              13.0846697498466
            ]
          ]
        ]
      }
    },
    {
      "type": "Feature",
      "properties": {
        "unit_id": "B014-F01-U01",
        "floor_id": "B014-F01",
        "building_id": "B014",
        "parcel_id": "P000014",
        "demo_ulpin": "DEMO-TN-CHN-000014",
        "property_3d_id": "3D-CHN-P000014-B014-F01-U01",
        "area_sqm": 75.0,
        "z_min": 0.0,
        "z_max": 3.2,
        "height": 3.2,
        "volume_m3": 240.0,
        "data_status": "DEMO / SYNTHETIC"
      },
      "geometry": {
        "type": "Polygon",
        "coordinates": [
          [
            [
              80.20472567016935,
              13.08432119982775
            ],
            [
              80.20478978304536,
              13.08432119982775
            ],
            [
              80.20478978304536,
              13.084260739300873
            ],
            [
              80.2047291830448,
              13.0842575498291
            ],
            [
              80.20472567016935,
              13.08432119982775
            ]
          ]
        ]
      }
    },
    {
      "type": "Feature",
      "properties": {
        "unit_id": "B014-F01-U02",
        "floor_id": "B014-F01",
        "building_id": "B014",
        "parcel_id": "P000014",
        "demo_ulpin": "DEMO-TN-CHN-000014",
        "property_3d_id": "3D-CHN-P000014-B014-F01-U02",
        "area_sqm": 75.0,
        "z_min": 0.0,
        "z_max": 3.2,
        "height": 3.2,
        "volume_m3": 240.0,
        "data_status": "DEMO / SYNTHETIC"
      },
      "geometry": {
        "type": "Polygon",
        "coordinates": [
          [
            [
              80.2048545830432,
              13.084264149825
            ],
            [
              80.20478978304536,
              13.084260739300873
            ],
            [
              80.20478978304536,
              13.08432119982775
            ],
            [
              80.20485143442485,
              13.08432119982775
            ],
            [
              80.2048545830432,
              13.084264149825
            ]
          ]
        ]
      }
    },
    {
      "type": "Feature",
      "properties": {
        "unit_id": "B014-F01-U03",
        "floor_id": "B014-F01",
        "building_id": "B014",
        "parcel_id": "P000014",
        "demo_ulpin": "DEMO-TN-CHN-000014",
        "property_3d_id": "3D-CHN-P000014-B014-F01-U03",
        "area_sqm": 75.0,
        "z_min": 0.0,
        "z_max": 3.2,
        "height": 3.2,
        "volume_m3": 240.0,
        "data_status": "DEMO / SYNTHETIC"
      },
      "geometry": {
        "type": "Polygon",
        "coordinates": [
          [
            [
              80.2047562830471,
              13.0843353498283
            ],
            [
              80.2047537830487,
              13.0843817498283
            ],
            [
              80.20478978304536,
              13.084383657519284
            ],
            [
              80.20478978304536,
              13.08432119982775
            ],
            [
              80.20472567016935,
              13.08432119982775
            ],
            [
              80.2047249830475,
              13.0843336498293
            ],
            [
              80.2047562830471,
              13.0843353498283
            ]
          ]
        ]
      }
    },
    {
      "type": "Feature",
      "properties": {
        "unit_id": "B014-F01-U04",
        "floor_id": "B014-F01",
        "building_id": "B014",
        "parcel_id": "P000014",
        "demo_ulpin": "DEMO-TN-CHN-000014",
        "property_3d_id": "3D-CHN-P000014-B014-F01-U04",
        "area_sqm": 75.0,
        "z_min": 0.0,
        "z_max": 3.2,
        "height": 3.2,
        "volume_m3": 240.0,
        "data_status": "DEMO / SYNTHETIC"
      },
      "geometry": {
        "type": "Polygon",
        "coordinates": [
          [
            [
              80.2048147830463,
              13.0843383498263
            ],
            [
              80.20485038304591,
              13.0843402498252
            ],
            [
              80.20485143442485,
              13.08432119982775
            ],
            [
              80.20478978304536,
              13.08432119982775
            ],
            [
              80.20478978304536,
              13.084383657519284
            ],
            [
              80.204812283048,
              13.0843848498264
            ],
            [
              80.2048147830463,
              13.0843383498263
            ]
          ]
        ]
      }
    },
    {
      "type": "Feature",
      "properties": {
        "unit_id": "B014-F02-U01",
        "floor_id": "B014-F02",
        "building_id": "B014",
        "parcel_id": "P000014",
        "demo_ulpin": "DEMO-TN-CHN-000014",
        "property_3d_id": "3D-CHN-P000014-B014-F02-U01",
        "area_sqm": 75.0,
        "z_min": 3.2,
        "z_max": 6.4,
        "height": 3.2,
        "volume_m3": 240.0,
        "data_status": "DEMO / SYNTHETIC"
      },
      "geometry": {
        "type": "Polygon",
        "coordinates": [
          [
            [
              80.20472567016935,
              13.08432119982775
            ],
            [
              80.20478978304536,
              13.08432119982775
            ],
            [
              80.20478978304536,
              13.084260739300873
            ],
            [
              80.2047291830448,
              13.0842575498291
            ],
            [
              80.20472567016935,
              13.08432119982775
            ]
          ]
        ]
      }
    },
    {
      "type": "Feature",
      "properties": {
        "unit_id": "B014-F02-U02",
        "floor_id": "B014-F02",
        "building_id": "B014",
        "parcel_id": "P000014",
        "demo_ulpin": "DEMO-TN-CHN-000014",
        "property_3d_id": "3D-CHN-P000014-B014-F02-U02",
        "area_sqm": 75.0,
        "z_min": 3.2,
        "z_max": 6.4,
        "height": 3.2,
        "volume_m3": 240.0,
        "data_status": "DEMO / SYNTHETIC"
      },
      "geometry": {
        "type": "Polygon",
        "coordinates": [
          [
            [
              80.2048545830432,
              13.084264149825
            ],
            [
              80.20478978304536,
              13.084260739300873
            ],
            [
              80.20478978304536,
              13.08432119982775
            ],
            [
              80.20485143442485,
              13.08432119982775
            ],
            [
              80.2048545830432,
              13.084264149825
            ]
          ]
        ]
      }
    },
    {
      "type": "Feature",
      "properties": {
        "unit_id": "B014-F02-U03",
        "floor_id": "B014-F02",
        "building_id": "B014",
        "parcel_id": "P000014",
        "demo_ulpin": "DEMO-TN-CHN-000014",
        "property_3d_id": "3D-CHN-P000014-B014-F02-U03",
        "area_sqm": 75.0,
        "z_min": 3.2,
        "z_max": 6.4,
        "height": 3.2,
        "volume_m3": 240.0,
        "data_status": "DEMO / SYNTHETIC"
      },
      "geometry": {
        "type": "Polygon",
        "coordinates": [
          [
            [
              80.2047562830471,
              13.0843353498283
            ],
            [
              80.2047537830487,
              13.0843817498283
            ],
            [
              80.20478978304536,
              13.084383657519284
            ],
            [
              80.20478978304536,
              13.08432119982775
            ],
            [
              80.20472567016935,
              13.08432119982775
            ],
            [
              80.2047249830475,
              13.0843336498293
            ],
            [
              80.2047562830471,
              13.0843353498283
            ]
          ]
        ]
      }
    },
    {
      "type": "Feature",
      "properties": {
        "unit_id": "B014-F02-U04",
        "floor_id": "B014-F02",
        "building_id": "B014",
        "parcel_id": "P000014",
        "demo_ulpin": "DEMO-TN-CHN-000014",
        "property_3d_id": "3D-CHN-P000014-B014-F02-U04",
        "area_sqm": 75.0,
        "z_min": 3.2,
        "z_max": 6.4,
        "height": 3.2,
        "volume_m3": 240.0,
        "data_status": "DEMO / SYNTHETIC"
      },
      "geometry": {
        "type": "Polygon",
        "coordinates": [
          [
            [
              80.2048147830463,
              13.0843383498263
            ],
            [
              80.20485038304591,
              13.0843402498252
            ],
            [
              80.20485143442485,
              13.08432119982775
            ],
            [
              80.20478978304536,
              13.08432119982775
            ],
            [
              80.20478978304536,
              13.084383657519284
            ],
            [
              80.204812283048,
              13.0843848498264
            ],
            [
              80.2048147830463,
              13.0843383498263
            ]
          ]
        ]
      }
    },
    {
      "type": "Feature",
      "properties": {
        "unit_id": "B014-F03-U01",
        "floor_id": "B014-F03",
        "building_id": "B014",
        "parcel_id": "P000014",
        "demo_ulpin": "DEMO-TN-CHN-000014",
        "property_3d_id": "3D-CHN-P000014-B014-F03-U01",
        "area_sqm": 75.0,
        "z_min": 6.4,
        "z_max": 9.600000000000001,
        "height": 3.200000000000001,
        "volume_m3": 240.00000000000009,
        "data_status": "DEMO / SYNTHETIC"
      },
      "geometry": {
        "type": "Polygon",
        "coordinates": [
          [
            [
              80.20472567016935,
              13.08432119982775
            ],
            [
              80.20478978304536,
              13.08432119982775
            ],
            [
              80.20478978304536,
              13.084260739300873
            ],
            [
              80.2047291830448,
              13.0842575498291
            ],
            [
              80.20472567016935,
              13.08432119982775
            ]
          ]
        ]
      }
    },
    {
      "type": "Feature",
      "properties": {
        "unit_id": "B014-F03-U02",
        "floor_id": "B014-F03",
        "building_id": "B014",
        "parcel_id": "P000014",
        "demo_ulpin": "DEMO-TN-CHN-000014",
        "property_3d_id": "3D-CHN-P000014-B014-F03-U02",
        "area_sqm": 75.0,
        "z_min": 6.4,
        "z_max": 9.600000000000001,
        "height": 3.200000000000001,
        "volume_m3": 240.00000000000009,
        "data_status": "DEMO / SYNTHETIC"
      },
      "geometry": {
        "type": "Polygon",
        "coordinates": [
          [
            [
              80.2048545830432,
              13.084264149825
            ],
            [
              80.20478978304536,
              13.084260739300873
            ],
            [
              80.20478978304536,
              13.08432119982775
            ],
            [
              80.20485143442485,
              13.08432119982775
            ],
            [
              80.2048545830432,
              13.084264149825
            ]
          ]
        ]
      }
    },
    {
      "type": "Feature",
      "properties": {
        "unit_id": "B014-F03-U03",
        "floor_id": "B014-F03",
        "building_id": "B014",
        "parcel_id": "P000014",
        "demo_ulpin": "DEMO-TN-CHN-000014",
        "property_3d_id": "3D-CHN-P000014-B014-F03-U03",
        "area_sqm": 75.0,
        "z_min": 6.4,
        "z_max": 9.600000000000001,
        "height": 3.200000000000001,
        "volume_m3": 240.00000000000009,
        "data_status": "DEMO / SYNTHETIC"
      },
      "geometry": {
        "type": "Polygon",
        "coordinates": [
          [
            [
              80.2047562830471,
              13.0843353498283
            ],
            [
              80.2047537830487,
              13.0843817498283
            ],
            [
              80.20478978304536,
              13.084383657519284
            ],
            [
              80.20478978304536,
              13.08432119982775
            ],
            [
              80.20472567016935,
              13.08432119982775
            ],
            [
              80.2047249830475,
              13.0843336498293
            ],
            [
              80.2047562830471,
              13.0843353498283
            ]
          ]
        ]
      }
    },
    {
      "type": "Feature",
      "properties": {
        "unit_id": "B014-F03-U04",
        "floor_id": "B014-F03",
        "building_id": "B014",
        "parcel_id": "P000014",
        "demo_ulpin": "DEMO-TN-CHN-000014",
        "property_3d_id": "3D-CHN-P000014-B014-F03-U04",
        "area_sqm": 75.0,
        "z_min": 6.4,
        "z_max": 9.600000000000001,
        "height": 3.200000000000001,
        "volume_m3": 240.00000000000009,
        "data_status": "DEMO / SYNTHETIC"
      },
      "geometry": {
        "type": "Polygon",
        "coordinates": [
          [
            [
              80.2048147830463,
              13.0843383498263
            ],
            [
              80.20485038304591,
              13.0843402498252
            ],
            [
              80.20485143442485,
              13.08432119982775
            ],
            [
              80.20478978304536,
              13.08432119982775
            ],
            [
              80.20478978304536,
              13.084383657519284
            ],
            [
              80.204812283048,
              13.0843848498264
            ],
            [
              80.2048147830463,
              13.0843383498263
            ]
          ]
        ]
      }
    },
    {
      "type": "Feature",
      "properties": {
        "unit_id": "B015-F01-U01",
        "floor_id": "B015-F01",
        "building_id": "B015",
        "parcel_id": "P000015",
        "demo_ulpin": "DEMO-TN-CHN-000015",
        "property_3d_id": "3D-CHN-P000015-B015-F01-U01",
        "area_sqm": 75.0,
        "z_min": 0.0,
        "z_max": 3.2,
        "height": 3.2,
        "volume_m3": 240.0,
        "data_status": "DEMO / SYNTHETIC"
      },
      "geometry": {
        "type": "Polygon",
        "coordinates": [
          [
            [
              80.20528990012501,
              13.0853262628483
            ],
            [
              80.2052886713347,
              13.0853066488292
            ],
            [
              80.2052537236098,
              13.0853087526738
            ],
            [
              80.20525807177725,
              13.08537815850235
            ],
            [
              80.20529904864165,
              13.08537815850235
            ],
            [
              80.20529904864165,
              13.085325712108386
            ],
            [
              80.20528990012501,
              13.0853262628483
            ]
          ]
        ]
      }
    },
    {
      "type": "Feature",
      "properties": {
        "unit_id": "B015-F01-U02",
        "floor_id": "B015-F01",
        "building_id": "B015",
        "parcel_id": "P000015",
        "demo_ulpin": "DEMO-TN-CHN-000015",
        "property_3d_id": "3D-CHN-P000015-B015-F01-U02",
        "area_sqm": 75.0,
        "z_min": 0.0,
        "z_max": 3.2,
        "height": 3.2,
        "volume_m3": 240.0,
        "data_status": "DEMO / SYNTHETIC"
      },
      "geometry": {
        "type": "Polygon",
        "coordinates": [
          [
            [
              80.20533677428341,
              13.085323441028
            ],
            [
              80.20529904864165,
              13.085325712108386
            ],
            [
              80.20529904864165,
              13.08537815850235
            ],
            [
              80.20534020226656,
              13.08537815850235
            ],
            [
              80.20533677428341,
              13.085323441028
            ]
          ]
        ]
      }
    },
    {
      "type": "Feature",
      "properties": {
        "unit_id": "B015-F01-U03",
        "floor_id": "B015-F01",
        "building_id": "B015",
        "parcel_id": "P000015",
        "demo_ulpin": "DEMO-TN-CHN-000015",
        "property_3d_id": "3D-CHN-P000015-B015-F01-U03",
        "area_sqm": 75.0,
        "z_min": 0.0,
        "z_max": 3.2,
        "height": 3.2,
        "volume_m3": 240.0,
        "data_status": "DEMO / SYNTHETIC"
      },
      "geometry": {
        "type": "Polygon",
        "coordinates": [
          [
            [
              80.20529904864165,
              13.085447471068552
            ],
            [
              80.20529904864165,
              13.08537815850235
            ],
            [
              80.20525807177725,
              13.08537815850235
            ],
            [
              80.2052625517473,
              13.0854496681755
            ],
            [
              80.20529904864165,
              13.085447471068552
            ]
          ]
        ]
      }
    },
    {
      "type": "Feature",
      "properties": {
        "unit_id": "B015-F01-U04",
        "floor_id": "B015-F01",
        "building_id": "B015",
        "parcel_id": "P000015",
        "demo_ulpin": "DEMO-TN-CHN-000015",
        "property_3d_id": "3D-CHN-P000015-B015-F01-U04",
        "area_sqm": 75.0,
        "z_min": 0.0,
        "z_max": 3.2,
        "height": 3.2,
        "volume_m3": 240.0,
        "data_status": "DEMO / SYNTHETIC"
      },
      "geometry": {
        "type": "Polygon",
        "coordinates": [
          [
            [
              80.20534020226656,
              13.08537815850235
            ],
            [
              80.20529904864165,
              13.08537815850235
            ],
            [
              80.20529904864165,
              13.085447471068552
            ],
            [
              80.2053443736735,
              13.0854447425092
            ],
            [
              80.20534020226656,
              13.08537815850235
            ]
          ]
        ]
      }
    },
    {
      "type": "Feature",
      "properties": {
        "unit_id": "B015-F02-U01",
        "floor_id": "B015-F02",
        "building_id": "B015",
        "parcel_id": "P000015",
        "demo_ulpin": "DEMO-TN-CHN-000015",
        "property_3d_id": "3D-CHN-P000015-B015-F02-U01",
        "area_sqm": 75.0,
        "z_min": 3.2,
        "z_max": 6.4,
        "height": 3.2,
        "volume_m3": 240.0,
        "data_status": "DEMO / SYNTHETIC"
      },
      "geometry": {
        "type": "Polygon",
        "coordinates": [
          [
            [
              80.20528990012501,
              13.0853262628483
            ],
            [
              80.2052886713347,
              13.0853066488292
            ],
            [
              80.2052537236098,
              13.0853087526738
            ],
            [
              80.20525807177725,
              13.08537815850235
            ],
            [
              80.20529904864165,
              13.08537815850235
            ],
            [
              80.20529904864165,
              13.085325712108386
            ],
            [
              80.20528990012501,
              13.0853262628483
            ]
          ]
        ]
      }
    },
    {
      "type": "Feature",
      "properties": {
        "unit_id": "B015-F02-U02",
        "floor_id": "B015-F02",
        "building_id": "B015",
        "parcel_id": "P000015",
        "demo_ulpin": "DEMO-TN-CHN-000015",
        "property_3d_id": "3D-CHN-P000015-B015-F02-U02",
        "area_sqm": 75.0,
        "z_min": 3.2,
        "z_max": 6.4,
        "height": 3.2,
        "volume_m3": 240.0,
        "data_status": "DEMO / SYNTHETIC"
      },
      "geometry": {
        "type": "Polygon",
        "coordinates": [
          [
            [
              80.20533677428341,
              13.085323441028
            ],
            [
              80.20529904864165,
              13.085325712108386
            ],
            [
              80.20529904864165,
              13.08537815850235
            ],
            [
              80.20534020226656,
              13.08537815850235
            ],
            [
              80.20533677428341,
              13.085323441028
            ]
          ]
        ]
      }
    },
    {
      "type": "Feature",
      "properties": {
        "unit_id": "B015-F02-U03",
        "floor_id": "B015-F02",
        "building_id": "B015",
        "parcel_id": "P000015",
        "demo_ulpin": "DEMO-TN-CHN-000015",
        "property_3d_id": "3D-CHN-P000015-B015-F02-U03",
        "area_sqm": 75.0,
        "z_min": 3.2,
        "z_max": 6.4,
        "height": 3.2,
        "volume_m3": 240.0,
        "data_status": "DEMO / SYNTHETIC"
      },
      "geometry": {
        "type": "Polygon",
        "coordinates": [
          [
            [
              80.20529904864165,
              13.085447471068552
            ],
            [
              80.20529904864165,
              13.08537815850235
            ],
            [
              80.20525807177725,
              13.08537815850235
            ],
            [
              80.2052625517473,
              13.0854496681755
            ],
            [
              80.20529904864165,
              13.085447471068552
            ]
          ]
        ]
      }
    },
    {
      "type": "Feature",
      "properties": {
        "unit_id": "B015-F02-U04",
        "floor_id": "B015-F02",
        "building_id": "B015",
        "parcel_id": "P000015",
        "demo_ulpin": "DEMO-TN-CHN-000015",
        "property_3d_id": "3D-CHN-P000015-B015-F02-U04",
        "area_sqm": 75.0,
        "z_min": 3.2,
        "z_max": 6.4,
        "height": 3.2,
        "volume_m3": 240.0,
        "data_status": "DEMO / SYNTHETIC"
      },
      "geometry": {
        "type": "Polygon",
        "coordinates": [
          [
            [
              80.20534020226656,
              13.08537815850235
            ],
            [
              80.20529904864165,
              13.08537815850235
            ],
            [
              80.20529904864165,
              13.085447471068552
            ],
            [
              80.2053443736735,
              13.0854447425092
            ],
            [
              80.20534020226656,
              13.08537815850235
            ]
          ]
        ]
      }
    },
    {
      "type": "Feature",
      "properties": {
        "unit_id": "B016-F01-U01",
        "floor_id": "B016-F01",
        "building_id": "B016",
        "parcel_id": "P000016",
        "demo_ulpin": "DEMO-TN-CHN-000016",
        "property_3d_id": "3D-CHN-P000016-B016-F01-U01",
        "area_sqm": 75.0,
        "z_min": 0.0,
        "z_max": 3.2,
        "height": 3.2,
        "volume_m3": 240.0,
        "data_status": "DEMO / SYNTHETIC"
      },
      "geometry": {
        "type": "Polygon",
        "coordinates": [
          [
            [
              80.20512370601439,
              13.0843228498148
            ],
            [
              80.2051667330407,
              13.0843228498148
            ],
            [
              80.2051667330407,
              13.08423384498375
            ],
            [
              80.2051275830382,
              13.0842322498161
            ],
            [
              80.20512370601439,
              13.0843228498148
            ]
          ]
        ]
      }
    },
    {
      "type": "Feature",
      "properties": {
        "unit_id": "B016-F01-U02",
        "floor_id": "B016-F01",
        "building_id": "B016",
        "parcel_id": "P000016",
        "demo_ulpin": "DEMO-TN-CHN-000016",
        "property_3d_id": "3D-CHN-P000016-B016-F01-U02",
        "area_sqm": 75.0,
        "z_min": 0.0,
        "z_max": 3.2,
        "height": 3.2,
        "volume_m3": 240.0,
        "data_status": "DEMO / SYNTHETIC"
      },
      "geometry": {
        "type": "Polygon",
        "coordinates": [
          [
            [
              80.2051667330407,
              13.08423384498375
            ],
            [
              80.2051667330407,
              13.0843228498148
            ],
            [
              80.20520975788527,
              13.0843228498148
            ],
            [
              80.205213483037,
              13.0842357498133
            ],
            [
              80.2051667330407,
              13.08423384498375
            ]
          ]
        ]
      }
    },
    {
      "type": "Feature",
      "properties": {
        "unit_id": "B016-F01-U03",
        "floor_id": "B016-F01",
        "building_id": "B016",
        "parcel_id": "P000016",
        "demo_ulpin": "DEMO-TN-CHN-000016",
        "property_3d_id": "3D-CHN-P000016-B016-F01-U03",
        "area_sqm": 75.0,
        "z_min": 0.0,
        "z_max": 3.2,
        "height": 3.2,
        "volume_m3": 240.0,
        "data_status": "DEMO / SYNTHETIC"
      },
      "geometry": {
        "type": "Polygon",
        "coordinates": [
          [
            [
              80.2051667330407,
              13.084411809069593
            ],
            [
              80.2051667330407,
              13.0843228498148
            ],
            [
              80.20512370601439,
              13.0843228498148
            ],
            [
              80.2051199830444,
              13.0844098498163
            ],
            [
              80.2051667330407,
              13.084411809069593
            ]
          ]
        ]
      }
    },
    {
      "type": "Feature",
      "properties": {
        "unit_id": "B016-F01-U04",
        "floor_id": "B016-F01",
        "building_id": "B016",
        "parcel_id": "P000016",
        "demo_ulpin": "DEMO-TN-CHN-000016",
        "property_3d_id": "3D-CHN-P000016-B016-F01-U04",
        "area_sqm": 75.0,
        "z_min": 0.0,
        "z_max": 3.2,
        "height": 3.2,
        "volume_m3": 240.0,
        "data_status": "DEMO / SYNTHETIC"
      },
      "geometry": {
        "type": "Polygon",
        "coordinates": [
          [
            [
              80.2052058830433,
              13.0844134498135
            ],
            [
              80.20520975788527,
              13.0843228498148
            ],
            [
              80.2051667330407,
              13.0843228498148
            ],
            [
              80.2051667330407,
              13.084411809069593
            ],
            [
              80.2052058830433,
              13.0844134498135
            ]
          ]
        ]
      }
    },
    {
      "type": "Feature",
      "properties": {
        "unit_id": "B016-F02-U01",
        "floor_id": "B016-F02",
        "building_id": "B016",
        "parcel_id": "P000016",
        "demo_ulpin": "DEMO-TN-CHN-000016",
        "property_3d_id": "3D-CHN-P000016-B016-F02-U01",
        "area_sqm": 75.0,
        "z_min": 3.2,
        "z_max": 6.4,
        "height": 3.2,
        "volume_m3": 240.0,
        "data_status": "DEMO / SYNTHETIC"
      },
      "geometry": {
        "type": "Polygon",
        "coordinates": [
          [
            [
              80.20512370601439,
              13.0843228498148
            ],
            [
              80.2051667330407,
              13.0843228498148
            ],
            [
              80.2051667330407,
              13.08423384498375
            ],
            [
              80.2051275830382,
              13.0842322498161
            ],
            [
              80.20512370601439,
              13.0843228498148
            ]
          ]
        ]
      }
    },
    {
      "type": "Feature",
      "properties": {
        "unit_id": "B016-F02-U02",
        "floor_id": "B016-F02",
        "building_id": "B016",
        "parcel_id": "P000016",
        "demo_ulpin": "DEMO-TN-CHN-000016",
        "property_3d_id": "3D-CHN-P000016-B016-F02-U02",
        "area_sqm": 75.0,
        "z_min": 3.2,
        "z_max": 6.4,
        "height": 3.2,
        "volume_m3": 240.0,
        "data_status": "DEMO / SYNTHETIC"
      },
      "geometry": {
        "type": "Polygon",
        "coordinates": [
          [
            [
              80.2051667330407,
              13.08423384498375
            ],
            [
              80.2051667330407,
              13.0843228498148
            ],
            [
              80.20520975788527,
              13.0843228498148
            ],
            [
              80.205213483037,
              13.0842357498133
            ],
            [
              80.2051667330407,
              13.08423384498375
            ]
          ]
        ]
      }
    },
    {
      "type": "Feature",
      "properties": {
        "unit_id": "B016-F02-U03",
        "floor_id": "B016-F02",
        "building_id": "B016",
        "parcel_id": "P000016",
        "demo_ulpin": "DEMO-TN-CHN-000016",
        "property_3d_id": "3D-CHN-P000016-B016-F02-U03",
        "area_sqm": 75.0,
        "z_min": 3.2,
        "z_max": 6.4,
        "height": 3.2,
        "volume_m3": 240.0,
        "data_status": "DEMO / SYNTHETIC"
      },
      "geometry": {
        "type": "Polygon",
        "coordinates": [
          [
            [
              80.2051667330407,
              13.084411809069593
            ],
            [
              80.2051667330407,
              13.0843228498148
            ],
            [
              80.20512370601439,
              13.0843228498148
            ],
            [
              80.2051199830444,
              13.0844098498163
            ],
            [
              80.2051667330407,
              13.084411809069593
            ]
          ]
        ]
      }
    },
    {
      "type": "Feature",
      "properties": {
        "unit_id": "B016-F02-U04",
        "floor_id": "B016-F02",
        "building_id": "B016",
        "parcel_id": "P000016",
        "demo_ulpin": "DEMO-TN-CHN-000016",
        "property_3d_id": "3D-CHN-P000016-B016-F02-U04",
        "area_sqm": 75.0,
        "z_min": 3.2,
        "z_max": 6.4,
        "height": 3.2,
        "volume_m3": 240.0,
        "data_status": "DEMO / SYNTHETIC"
      },
      "geometry": {
        "type": "Polygon",
        "coordinates": [
          [
            [
              80.2052058830433,
              13.0844134498135
            ],
            [
              80.20520975788527,
              13.0843228498148
            ],
            [
              80.2051667330407,
              13.0843228498148
            ],
            [
              80.2051667330407,
              13.084411809069593
            ],
            [
              80.2052058830433,
              13.0844134498135
            ]
          ]
        ]
      }
    },
    {
      "type": "Feature",
      "properties": {
        "unit_id": "B017-F01-U01",
        "floor_id": "B017-F01",
        "building_id": "B017",
        "parcel_id": "P000017",
        "demo_ulpin": "DEMO-TN-CHN-000017",
        "property_3d_id": "3D-CHN-P000017-B017-F01-U01",
        "area_sqm": 75.0,
        "z_min": 0.0,
        "z_max": 3.2,
        "height": 3.2,
        "volume_m3": 240.0,
        "data_status": "DEMO / SYNTHETIC"
      },
      "geometry": {
        "type": "Polygon",
        "coordinates": [
          [
            [
              80.20415472802718,
              13.08484101083925
            ],
            [
              80.20425919989441,
              13.08484101083925
            ],
            [
              80.20425919989441,
              13.084780171317158
            ],
            [
              80.2041524792058,
              13.0847842330927
            ],
            [
              80.20415472802718,
              13.08484101083925
            ]
          ]
        ]
      }
    },
    {
      "type": "Feature",
      "properties": {
        "unit_id": "B017-F01-U02",
        "floor_id": "B017-F01",
        "building_id": "B017",
        "parcel_id": "P000017",
        "demo_ulpin": "DEMO-TN-CHN-000017",
        "property_3d_id": "3D-CHN-P000017-B017-F01-U02",
        "area_sqm": 75.0,
        "z_min": 0.0,
        "z_max": 3.2,
        "height": 3.2,
        "volume_m3": 240.0,
        "data_status": "DEMO / SYNTHETIC"
      },
      "geometry": {
        "type": "Polygon",
        "coordinates": [
          [
            [
              80.20425919989441,
              13.084780171317158
            ],
            [
              80.20425919989441,
              13.08484101083925
            ],
            [
              80.20436367171366,
              13.08484101083925
            ],
            [
              80.2043611083389,
              13.084776292695
            ],
            [
              80.20425919989441,
              13.084780171317158
            ]
          ]
        ]
      }
    },
    {
      "type": "Feature",
      "properties": {
        "unit_id": "B017-F01-U03",
        "floor_id": "B017-F01",
        "building_id": "B017",
        "parcel_id": "P000017",
        "demo_ulpin": "DEMO-TN-CHN-000017",
        "property_3d_id": "3D-CHN-P000017-B017-F01-U03",
        "area_sqm": 75.0,
        "z_min": 0.0,
        "z_max": 3.2,
        "height": 3.2,
        "volume_m3": 240.0,
        "data_status": "DEMO / SYNTHETIC"
      },
      "geometry": {
        "type": "Polygon",
        "coordinates": [
          [
            [
              80.20425919989441,
              13.084901850360763
            ],
            [
              80.20425919989441,
              13.08484101083925
            ],
            [
              80.20415472802718,
              13.08484101083925
            ],
            [
              80.2041572913474,
              13.0849057289835
            ],
            [
              80.20425919989441,
              13.084901850360763
            ]
          ]
        ]
      }
    },
    {
      "type": "Feature",
      "properties": {
        "unit_id": "B017-F01-U04",
        "floor_id": "B017-F01",
        "building_id": "B017",
        "parcel_id": "P000017",
        "demo_ulpin": "DEMO-TN-CHN-000017",
        "property_3d_id": "3D-CHN-P000017-B017-F01-U04",
        "area_sqm": 75.0,
        "z_min": 0.0,
        "z_max": 3.2,
        "height": 3.2,
        "volume_m3": 240.0,
        "data_status": "DEMO / SYNTHETIC"
      },
      "geometry": {
        "type": "Polygon",
        "coordinates": [
          [
            [
              80.204365920583,
              13.0848977885887
            ],
            [
              80.20436367171366,
              13.08484101083925
            ],
            [
              80.20425919989441,
              13.08484101083925
            ],
            [
              80.20425919989441,
              13.084901850360763
            ],
            [
              80.204365920583,
              13.0848977885887
            ]
          ]
        ]
      }
    },
    {
      "type": "Feature",
      "properties": {
        "unit_id": "B017-F02-U01",
        "floor_id": "B017-F02",
        "building_id": "B017",
        "parcel_id": "P000017",
        "demo_ulpin": "DEMO-TN-CHN-000017",
        "property_3d_id": "3D-CHN-P000017-B017-F02-U01",
        "area_sqm": 75.0,
        "z_min": 3.2,
        "z_max": 6.4,
        "height": 3.2,
        "volume_m3": 240.0,
        "data_status": "DEMO / SYNTHETIC"
      },
      "geometry": {
        "type": "Polygon",
        "coordinates": [
          [
            [
              80.20415472802718,
              13.08484101083925
            ],
            [
              80.20425919989441,
              13.08484101083925
            ],
            [
              80.20425919989441,
              13.084780171317158
            ],
            [
              80.2041524792058,
              13.0847842330927
            ],
            [
              80.20415472802718,
              13.08484101083925
            ]
          ]
        ]
      }
    },
    {
      "type": "Feature",
      "properties": {
        "unit_id": "B017-F02-U02",
        "floor_id": "B017-F02",
        "building_id": "B017",
        "parcel_id": "P000017",
        "demo_ulpin": "DEMO-TN-CHN-000017",
        "property_3d_id": "3D-CHN-P000017-B017-F02-U02",
        "area_sqm": 75.0,
        "z_min": 3.2,
        "z_max": 6.4,
        "height": 3.2,
        "volume_m3": 240.0,
        "data_status": "DEMO / SYNTHETIC"
      },
      "geometry": {
        "type": "Polygon",
        "coordinates": [
          [
            [
              80.20425919989441,
              13.084780171317158
            ],
            [
              80.20425919989441,
              13.08484101083925
            ],
            [
              80.20436367171366,
              13.08484101083925
            ],
            [
              80.2043611083389,
              13.084776292695
            ],
            [
              80.20425919989441,
              13.084780171317158
            ]
          ]
        ]
      }
    },
    {
      "type": "Feature",
      "properties": {
        "unit_id": "B017-F02-U03",
        "floor_id": "B017-F02",
        "building_id": "B017",
        "parcel_id": "P000017",
        "demo_ulpin": "DEMO-TN-CHN-000017",
        "property_3d_id": "3D-CHN-P000017-B017-F02-U03",
        "area_sqm": 75.0,
        "z_min": 3.2,
        "z_max": 6.4,
        "height": 3.2,
        "volume_m3": 240.0,
        "data_status": "DEMO / SYNTHETIC"
      },
      "geometry": {
        "type": "Polygon",
        "coordinates": [
          [
            [
              80.20425919989441,
              13.084901850360763
            ],
            [
              80.20425919989441,
              13.08484101083925
            ],
            [
              80.20415472802718,
              13.08484101083925
            ],
            [
              80.2041572913474,
              13.0849057289835
            ],
            [
              80.20425919989441,
              13.084901850360763
            ]
          ]
        ]
      }
    },
    {
      "type": "Feature",
      "properties": {
        "unit_id": "B017-F02-U04",
        "floor_id": "B017-F02",
        "building_id": "B017",
        "parcel_id": "P000017",
        "demo_ulpin": "DEMO-TN-CHN-000017",
        "property_3d_id": "3D-CHN-P000017-B017-F02-U04",
        "area_sqm": 75.0,
        "z_min": 3.2,
        "z_max": 6.4,
        "height": 3.2,
        "volume_m3": 240.0,
        "data_status": "DEMO / SYNTHETIC"
      },
      "geometry": {
        "type": "Polygon",
        "coordinates": [
          [
            [
              80.204365920583,
              13.0848977885887
            ],
            [
              80.20436367171366,
              13.08484101083925
            ],
            [
              80.20425919989441,
              13.08484101083925
            ],
            [
              80.20425919989441,
              13.084901850360763
            ],
            [
              80.204365920583,
              13.0848977885887
            ]
          ]
        ]
      }
    },
    {
      "type": "Feature",
      "properties": {
        "unit_id": "B018-F01-U01",
        "floor_id": "B018-F01",
        "building_id": "B018",
        "parcel_id": "P000018",
        "demo_ulpin": "DEMO-TN-CHN-000018",
        "property_3d_id": "3D-CHN-P000018-B018-F01-U01",
        "area_sqm": 75.0,
        "z_min": 0.0,
        "z_max": 3.2,
        "height": 3.2,
        "volume_m3": 240.0,
        "data_status": "DEMO / SYNTHETIC"
      },
      "geometry": {
        "type": "Polygon",
        "coordinates": [
          [
            [
              80.20487483619166,
              13.0855732230723
            ],
            [
              80.2049456503077,
              13.0855732230723
            ],
            [
              80.2049456503077,
              13.085504724358099
            ],
            [
              80.2048714246184,
              13.0855084829118
            ],
            [
              80.20487483619166,
              13.0855732230723
            ]
          ]
        ]
      }
    },
    {
      "type": "Feature",
      "properties": {
        "unit_id": "B018-F01-U02",
        "floor_id": "B018-F01",
        "building_id": "B018",
        "parcel_id": "P000018",
        "demo_ulpin": "DEMO-TN-CHN-000018",
        "property_3d_id": "3D-CHN-P000018-B018-F01-U02",
        "area_sqm": 75.0,
        "z_min": 0.0,
        "z_max": 3.2,
        "height": 3.2,
        "volume_m3": 240.0,
        "data_status": "DEMO / SYNTHETIC"
      },
      "geometry": {
        "type": "Polygon",
        "coordinates": [
          [
            [
              80.2050126758604,
              13.0855013303965
            ],
            [
              80.2049456503077,
              13.085504724358099
            ],
            [
              80.2049456503077,
              13.0855732230723
            ],
            [
              80.20501646438663,
              13.0855732230723
            ],
            [
              80.2050126758604,
              13.0855013303965
            ]
          ]
        ]
      }
    },
    {
      "type": "Feature",
      "properties": {
        "unit_id": "B018-F01-U03",
        "floor_id": "B018-F01",
        "building_id": "B018",
        "parcel_id": "P000018",
        "demo_ulpin": "DEMO-TN-CHN-000018",
        "property_3d_id": "3D-CHN-P000018-B018-F01-U03",
        "area_sqm": 75.0,
        "z_min": 0.0,
        "z_max": 3.2,
        "height": 3.2,
        "volume_m3": 240.0,
        "data_status": "DEMO / SYNTHETIC"
      },
      "geometry": {
        "type": "Polygon",
        "coordinates": [
          [
            [
              80.2049456503077,
              13.08564172178475
            ],
            [
              80.2049456503077,
              13.0855732230723
            ],
            [
              80.20487483619166,
              13.0855732230723
            ],
            [
              80.20487862467671,
              13.0856451157481
            ],
            [
              80.2049456503077,
              13.08564172178475
            ]
          ]
        ]
      }
    },
    {
      "type": "Feature",
      "properties": {
        "unit_id": "B018-F01-U04",
        "floor_id": "B018-F01",
        "building_id": "B018",
        "parcel_id": "P000018",
        "demo_ulpin": "DEMO-TN-CHN-000018",
        "property_3d_id": "3D-CHN-P000018-B018-F01-U04",
        "area_sqm": 75.0,
        "z_min": 0.0,
        "z_max": 3.2,
        "height": 3.2,
        "volume_m3": 240.0,
        "data_status": "DEMO / SYNTHETIC"
      },
      "geometry": {
        "type": "Polygon",
        "coordinates": [
          [
            [
              80.20501646438663,
              13.0855732230723
            ],
            [
              80.2049456503077,
              13.0855732230723
            ],
            [
              80.2049456503077,
              13.08564172178475
            ],
            [
              80.20501987599701,
              13.0856379632335
            ],
            [
              80.20501646438663,
              13.0855732230723
            ]
          ]
        ]
      }
    },
    {
      "type": "Feature",
      "properties": {
        "unit_id": "B018-F02-U01",
        "floor_id": "B018-F02",
        "building_id": "B018",
        "parcel_id": "P000018",
        "demo_ulpin": "DEMO-TN-CHN-000018",
        "property_3d_id": "3D-CHN-P000018-B018-F02-U01",
        "area_sqm": 75.0,
        "z_min": 3.2,
        "z_max": 6.4,
        "height": 3.2,
        "volume_m3": 240.0,
        "data_status": "DEMO / SYNTHETIC"
      },
      "geometry": {
        "type": "Polygon",
        "coordinates": [
          [
            [
              80.20487483619166,
              13.0855732230723
            ],
            [
              80.2049456503077,
              13.0855732230723
            ],
            [
              80.2049456503077,
              13.085504724358099
            ],
            [
              80.2048714246184,
              13.0855084829118
            ],
            [
              80.20487483619166,
              13.0855732230723
            ]
          ]
        ]
      }
    },
    {
      "type": "Feature",
      "properties": {
        "unit_id": "B018-F02-U02",
        "floor_id": "B018-F02",
        "building_id": "B018",
        "parcel_id": "P000018",
        "demo_ulpin": "DEMO-TN-CHN-000018",
        "property_3d_id": "3D-CHN-P000018-B018-F02-U02",
        "area_sqm": 75.0,
        "z_min": 3.2,
        "z_max": 6.4,
        "height": 3.2,
        "volume_m3": 240.0,
        "data_status": "DEMO / SYNTHETIC"
      },
      "geometry": {
        "type": "Polygon",
        "coordinates": [
          [
            [
              80.2050126758604,
              13.0855013303965
            ],
            [
              80.2049456503077,
              13.085504724358099
            ],
            [
              80.2049456503077,
              13.0855732230723
            ],
            [
              80.20501646438663,
              13.0855732230723
            ],
            [
              80.2050126758604,
              13.0855013303965
            ]
          ]
        ]
      }
    },
    {
      "type": "Feature",
      "properties": {
        "unit_id": "B018-F02-U03",
        "floor_id": "B018-F02",
        "building_id": "B018",
        "parcel_id": "P000018",
        "demo_ulpin": "DEMO-TN-CHN-000018",
        "property_3d_id": "3D-CHN-P000018-B018-F02-U03",
        "area_sqm": 75.0,
        "z_min": 3.2,
        "z_max": 6.4,
        "height": 3.2,
        "volume_m3": 240.0,
        "data_status": "DEMO / SYNTHETIC"
      },
      "geometry": {
        "type": "Polygon",
        "coordinates": [
          [
            [
              80.2049456503077,
              13.08564172178475
            ],
            [
              80.2049456503077,
              13.0855732230723
            ],
            [
              80.20487483619166,
              13.0855732230723
            ],
            [
              80.20487862467671,
              13.0856451157481
            ],
            [
              80.2049456503077,
              13.08564172178475
            ]
          ]
        ]
      }
    },
    {
      "type": "Feature",
      "properties": {
        "unit_id": "B018-F02-U04",
        "floor_id": "B018-F02",
        "building_id": "B018",
        "parcel_id": "P000018",
        "demo_ulpin": "DEMO-TN-CHN-000018",
        "property_3d_id": "3D-CHN-P000018-B018-F02-U04",
        "area_sqm": 75.0,
        "z_min": 3.2,
        "z_max": 6.4,
        "height": 3.2,
        "volume_m3": 240.0,
        "data_status": "DEMO / SYNTHETIC"
      },
      "geometry": {
        "type": "Polygon",
        "coordinates": [
          [
            [
              80.20501646438663,
              13.0855732230723
            ],
            [
              80.2049456503077,
              13.0855732230723
            ],
            [
              80.2049456503077,
              13.08564172178475
            ],
            [
              80.20501987599701,
              13.0856379632335
            ],
            [
              80.20501646438663,
              13.0855732230723
            ]
          ]
        ]
      }
    },
    {
      "type": "Feature",
      "properties": {
        "unit_id": "B018-F03-U01",
        "floor_id": "B018-F03",
        "building_id": "B018",
        "parcel_id": "P000018",
        "demo_ulpin": "DEMO-TN-CHN-000018",
        "property_3d_id": "3D-CHN-P000018-B018-F03-U01",
        "area_sqm": 75.0,
        "z_min": 6.4,
        "z_max": 9.600000000000001,
        "height": 3.200000000000001,
        "volume_m3": 240.00000000000009,
        "data_status": "DEMO / SYNTHETIC"
      },
      "geometry": {
        "type": "Polygon",
        "coordinates": [
          [
            [
              80.20487483619166,
              13.0855732230723
            ],
            [
              80.2049456503077,
              13.0855732230723
            ],
            [
              80.2049456503077,
              13.085504724358099
            ],
            [
              80.2048714246184,
              13.0855084829118
            ],
            [
              80.20487483619166,
              13.0855732230723
            ]
          ]
        ]
      }
    },
    {
      "type": "Feature",
      "properties": {
        "unit_id": "B018-F03-U02",
        "floor_id": "B018-F03",
        "building_id": "B018",
        "parcel_id": "P000018",
        "demo_ulpin": "DEMO-TN-CHN-000018",
        "property_3d_id": "3D-CHN-P000018-B018-F03-U02",
        "area_sqm": 75.0,
        "z_min": 6.4,
        "z_max": 9.600000000000001,
        "height": 3.200000000000001,
        "volume_m3": 240.00000000000009,
        "data_status": "DEMO / SYNTHETIC"
      },
      "geometry": {
        "type": "Polygon",
        "coordinates": [
          [
            [
              80.2050126758604,
              13.0855013303965
            ],
            [
              80.2049456503077,
              13.085504724358099
            ],
            [
              80.2049456503077,
              13.0855732230723
            ],
            [
              80.20501646438663,
              13.0855732230723
            ],
            [
              80.2050126758604,
              13.0855013303965
            ]
          ]
        ]
      }
    },
    {
      "type": "Feature",
      "properties": {
        "unit_id": "B018-F03-U03",
        "floor_id": "B018-F03",
        "building_id": "B018",
        "parcel_id": "P000018",
        "demo_ulpin": "DEMO-TN-CHN-000018",
        "property_3d_id": "3D-CHN-P000018-B018-F03-U03",
        "area_sqm": 75.0,
        "z_min": 6.4,
        "z_max": 9.600000000000001,
        "height": 3.200000000000001,
        "volume_m3": 240.00000000000009,
        "data_status": "DEMO / SYNTHETIC"
      },
      "geometry": {
        "type": "Polygon",
        "coordinates": [
          [
            [
              80.2049456503077,
              13.08564172178475
            ],
            [
              80.2049456503077,
              13.0855732230723
            ],
            [
              80.20487483619166,
              13.0855732230723
            ],
            [
              80.20487862467671,
              13.0856451157481
            ],
            [
              80.2049456503077,
              13.08564172178475
            ]
          ]
        ]
      }
    },
    {
      "type": "Feature",
      "properties": {
        "unit_id": "B018-F03-U04",
        "floor_id": "B018-F03",
        "building_id": "B018",
        "parcel_id": "P000018",
        "demo_ulpin": "DEMO-TN-CHN-000018",
        "property_3d_id": "3D-CHN-P000018-B018-F03-U04",
        "area_sqm": 75.0,
        "z_min": 6.4,
        "z_max": 9.600000000000001,
        "height": 3.200000000000001,
        "volume_m3": 240.00000000000009,
        "data_status": "DEMO / SYNTHETIC"
      },
      "geometry": {
        "type": "Polygon",
        "coordinates": [
          [
            [
              80.20501646438663,
              13.0855732230723
            ],
            [
              80.2049456503077,
              13.0855732230723
            ],
            [
              80.2049456503077,
              13.08564172178475
            ],
            [
              80.20501987599701,
              13.0856379632335
            ],
            [
              80.20501646438663,
              13.0855732230723
            ]
          ]
        ]
      }
    },
    {
      "type": "Feature",
      "properties": {
        "unit_id": "B018-F04-U01",
        "floor_id": "B018-F04",
        "building_id": "B018",
        "parcel_id": "P000018",
        "demo_ulpin": "DEMO-TN-CHN-000018",
        "property_3d_id": "3D-CHN-P000018-B018-F04-U01",
        "area_sqm": 75.0,
        "z_min": 9.600000000000001,
        "z_max": 12.8,
        "height": 3.1999999999999993,
        "volume_m3": 239.99999999999994,
        "data_status": "DEMO / SYNTHETIC"
      },
      "geometry": {
        "type": "Polygon",
        "coordinates": [
          [
            [
              80.20487483619166,
              13.0855732230723
            ],
            [
              80.2049456503077,
              13.0855732230723
            ],
            [
              80.2049456503077,
              13.085504724358099
            ],
            [
              80.2048714246184,
              13.0855084829118
            ],
            [
              80.20487483619166,
              13.0855732230723
            ]
          ]
        ]
      }
    },
    {
      "type": "Feature",
      "properties": {
        "unit_id": "B018-F04-U02",
        "floor_id": "B018-F04",
        "building_id": "B018",
        "parcel_id": "P000018",
        "demo_ulpin": "DEMO-TN-CHN-000018",
        "property_3d_id": "3D-CHN-P000018-B018-F04-U02",
        "area_sqm": 75.0,
        "z_min": 9.600000000000001,
        "z_max": 12.8,
        "height": 3.1999999999999993,
        "volume_m3": 239.99999999999994,
        "data_status": "DEMO / SYNTHETIC"
      },
      "geometry": {
        "type": "Polygon",
        "coordinates": [
          [
            [
              80.2050126758604,
              13.0855013303965
            ],
            [
              80.2049456503077,
              13.085504724358099
            ],
            [
              80.2049456503077,
              13.0855732230723
            ],
            [
              80.20501646438663,
              13.0855732230723
            ],
            [
              80.2050126758604,
              13.0855013303965
            ]
          ]
        ]
      }
    },
    {
      "type": "Feature",
      "properties": {
        "unit_id": "B018-F04-U03",
        "floor_id": "B018-F04",
        "building_id": "B018",
        "parcel_id": "P000018",
        "demo_ulpin": "DEMO-TN-CHN-000018",
        "property_3d_id": "3D-CHN-P000018-B018-F04-U03",
        "area_sqm": 75.0,
        "z_min": 9.600000000000001,
        "z_max": 12.8,
        "height": 3.1999999999999993,
        "volume_m3": 239.99999999999994,
        "data_status": "DEMO / SYNTHETIC"
      },
      "geometry": {
        "type": "Polygon",
        "coordinates": [
          [
            [
              80.2049456503077,
              13.08564172178475
            ],
            [
              80.2049456503077,
              13.0855732230723
            ],
            [
              80.20487483619166,
              13.0855732230723
            ],
            [
              80.20487862467671,
              13.0856451157481
            ],
            [
              80.2049456503077,
              13.08564172178475
            ]
          ]
        ]
      }
    },
    {
      "type": "Feature",
      "properties": {
        "unit_id": "B018-F04-U04",
        "floor_id": "B018-F04",
        "building_id": "B018",
        "parcel_id": "P000018",
        "demo_ulpin": "DEMO-TN-CHN-000018",
        "property_3d_id": "3D-CHN-P000018-B018-F04-U04",
        "area_sqm": 75.0,
        "z_min": 9.600000000000001,
        "z_max": 12.8,
        "height": 3.1999999999999993,
        "volume_m3": 239.99999999999994,
        "data_status": "DEMO / SYNTHETIC"
      },
      "geometry": {
        "type": "Polygon",
        "coordinates": [
          [
            [
              80.20501646438663,
              13.0855732230723
            ],
            [
              80.2049456503077,
              13.0855732230723
            ],
            [
              80.2049456503077,
              13.08564172178475
            ],
            [
              80.20501987599701,
              13.0856379632335
            ],
            [
              80.20501646438663,
              13.0855732230723
            ]
          ]
        ]
      }
    },
    {
      "type": "Feature",
      "properties": {
        "unit_id": "B018-F05-U01",
        "floor_id": "B018-F05",
        "building_id": "B018",
        "parcel_id": "P000018",
        "demo_ulpin": "DEMO-TN-CHN-000018",
        "property_3d_id": "3D-CHN-P000018-B018-F05-U01",
        "area_sqm": 75.0,
        "z_min": 12.8,
        "z_max": 16.0,
        "height": 3.1999999999999993,
        "volume_m3": 239.99999999999994,
        "data_status": "DEMO / SYNTHETIC"
      },
      "geometry": {
        "type": "Polygon",
        "coordinates": [
          [
            [
              80.20487483619166,
              13.0855732230723
            ],
            [
              80.2049456503077,
              13.0855732230723
            ],
            [
              80.2049456503077,
              13.085504724358099
            ],
            [
              80.2048714246184,
              13.0855084829118
            ],
            [
              80.20487483619166,
              13.0855732230723
            ]
          ]
        ]
      }
    },
    {
      "type": "Feature",
      "properties": {
        "unit_id": "B018-F05-U02",
        "floor_id": "B018-F05",
        "building_id": "B018",
        "parcel_id": "P000018",
        "demo_ulpin": "DEMO-TN-CHN-000018",
        "property_3d_id": "3D-CHN-P000018-B018-F05-U02",
        "area_sqm": 75.0,
        "z_min": 12.8,
        "z_max": 16.0,
        "height": 3.1999999999999993,
        "volume_m3": 239.99999999999994,
        "data_status": "DEMO / SYNTHETIC"
      },
      "geometry": {
        "type": "Polygon",
        "coordinates": [
          [
            [
              80.2050126758604,
              13.0855013303965
            ],
            [
              80.2049456503077,
              13.085504724358099
            ],
            [
              80.2049456503077,
              13.0855732230723
            ],
            [
              80.20501646438663,
              13.0855732230723
            ],
            [
              80.2050126758604,
              13.0855013303965
            ]
          ]
        ]
      }
    },
    {
      "type": "Feature",
      "properties": {
        "unit_id": "B018-F05-U03",
        "floor_id": "B018-F05",
        "building_id": "B018",
        "parcel_id": "P000018",
        "demo_ulpin": "DEMO-TN-CHN-000018",
        "property_3d_id": "3D-CHN-P000018-B018-F05-U03",
        "area_sqm": 75.0,
        "z_min": 12.8,
        "z_max": 16.0,
        "height": 3.1999999999999993,
        "volume_m3": 239.99999999999994,
        "data_status": "DEMO / SYNTHETIC"
      },
      "geometry": {
        "type": "Polygon",
        "coordinates": [
          [
            [
              80.2049456503077,
              13.08564172178475
            ],
            [
              80.2049456503077,
              13.0855732230723
            ],
            [
              80.20487483619166,
              13.0855732230723
            ],
            [
              80.20487862467671,
              13.0856451157481
            ],
            [
              80.2049456503077,
              13.08564172178475
            ]
          ]
        ]
      }
    },
    {
      "type": "Feature",
      "properties": {
        "unit_id": "B018-F05-U04",
        "floor_id": "B018-F05",
        "building_id": "B018",
        "parcel_id": "P000018",
        "demo_ulpin": "DEMO-TN-CHN-000018",
        "property_3d_id": "3D-CHN-P000018-B018-F05-U04",
        "area_sqm": 75.0,
        "z_min": 12.8,
        "z_max": 16.0,
        "height": 3.1999999999999993,
        "volume_m3": 239.99999999999994,
        "data_status": "DEMO / SYNTHETIC"
      },
      "geometry": {
        "type": "Polygon",
        "coordinates": [
          [
            [
              80.20501646438663,
              13.0855732230723
            ],
            [
              80.2049456503077,
              13.0855732230723
            ],
            [
              80.2049456503077,
              13.08564172178475
            ],
            [
              80.20501987599701,
              13.0856379632335
            ],
            [
              80.20501646438663,
              13.0855732230723
            ]
          ]
        ]
      }
    },
    {
      "type": "Feature",
      "properties": {
        "unit_id": "B019-F01-U01",
        "floor_id": "B019-F01",
        "building_id": "B019",
        "parcel_id": "P000019",
        "demo_ulpin": "DEMO-TN-CHN-000019",
        "property_3d_id": "3D-CHN-P000019-B019-F01-U01",
        "area_sqm": 75.0,
        "z_min": 0.0,
        "z_max": 3.2,
        "height": 3.2,
        "volume_m3": 240.0,
        "data_status": "DEMO / SYNTHETIC"
      },
      "geometry": {
        "type": "Polygon",
        "coordinates": [
          [
            [
              80.20503890156986,
              13.08556417185245
            ],
            [
              80.2050849739681,
              13.08556417185245
            ],
            [
              80.2050849739681,
              13.085498728933501
            ],
            [
              80.2050357721441,
              13.0855010737813
            ],
            [
              80.20503890156986,
              13.08556417185245
            ]
          ]
        ]
      }
    },
    {
      "type": "Feature",
      "properties": {
        "unit_id": "B019-F01-U02",
        "floor_id": "B019-F01",
        "building_id": "B019",
        "parcel_id": "P000019",
        "demo_ulpin": "DEMO-TN-CHN-000019",
        "property_3d_id": "3D-CHN-P000019-B019-F01-U02",
        "area_sqm": 75.0,
        "z_min": 0.0,
        "z_max": 3.2,
        "height": 3.2,
        "volume_m3": 240.0,
        "data_status": "DEMO / SYNTHETIC"
      },
      "geometry": {
        "type": "Polygon",
        "coordinates": [
          [
            [
              80.2051276996082,
              13.085496692726
            ],
            [
              80.2050849739681,
              13.085498728933501
            ],
            [
              80.2050849739681,
              13.08556417185245
            ],
            [
              80.20513104634284,
              13.08556417185245
            ],
            [
              80.2051276996082,
              13.085496692726
            ]
          ]
        ]
      }
    },
    {
      "type": "Feature",
      "properties": {
        "unit_id": "B019-F01-U03",
        "floor_id": "B019-F01",
        "building_id": "B019",
        "parcel_id": "P000019",
        "demo_ulpin": "DEMO-TN-CHN-000019",
        "property_3d_id": "3D-CHN-P000019-B019-F01-U03",
        "area_sqm": 75.0,
        "z_min": 0.0,
        "z_max": 3.2,
        "height": 3.2,
        "volume_m3": 240.0,
        "data_status": "DEMO / SYNTHETIC"
      },
      "geometry": {
        "type": "Polygon",
        "coordinates": [
          [
            [
              80.2050849739681,
              13.085629614770392
            ],
            [
              80.2050849739681,
              13.08556417185245
            ],
            [
              80.20503890156986,
              13.08556417185245
            ],
            [
              80.2050422482794,
              13.0856316509789
            ],
            [
              80.2050849739681,
              13.085629614770392
            ]
          ]
        ]
      }
    },
    {
      "type": "Feature",
      "properties": {
        "unit_id": "B019-F01-U04",
        "floor_id": "B019-F01",
        "building_id": "B019",
        "parcel_id": "P000019",
        "demo_ulpin": "DEMO-TN-CHN-000019",
        "property_3d_id": "3D-CHN-P000019-B019-F01-U04",
        "area_sqm": 75.0,
        "z_min": 0.0,
        "z_max": 3.2,
        "height": 3.2,
        "volume_m3": 240.0,
        "data_status": "DEMO / SYNTHETIC"
      },
      "geometry": {
        "type": "Polygon",
        "coordinates": [
          [
            [
              80.20513104634284,
              13.08556417185245
            ],
            [
              80.2050849739681,
              13.08556417185245
            ],
            [
              80.2050849739681,
              13.085629614770392
            ],
            [
              80.2051341757921,
              13.0856272699241
            ],
            [
              80.20513104634284,
              13.08556417185245
            ]
          ]
        ]
      }
    },
    {
      "type": "Feature",
      "properties": {
        "unit_id": "B019-F02-U01",
        "floor_id": "B019-F02",
        "building_id": "B019",
        "parcel_id": "P000019",
        "demo_ulpin": "DEMO-TN-CHN-000019",
        "property_3d_id": "3D-CHN-P000019-B019-F02-U01",
        "area_sqm": 75.0,
        "z_min": 3.2,
        "z_max": 6.4,
        "height": 3.2,
        "volume_m3": 240.0,
        "data_status": "DEMO / SYNTHETIC"
      },
      "geometry": {
        "type": "Polygon",
        "coordinates": [
          [
            [
              80.20503890156986,
              13.08556417185245
            ],
            [
              80.2050849739681,
              13.08556417185245
            ],
            [
              80.2050849739681,
              13.085498728933501
            ],
            [
              80.2050357721441,
              13.0855010737813
            ],
            [
              80.20503890156986,
              13.08556417185245
            ]
          ]
        ]
      }
    },
    {
      "type": "Feature",
      "properties": {
        "unit_id": "B019-F02-U02",
        "floor_id": "B019-F02",
        "building_id": "B019",
        "parcel_id": "P000019",
        "demo_ulpin": "DEMO-TN-CHN-000019",
        "property_3d_id": "3D-CHN-P000019-B019-F02-U02",
        "area_sqm": 75.0,
        "z_min": 3.2,
        "z_max": 6.4,
        "height": 3.2,
        "volume_m3": 240.0,
        "data_status": "DEMO / SYNTHETIC"
      },
      "geometry": {
        "type": "Polygon",
        "coordinates": [
          [
            [
              80.2051276996082,
              13.085496692726
            ],
            [
              80.2050849739681,
              13.085498728933501
            ],
            [
              80.2050849739681,
              13.08556417185245
            ],
            [
              80.20513104634284,
              13.08556417185245
            ],
            [
              80.2051276996082,
              13.085496692726
            ]
          ]
        ]
      }
    },
    {
      "type": "Feature",
      "properties": {
        "unit_id": "B019-F02-U03",
        "floor_id": "B019-F02",
        "building_id": "B019",
        "parcel_id": "P000019",
        "demo_ulpin": "DEMO-TN-CHN-000019",
        "property_3d_id": "3D-CHN-P000019-B019-F02-U03",
        "area_sqm": 75.0,
        "z_min": 3.2,
        "z_max": 6.4,
        "height": 3.2,
        "volume_m3": 240.0,
        "data_status": "DEMO / SYNTHETIC"
      },
      "geometry": {
        "type": "Polygon",
        "coordinates": [
          [
            [
              80.2050849739681,
              13.085629614770392
            ],
            [
              80.2050849739681,
              13.08556417185245
            ],
            [
              80.20503890156986,
              13.08556417185245
            ],
            [
              80.2050422482794,
              13.0856316509789
            ],
            [
              80.2050849739681,
              13.085629614770392
            ]
          ]
        ]
      }
    },
    {
      "type": "Feature",
      "properties": {
        "unit_id": "B019-F02-U04",
        "floor_id": "B019-F02",
        "building_id": "B019",
        "parcel_id": "P000019",
        "demo_ulpin": "DEMO-TN-CHN-000019",
        "property_3d_id": "3D-CHN-P000019-B019-F02-U04",
        "area_sqm": 75.0,
        "z_min": 3.2,
        "z_max": 6.4,
        "height": 3.2,
        "volume_m3": 240.0,
        "data_status": "DEMO / SYNTHETIC"
      },
      "geometry": {
        "type": "Polygon",
        "coordinates": [
          [
            [
              80.20513104634284,
              13.08556417185245
            ],
            [
              80.2050849739681,
              13.08556417185245
            ],
            [
              80.2050849739681,
              13.085629614770392
            ],
            [
              80.2051341757921,
              13.0856272699241
            ],
            [
              80.20513104634284,
              13.08556417185245
            ]
          ]
        ]
      }
    },
    {
      "type": "Feature",
      "properties": {
        "unit_id": "B019-F03-U01",
        "floor_id": "B019-F03",
        "building_id": "B019",
        "parcel_id": "P000019",
        "demo_ulpin": "DEMO-TN-CHN-000019",
        "property_3d_id": "3D-CHN-P000019-B019-F03-U01",
        "area_sqm": 75.0,
        "z_min": 6.4,
        "z_max": 9.600000000000001,
        "height": 3.200000000000001,
        "volume_m3": 240.00000000000009,
        "data_status": "DEMO / SYNTHETIC"
      },
      "geometry": {
        "type": "Polygon",
        "coordinates": [
          [
            [
              80.20503890156986,
              13.08556417185245
            ],
            [
              80.2050849739681,
              13.08556417185245
            ],
            [
              80.2050849739681,
              13.085498728933501
            ],
            [
              80.2050357721441,
              13.0855010737813
            ],
            [
              80.20503890156986,
              13.08556417185245
            ]
          ]
        ]
      }
    },
    {
      "type": "Feature",
      "properties": {
        "unit_id": "B019-F03-U02",
        "floor_id": "B019-F03",
        "building_id": "B019",
        "parcel_id": "P000019",
        "demo_ulpin": "DEMO-TN-CHN-000019",
        "property_3d_id": "3D-CHN-P000019-B019-F03-U02",
        "area_sqm": 75.0,
        "z_min": 6.4,
        "z_max": 9.600000000000001,
        "height": 3.200000000000001,
        "volume_m3": 240.00000000000009,
        "data_status": "DEMO / SYNTHETIC"
      },
      "geometry": {
        "type": "Polygon",
        "coordinates": [
          [
            [
              80.2051276996082,
              13.085496692726
            ],
            [
              80.2050849739681,
              13.085498728933501
            ],
            [
              80.2050849739681,
              13.08556417185245
            ],
            [
              80.20513104634284,
              13.08556417185245
            ],
            [
              80.2051276996082,
              13.085496692726
            ]
          ]
        ]
      }
    },
    {
      "type": "Feature",
      "properties": {
        "unit_id": "B019-F03-U03",
        "floor_id": "B019-F03",
        "building_id": "B019",
        "parcel_id": "P000019",
        "demo_ulpin": "DEMO-TN-CHN-000019",
        "property_3d_id": "3D-CHN-P000019-B019-F03-U03",
        "area_sqm": 75.0,
        "z_min": 6.4,
        "z_max": 9.600000000000001,
        "height": 3.200000000000001,
        "volume_m3": 240.00000000000009,
        "data_status": "DEMO / SYNTHETIC"
      },
      "geometry": {
        "type": "Polygon",
        "coordinates": [
          [
            [
              80.2050849739681,
              13.085629614770392
            ],
            [
              80.2050849739681,
              13.08556417185245
            ],
            [
              80.20503890156986,
              13.08556417185245
            ],
            [
              80.2050422482794,
              13.0856316509789
            ],
            [
              80.2050849739681,
              13.085629614770392
            ]
          ]
        ]
      }
    },
    {
      "type": "Feature",
      "properties": {
        "unit_id": "B019-F03-U04",
        "floor_id": "B019-F03",
        "building_id": "B019",
        "parcel_id": "P000019",
        "demo_ulpin": "DEMO-TN-CHN-000019",
        "property_3d_id": "3D-CHN-P000019-B019-F03-U04",
        "area_sqm": 75.0,
        "z_min": 6.4,
        "z_max": 9.600000000000001,
        "height": 3.200000000000001,
        "volume_m3": 240.00000000000009,
        "data_status": "DEMO / SYNTHETIC"
      },
      "geometry": {
        "type": "Polygon",
        "coordinates": [
          [
            [
              80.20513104634284,
              13.08556417185245
            ],
            [
              80.2050849739681,
              13.08556417185245
            ],
            [
              80.2050849739681,
              13.085629614770392
            ],
            [
              80.2051341757921,
              13.0856272699241
            ],
            [
              80.20513104634284,
              13.08556417185245
            ]
          ]
        ]
      }
    },
    {
      "type": "Feature",
      "properties": {
        "unit_id": "B020-F01-U01",
        "floor_id": "B020-F01",
        "building_id": "B020",
        "parcel_id": "P000020",
        "demo_ulpin": "DEMO-TN-CHN-000020",
        "property_3d_id": "3D-CHN-P000020-B020-F01-U01",
        "area_sqm": 75.0,
        "z_min": 0.0,
        "z_max": 3.2,
        "height": 3.2,
        "volume_m3": 240.0,
        "data_status": "DEMO / SYNTHETIC"
      },
      "geometry": {
        "type": "Polygon",
        "coordinates": [
          [
            [
              80.2047772934397,
              13.085579270409001
            ],
            [
              80.20482622416515,
              13.085579270409001
            ],
            [
              80.20482622416515,
              13.08551077169866
            ],
            [
              80.2047738236535,
              13.0855134250701
            ],
            [
              80.2047772934397,
              13.085579270409001
            ]
          ]
        ]
      }
    },
    {
      "type": "Feature",
      "properties": {
        "unit_id": "B020-F01-U02",
        "floor_id": "B020-F01",
        "building_id": "B020",
        "parcel_id": "P000020",
        "demo_ulpin": "DEMO-TN-CHN-000020",
        "property_3d_id": "3D-CHN-P000020-B020-F01-U02",
        "area_sqm": 75.0,
        "z_min": 0.0,
        "z_max": 3.2,
        "height": 3.2,
        "volume_m3": 240.0,
        "data_status": "DEMO / SYNTHETIC"
      },
      "geometry": {
        "type": "Polygon",
        "coordinates": [
          [
            [
              80.2048714246185,
              13.085508482912001
            ],
            [
              80.20482622416515,
              13.08551077169866
            ],
            [
              80.20482622416515,
              13.085579270409001
            ],
            [
              80.20487515486461,
              13.085579270409001
            ],
            [
              80.2048714246185,
              13.085508482912001
            ]
          ]
        ]
      }
    },
    {
      "type": "Feature",
      "properties": {
        "unit_id": "B020-F01-U03",
        "floor_id": "B020-F01",
        "building_id": "B020",
        "parcel_id": "P000020",
        "demo_ulpin": "DEMO-TN-CHN-000020",
        "property_3d_id": "3D-CHN-P000020-B020-F01-U03",
        "area_sqm": 75.0,
        "z_min": 0.0,
        "z_max": 3.2,
        "height": 3.2,
        "volume_m3": 240.0,
        "data_status": "DEMO / SYNTHETIC"
      },
      "geometry": {
        "type": "Polygon",
        "coordinates": [
          [
            [
              80.20482622416515,
              13.085647769118108
            ],
            [
              80.20482622416515,
              13.085579270409001
            ],
            [
              80.2047772934397,
              13.085579270409001
            ],
            [
              80.2047810236579,
              13.085650057906001
            ],
            [
              80.20482622416515,
              13.085647769118108
            ]
          ]
        ]
      }
    },
    {
      "type": "Feature",
      "properties": {
        "unit_id": "B020-F01-U04",
        "floor_id": "B020-F01",
        "building_id": "B020",
        "parcel_id": "P000020",
        "demo_ulpin": "DEMO-TN-CHN-000020",
        "property_3d_id": "3D-CHN-P000020-B020-F01-U04",
        "area_sqm": 75.0,
        "z_min": 0.0,
        "z_max": 3.2,
        "height": 3.2,
        "volume_m3": 240.0,
        "data_status": "DEMO / SYNTHETIC"
      },
      "geometry": {
        "type": "Polygon",
        "coordinates": [
          [
            [
              80.20487515486461,
              13.085579270409001
            ],
            [
              80.20482622416515,
              13.085579270409001
            ],
            [
              80.20482622416515,
              13.085647769118108
            ],
            [
              80.20487862467681,
              13.0856451157484
            ],
            [
              80.20487515486461,
              13.085579270409001
            ]
          ]
        ]
      }
    },
    {
      "type": "Feature",
      "properties": {
        "unit_id": "B020-F02-U01",
        "floor_id": "B020-F02",
        "building_id": "B020",
        "parcel_id": "P000020",
        "demo_ulpin": "DEMO-TN-CHN-000020",
        "property_3d_id": "3D-CHN-P000020-B020-F02-U01",
        "area_sqm": 75.0,
        "z_min": 3.2,
        "z_max": 6.4,
        "height": 3.2,
        "volume_m3": 240.0,
        "data_status": "DEMO / SYNTHETIC"
      },
      "geometry": {
        "type": "Polygon",
        "coordinates": [
          [
            [
              80.2047772934397,
              13.085579270409001
            ],
            [
              80.20482622416515,
              13.085579270409001
            ],
            [
              80.20482622416515,
              13.08551077169866
            ],
            [
              80.2047738236535,
              13.0855134250701
            ],
            [
              80.2047772934397,
              13.085579270409001
            ]
          ]
        ]
      }
    },
    {
      "type": "Feature",
      "properties": {
        "unit_id": "B020-F02-U02",
        "floor_id": "B020-F02",
        "building_id": "B020",
        "parcel_id": "P000020",
        "demo_ulpin": "DEMO-TN-CHN-000020",
        "property_3d_id": "3D-CHN-P000020-B020-F02-U02",
        "area_sqm": 75.0,
        "z_min": 3.2,
        "z_max": 6.4,
        "height": 3.2,
        "volume_m3": 240.0,
        "data_status": "DEMO / SYNTHETIC"
      },
      "geometry": {
        "type": "Polygon",
        "coordinates": [
          [
            [
              80.2048714246185,
              13.085508482912001
            ],
            [
              80.20482622416515,
              13.08551077169866
            ],
            [
              80.20482622416515,
              13.085579270409001
            ],
            [
              80.20487515486461,
              13.085579270409001
            ],
            [
              80.2048714246185,
              13.085508482912001
            ]
          ]
        ]
      }
    },
    {
      "type": "Feature",
      "properties": {
        "unit_id": "B020-F02-U03",
        "floor_id": "B020-F02",
        "building_id": "B020",
        "parcel_id": "P000020",
        "demo_ulpin": "DEMO-TN-CHN-000020",
        "property_3d_id": "3D-CHN-P000020-B020-F02-U03",
        "area_sqm": 75.0,
        "z_min": 3.2,
        "z_max": 6.4,
        "height": 3.2,
        "volume_m3": 240.0,
        "data_status": "DEMO / SYNTHETIC"
      },
      "geometry": {
        "type": "Polygon",
        "coordinates": [
          [
            [
              80.20482622416515,
              13.085647769118108
            ],
            [
              80.20482622416515,
              13.085579270409001
            ],
            [
              80.2047772934397,
              13.085579270409001
            ],
            [
              80.2047810236579,
              13.085650057906001
            ],
            [
              80.20482622416515,
              13.085647769118108
            ]
          ]
        ]
      }
    },
    {
      "type": "Feature",
      "properties": {
        "unit_id": "B020-F02-U04",
        "floor_id": "B020-F02",
        "building_id": "B020",
        "parcel_id": "P000020",
        "demo_ulpin": "DEMO-TN-CHN-000020",
        "property_3d_id": "3D-CHN-P000020-B020-F02-U04",
        "area_sqm": 75.0,
        "z_min": 3.2,
        "z_max": 6.4,
        "height": 3.2,
        "volume_m3": 240.0,
        "data_status": "DEMO / SYNTHETIC"
      },
      "geometry": {
        "type": "Polygon",
        "coordinates": [
          [
            [
              80.20487515486461,
              13.085579270409001
            ],
            [
              80.20482622416515,
              13.085579270409001
            ],
            [
              80.20482622416515,
              13.085647769118108
            ],
            [
              80.20487862467681,
              13.0856451157484
            ],
            [
              80.20487515486461,
              13.085579270409001
            ]
          ]
        ]
      }
    },
    {
      "type": "Feature",
      "properties": {
        "unit_id": "B020-F03-U01",
        "floor_id": "B020-F03",
        "building_id": "B020",
        "parcel_id": "P000020",
        "demo_ulpin": "DEMO-TN-CHN-000020",
        "property_3d_id": "3D-CHN-P000020-B020-F03-U01",
        "area_sqm": 75.0,
        "z_min": 6.4,
        "z_max": 9.600000000000001,
        "height": 3.200000000000001,
        "volume_m3": 240.00000000000009,
        "data_status": "DEMO / SYNTHETIC"
      },
      "geometry": {
        "type": "Polygon",
        "coordinates": [
          [
            [
              80.2047772934397,
              13.085579270409001
            ],
            [
              80.20482622416515,
              13.085579270409001
            ],
            [
              80.20482622416515,
              13.08551077169866
            ],
            [
              80.2047738236535,
              13.0855134250701
            ],
            [
              80.2047772934397,
              13.085579270409001
            ]
          ]
        ]
      }
    },
    {
      "type": "Feature",
      "properties": {
        "unit_id": "B020-F03-U02",
        "floor_id": "B020-F03",
        "building_id": "B020",
        "parcel_id": "P000020",
        "demo_ulpin": "DEMO-TN-CHN-000020",
        "property_3d_id": "3D-CHN-P000020-B020-F03-U02",
        "area_sqm": 75.0,
        "z_min": 6.4,
        "z_max": 9.600000000000001,
        "height": 3.200000000000001,
        "volume_m3": 240.00000000000009,
        "data_status": "DEMO / SYNTHETIC"
      },
      "geometry": {
        "type": "Polygon",
        "coordinates": [
          [
            [
              80.2048714246185,
              13.085508482912001
            ],
            [
              80.20482622416515,
              13.08551077169866
            ],
            [
              80.20482622416515,
              13.085579270409001
            ],
            [
              80.20487515486461,
              13.085579270409001
            ],
            [
              80.2048714246185,
              13.085508482912001
            ]
          ]
        ]
      }
    },
    {
      "type": "Feature",
      "properties": {
        "unit_id": "B020-F03-U03",
        "floor_id": "B020-F03",
        "building_id": "B020",
        "parcel_id": "P000020",
        "demo_ulpin": "DEMO-TN-CHN-000020",
        "property_3d_id": "3D-CHN-P000020-B020-F03-U03",
        "area_sqm": 75.0,
        "z_min": 6.4,
        "z_max": 9.600000000000001,
        "height": 3.200000000000001,
        "volume_m3": 240.00000000000009,
        "data_status": "DEMO / SYNTHETIC"
      },
      "geometry": {
        "type": "Polygon",
        "coordinates": [
          [
            [
              80.20482622416515,
              13.085647769118108
            ],
            [
              80.20482622416515,
              13.085579270409001
            ],
            [
              80.2047772934397,
              13.085579270409001
            ],
            [
              80.2047810236579,
              13.085650057906001
            ],
            [
              80.20482622416515,
              13.085647769118108
            ]
          ]
        ]
      }
    },
    {
      "type": "Feature",
      "properties": {
        "unit_id": "B020-F03-U04",
        "floor_id": "B020-F03",
        "building_id": "B020",
        "parcel_id": "P000020",
        "demo_ulpin": "DEMO-TN-CHN-000020",
        "property_3d_id": "3D-CHN-P000020-B020-F03-U04",
        "area_sqm": 75.0,
        "z_min": 6.4,
        "z_max": 9.600000000000001,
        "height": 3.200000000000001,
        "volume_m3": 240.00000000000009,
        "data_status": "DEMO / SYNTHETIC"
      },
      "geometry": {
        "type": "Polygon",
        "coordinates": [
          [
            [
              80.20487515486461,
              13.085579270409001
            ],
            [
              80.20482622416515,
              13.085579270409001
            ],
            [
              80.20482622416515,
              13.085647769118108
            ],
            [
              80.20487862467681,
              13.0856451157484
            ],
            [
              80.20487515486461,
              13.085579270409001
            ]
          ]
        ]
      }
    },
    {
      "type": "Feature",
      "properties": {
        "unit_id": "B020-F04-U01",
        "floor_id": "B020-F04",
        "building_id": "B020",
        "parcel_id": "P000020",
        "demo_ulpin": "DEMO-TN-CHN-000020",
        "property_3d_id": "3D-CHN-P000020-B020-F04-U01",
        "area_sqm": 75.0,
        "z_min": 9.600000000000001,
        "z_max": 12.8,
        "height": 3.1999999999999993,
        "volume_m3": 239.99999999999994,
        "data_status": "DEMO / SYNTHETIC"
      },
      "geometry": {
        "type": "Polygon",
        "coordinates": [
          [
            [
              80.2047772934397,
              13.085579270409001
            ],
            [
              80.20482622416515,
              13.085579270409001
            ],
            [
              80.20482622416515,
              13.08551077169866
            ],
            [
              80.2047738236535,
              13.0855134250701
            ],
            [
              80.2047772934397,
              13.085579270409001
            ]
          ]
        ]
      }
    },
    {
      "type": "Feature",
      "properties": {
        "unit_id": "B020-F04-U02",
        "floor_id": "B020-F04",
        "building_id": "B020",
        "parcel_id": "P000020",
        "demo_ulpin": "DEMO-TN-CHN-000020",
        "property_3d_id": "3D-CHN-P000020-B020-F04-U02",
        "area_sqm": 75.0,
        "z_min": 9.600000000000001,
        "z_max": 12.8,
        "height": 3.1999999999999993,
        "volume_m3": 239.99999999999994,
        "data_status": "DEMO / SYNTHETIC"
      },
      "geometry": {
        "type": "Polygon",
        "coordinates": [
          [
            [
              80.2048714246185,
              13.085508482912001
            ],
            [
              80.20482622416515,
              13.08551077169866
            ],
            [
              80.20482622416515,
              13.085579270409001
            ],
            [
              80.20487515486461,
              13.085579270409001
            ],
            [
              80.2048714246185,
              13.085508482912001
            ]
          ]
        ]
      }
    },
    {
      "type": "Feature",
      "properties": {
        "unit_id": "B020-F04-U03",
        "floor_id": "B020-F04",
        "building_id": "B020",
        "parcel_id": "P000020",
        "demo_ulpin": "DEMO-TN-CHN-000020",
        "property_3d_id": "3D-CHN-P000020-B020-F04-U03",
        "area_sqm": 75.0,
        "z_min": 9.600000000000001,
        "z_max": 12.8,
        "height": 3.1999999999999993,
        "volume_m3": 239.99999999999994,
        "data_status": "DEMO / SYNTHETIC"
      },
      "geometry": {
        "type": "Polygon",
        "coordinates": [
          [
            [
              80.20482622416515,
              13.085647769118108
            ],
            [
              80.20482622416515,
              13.085579270409001
            ],
            [
              80.2047772934397,
              13.085579270409001
            ],
            [
              80.2047810236579,
              13.085650057906001
            ],
            [
              80.20482622416515,
              13.085647769118108
            ]
          ]
        ]
      }
    },
    {
      "type": "Feature",
      "properties": {
        "unit_id": "B020-F04-U04",
        "floor_id": "B020-F04",
        "building_id": "B020",
        "parcel_id": "P000020",
        "demo_ulpin": "DEMO-TN-CHN-000020",
        "property_3d_id": "3D-CHN-P000020-B020-F04-U04",
        "area_sqm": 75.0,
        "z_min": 9.600000000000001,
        "z_max": 12.8,
        "height": 3.1999999999999993,
        "volume_m3": 239.99999999999994,
        "data_status": "DEMO / SYNTHETIC"
      },
      "geometry": {
        "type": "Polygon",
        "coordinates": [
          [
            [
              80.20487515486461,
              13.085579270409001
            ],
            [
              80.20482622416515,
              13.085579270409001
            ],
            [
              80.20482622416515,
              13.085647769118108
            ],
            [
              80.20487862467681,
              13.0856451157484
            ],
            [
              80.20487515486461,
              13.085579270409001
            ]
          ]
        ]
      }
    },
    {
      "type": "Feature",
      "properties": {
        "unit_id": "B021-F01-U01",
        "floor_id": "B021-F01",
        "building_id": "B021",
        "parcel_id": "P000021",
        "demo_ulpin": "DEMO-TN-CHN-000021",
        "property_3d_id": "3D-CHN-P000021-B021-F01-U01",
        "area_sqm": 75.0,
        "z_min": 0.0,
        "z_max": 3.2,
        "height": 3.2,
        "volume_m3": 240.0,
        "data_status": "DEMO / SYNTHETIC"
      },
      "geometry": {
        "type": "Polygon",
        "coordinates": [
          [
            [
              80.20534558854871,
              13.0854053176652
            ],
            [
              80.20539677859935,
              13.0854053176652
            ],
            [
              80.20539677859935,
              13.08534815531872
            ],
            [
              80.2053459548367,
              13.0853478440825
            ],
            [
              80.20534558854871,
              13.0854053176652
            ]
          ]
        ]
      }
    },
    {
      "type": "Feature",
      "properties": {
        "unit_id": "B021-F01-U02",
        "floor_id": "B021-F01",
        "building_id": "B021",
        "parcel_id": "P000021",
        "demo_ulpin": "DEMO-TN-CHN-000021",
        "property_3d_id": "3D-CHN-P000021-B021-F01-U02",
        "area_sqm": 75.0,
        "z_min": 0.0,
        "z_max": 3.2,
        "height": 3.2,
        "volume_m3": 240.0,
        "data_status": "DEMO / SYNTHETIC"
      },
      "geometry": {
        "type": "Polygon",
        "coordinates": [
          [
            [
              80.2054482110104,
              13.0853484702822
            ],
            [
              80.20539677859935,
              13.08534815531872
            ],
            [
              80.20539677859935,
              13.0854053176652
            ],
            [
              80.20544784873657,
              13.0854053176652
            ],
            [
              80.2054482110104,
              13.0853484702822
            ]
          ]
        ]
      }
    },
    {
      "type": "Feature",
      "properties": {
        "unit_id": "B021-F01-U03",
        "floor_id": "B021-F01",
        "building_id": "B021",
        "parcel_id": "P000021",
        "demo_ulpin": "DEMO-TN-CHN-000021",
        "property_3d_id": "3D-CHN-P000021-B021-F01-U03",
        "area_sqm": 75.0,
        "z_min": 0.0,
        "z_max": 3.2,
        "height": 3.2,
        "volume_m3": 240.0,
        "data_status": "DEMO / SYNTHETIC"
      },
      "geometry": {
        "type": "Polygon",
        "coordinates": [
          [
            [
              80.20539677859935,
              13.085443660964774
            ],
            [
              80.20539677859935,
              13.0854053176652
            ],
            [
              80.20534558854871,
              13.0854053176652
            ],
            [
              80.20534534618831,
              13.0854433459956
            ],
            [
              80.20539677859935,
              13.085443660964774
            ]
          ]
        ]
      }
    },
    {
      "type": "Feature",
      "properties": {
        "unit_id": "B021-F01-U04",
        "floor_id": "B021-F01",
        "building_id": "B021",
        "parcel_id": "P000021",
        "demo_ulpin": "DEMO-TN-CHN-000021",
        "property_3d_id": "3D-CHN-P000021-B021-F01-U04",
        "area_sqm": 75.0,
        "z_min": 0.0,
        "z_max": 3.2,
        "height": 3.2,
        "volume_m3": 240.0,
        "data_status": "DEMO / SYNTHETIC"
      },
      "geometry": {
        "type": "Polygon",
        "coordinates": [
          [
            [
              80.20544784873657,
              13.0854053176652
            ],
            [
              80.20539677859935,
              13.0854053176652
            ],
            [
              80.20539677859935,
              13.085443660964774
            ],
            [
              80.205401306748,
              13.0854436886949
            ],
            [
              80.20540118681521,
              13.0854625077448
            ],
            [
              80.20544748247211,
              13.0854627912479
            ],
            [
              80.20544784873657,
              13.0854053176652
            ]
          ]
        ]
      }
    },
    {
      "type": "Feature",
      "properties": {
        "unit_id": "B021-F02-U01",
        "floor_id": "B021-F02",
        "building_id": "B021",
        "parcel_id": "P000021",
        "demo_ulpin": "DEMO-TN-CHN-000021",
        "property_3d_id": "3D-CHN-P000021-B021-F02-U01",
        "area_sqm": 75.0,
        "z_min": 3.2,
        "z_max": 6.4,
        "height": 3.2,
        "volume_m3": 240.0,
        "data_status": "DEMO / SYNTHETIC"
      },
      "geometry": {
        "type": "Polygon",
        "coordinates": [
          [
            [
              80.20534558854871,
              13.0854053176652
            ],
            [
              80.20539677859935,
              13.0854053176652
            ],
            [
              80.20539677859935,
              13.08534815531872
            ],
            [
              80.2053459548367,
              13.0853478440825
            ],
            [
              80.20534558854871,
              13.0854053176652
            ]
          ]
        ]
      }
    },
    {
      "type": "Feature",
      "properties": {
        "unit_id": "B021-F02-U02",
        "floor_id": "B021-F02",
        "building_id": "B021",
        "parcel_id": "P000021",
        "demo_ulpin": "DEMO-TN-CHN-000021",
        "property_3d_id": "3D-CHN-P000021-B021-F02-U02",
        "area_sqm": 75.0,
        "z_min": 3.2,
        "z_max": 6.4,
        "height": 3.2,
        "volume_m3": 240.0,
        "data_status": "DEMO / SYNTHETIC"
      },
      "geometry": {
        "type": "Polygon",
        "coordinates": [
          [
            [
              80.2054482110104,
              13.0853484702822
            ],
            [
              80.20539677859935,
              13.08534815531872
            ],
            [
              80.20539677859935,
              13.0854053176652
            ],
            [
              80.20544784873657,
              13.0854053176652
            ],
            [
              80.2054482110104,
              13.0853484702822
            ]
          ]
        ]
      }
    },
    {
      "type": "Feature",
      "properties": {
        "unit_id": "B021-F02-U03",
        "floor_id": "B021-F02",
        "building_id": "B021",
        "parcel_id": "P000021",
        "demo_ulpin": "DEMO-TN-CHN-000021",
        "property_3d_id": "3D-CHN-P000021-B021-F02-U03",
        "area_sqm": 75.0,
        "z_min": 3.2,
        "z_max": 6.4,
        "height": 3.2,
        "volume_m3": 240.0,
        "data_status": "DEMO / SYNTHETIC"
      },
      "geometry": {
        "type": "Polygon",
        "coordinates": [
          [
            [
              80.20539677859935,
              13.085443660964774
            ],
            [
              80.20539677859935,
              13.0854053176652
            ],
            [
              80.20534558854871,
              13.0854053176652
            ],
            [
              80.20534534618831,
              13.0854433459956
            ],
            [
              80.20539677859935,
              13.085443660964774
            ]
          ]
        ]
      }
    },
    {
      "type": "Feature",
      "properties": {
        "unit_id": "B021-F02-U04",
        "floor_id": "B021-F02",
        "building_id": "B021",
        "parcel_id": "P000021",
        "demo_ulpin": "DEMO-TN-CHN-000021",
        "property_3d_id": "3D-CHN-P000021-B021-F02-U04",
        "area_sqm": 75.0,
        "z_min": 3.2,
        "z_max": 6.4,
        "height": 3.2,
        "volume_m3": 240.0,
        "data_status": "DEMO / SYNTHETIC"
      },
      "geometry": {
        "type": "Polygon",
        "coordinates": [
          [
            [
              80.20544784873657,
              13.0854053176652
            ],
            [
              80.20539677859935,
              13.0854053176652
            ],
            [
              80.20539677859935,
              13.085443660964774
            ],
            [
              80.205401306748,
              13.0854436886949
            ],
            [
              80.20540118681521,
              13.0854625077448
            ],
            [
              80.20544748247211,
              13.0854627912479
            ],
            [
              80.20544784873657,
              13.0854053176652
            ]
          ]
        ]
      }
    },
    {
      "type": "Feature",
      "properties": {
        "unit_id": "B021-F03-U01",
        "floor_id": "B021-F03",
        "building_id": "B021",
        "parcel_id": "P000021",
        "demo_ulpin": "DEMO-TN-CHN-000021",
        "property_3d_id": "3D-CHN-P000021-B021-F03-U01",
        "area_sqm": 75.0,
        "z_min": 6.4,
        "z_max": 9.600000000000001,
        "height": 3.200000000000001,
        "volume_m3": 240.00000000000009,
        "data_status": "DEMO / SYNTHETIC"
      },
      "geometry": {
        "type": "Polygon",
        "coordinates": [
          [
            [
              80.20534558854871,
              13.0854053176652
            ],
            [
              80.20539677859935,
              13.0854053176652
            ],
            [
              80.20539677859935,
              13.08534815531872
            ],
            [
              80.2053459548367,
              13.0853478440825
            ],
            [
              80.20534558854871,
              13.0854053176652
            ]
          ]
        ]
      }
    },
    {
      "type": "Feature",
      "properties": {
        "unit_id": "B021-F03-U02",
        "floor_id": "B021-F03",
        "building_id": "B021",
        "parcel_id": "P000021",
        "demo_ulpin": "DEMO-TN-CHN-000021",
        "property_3d_id": "3D-CHN-P000021-B021-F03-U02",
        "area_sqm": 75.0,
        "z_min": 6.4,
        "z_max": 9.600000000000001,
        "height": 3.200000000000001,
        "volume_m3": 240.00000000000009,
        "data_status": "DEMO / SYNTHETIC"
      },
      "geometry": {
        "type": "Polygon",
        "coordinates": [
          [
            [
              80.2054482110104,
              13.0853484702822
            ],
            [
              80.20539677859935,
              13.08534815531872
            ],
            [
              80.20539677859935,
              13.0854053176652
            ],
            [
              80.20544784873657,
              13.0854053176652
            ],
            [
              80.2054482110104,
              13.0853484702822
            ]
          ]
        ]
      }
    },
    {
      "type": "Feature",
      "properties": {
        "unit_id": "B021-F03-U03",
        "floor_id": "B021-F03",
        "building_id": "B021",
        "parcel_id": "P000021",
        "demo_ulpin": "DEMO-TN-CHN-000021",
        "property_3d_id": "3D-CHN-P000021-B021-F03-U03",
        "area_sqm": 75.0,
        "z_min": 6.4,
        "z_max": 9.600000000000001,
        "height": 3.200000000000001,
        "volume_m3": 240.00000000000009,
        "data_status": "DEMO / SYNTHETIC"
      },
      "geometry": {
        "type": "Polygon",
        "coordinates": [
          [
            [
              80.20539677859935,
              13.085443660964774
            ],
            [
              80.20539677859935,
              13.0854053176652
            ],
            [
              80.20534558854871,
              13.0854053176652
            ],
            [
              80.20534534618831,
              13.0854433459956
            ],
            [
              80.20539677859935,
              13.085443660964774
            ]
          ]
        ]
      }
    },
    {
      "type": "Feature",
      "properties": {
        "unit_id": "B021-F03-U04",
        "floor_id": "B021-F03",
        "building_id": "B021",
        "parcel_id": "P000021",
        "demo_ulpin": "DEMO-TN-CHN-000021",
        "property_3d_id": "3D-CHN-P000021-B021-F03-U04",
        "area_sqm": 75.0,
        "z_min": 6.4,
        "z_max": 9.600000000000001,
        "height": 3.200000000000001,
        "volume_m3": 240.00000000000009,
        "data_status": "DEMO / SYNTHETIC"
      },
      "geometry": {
        "type": "Polygon",
        "coordinates": [
          [
            [
              80.20544784873657,
              13.0854053176652
            ],
            [
              80.20539677859935,
              13.0854053176652
            ],
            [
              80.20539677859935,
              13.085443660964774
            ],
            [
              80.205401306748,
              13.0854436886949
            ],
            [
              80.20540118681521,
              13.0854625077448
            ],
            [
              80.20544748247211,
              13.0854627912479
            ],
            [
              80.20544784873657,
              13.0854053176652
            ]
          ]
        ]
      }
    },
    {
      "type": "Feature",
      "properties": {
        "unit_id": "B022-F01-U01",
        "floor_id": "B022-F01",
        "building_id": "B022",
        "parcel_id": "P000022",
        "demo_ulpin": "DEMO-TN-CHN-000022",
        "property_3d_id": "3D-CHN-P000022-B022-F01-U01",
        "area_sqm": 75.0,
        "z_min": 0.0,
        "z_max": 3.2,
        "height": 3.2,
        "volume_m3": 240.0,
        "data_status": "DEMO / SYNTHETIC"
      },
      "geometry": {
        "type": "Polygon",
        "coordinates": [
          [
            [
              80.20526968303601,
              13.0842318498112
            ],
            [
              80.20526530507166,
              13.0843207998096
            ],
            [
              80.20531968303834,
              13.0843207998096
            ],
            [
              80.20531968303834,
              13.084234246123094
            ],
            [
              80.20526968303601,
              13.0842318498112
            ]
          ]
        ]
      }
    },
    {
      "type": "Feature",
      "properties": {
        "unit_id": "B022-F01-U02",
        "floor_id": "B022-F01",
        "building_id": "B022",
        "parcel_id": "P000022",
        "demo_ulpin": "DEMO-TN-CHN-000022",
        "property_3d_id": "3D-CHN-P000022-B022-F01-U02",
        "area_sqm": 75.0,
        "z_min": 0.0,
        "z_max": 3.2,
        "height": 3.2,
        "volume_m3": 240.0,
        "data_status": "DEMO / SYNTHETIC"
      },
      "geometry": {
        "type": "Polygon",
        "coordinates": [
          [
            [
              80.20531968303834,
              13.084234246123094
            ],
            [
              80.20531968303834,
              13.0843207998096
            ],
            [
              80.20537401251055,
              13.0843207998096
            ],
            [
              80.2053781830346,
              13.084237049807701
            ],
            [
              80.20531968303834,
              13.084234246123094
            ]
          ]
        ]
      }
    },
    {
      "type": "Feature",
      "properties": {
        "unit_id": "B022-F01-U03",
        "floor_id": "B022-F01",
        "building_id": "B022",
        "parcel_id": "P000022",
        "demo_ulpin": "DEMO-TN-CHN-000022",
        "property_3d_id": "3D-CHN-P000022-B022-F01-U03",
        "area_sqm": 75.0,
        "z_min": 0.0,
        "z_max": 3.2,
        "height": 3.2,
        "volume_m3": 240.0,
        "data_status": "DEMO / SYNTHETIC"
      },
      "geometry": {
        "type": "Polygon",
        "coordinates": [
          [
            [
              80.20531968303834,
              13.08440735608253
            ],
            [
              80.20531968303834,
              13.0843207998096
            ],
            [
              80.20526530507166,
              13.0843207998096
            ],
            [
              80.2052611830421,
              13.0844045498115
            ],
            [
              80.20531968303834,
              13.08440735608253
            ]
          ]
        ]
      }
    },
    {
      "type": "Feature",
      "properties": {
        "unit_id": "B022-F01-U04",
        "floor_id": "B022-F01",
        "building_id": "B022",
        "parcel_id": "P000022",
        "demo_ulpin": "DEMO-TN-CHN-000022",
        "property_3d_id": "3D-CHN-P000022-B022-F01-U04",
        "area_sqm": 75.0,
        "z_min": 0.0,
        "z_max": 3.2,
        "height": 3.2,
        "volume_m3": 240.0,
        "data_status": "DEMO / SYNTHETIC"
      },
      "geometry": {
        "type": "Polygon",
        "coordinates": [
          [
            [
              80.20537401251055,
              13.0843207998096
            ],
            [
              80.20531968303834,
              13.0843207998096
            ],
            [
              80.20531968303834,
              13.08440735608253
            ],
            [
              80.2053695830407,
              13.084409749808
            ],
            [
              80.20537401251055,
              13.0843207998096
            ]
          ]
        ]
      }
    },
    {
      "type": "Feature",
      "properties": {
        "unit_id": "B022-F02-U01",
        "floor_id": "B022-F02",
        "building_id": "B022",
        "parcel_id": "P000022",
        "demo_ulpin": "DEMO-TN-CHN-000022",
        "property_3d_id": "3D-CHN-P000022-B022-F02-U01",
        "area_sqm": 75.0,
        "z_min": 3.2,
        "z_max": 6.4,
        "height": 3.2,
        "volume_m3": 240.0,
        "data_status": "DEMO / SYNTHETIC"
      },
      "geometry": {
        "type": "Polygon",
        "coordinates": [
          [
            [
              80.20526968303601,
              13.0842318498112
            ],
            [
              80.20526530507166,
              13.0843207998096
            ],
            [
              80.20531968303834,
              13.0843207998096
            ],
            [
              80.20531968303834,
              13.084234246123094
            ],
            [
              80.20526968303601,
              13.0842318498112
            ]
          ]
        ]
      }
    },
    {
      "type": "Feature",
      "properties": {
        "unit_id": "B022-F02-U02",
        "floor_id": "B022-F02",
        "building_id": "B022",
        "parcel_id": "P000022",
        "demo_ulpin": "DEMO-TN-CHN-000022",
        "property_3d_id": "3D-CHN-P000022-B022-F02-U02",
        "area_sqm": 75.0,
        "z_min": 3.2,
        "z_max": 6.4,
        "height": 3.2,
        "volume_m3": 240.0,
        "data_status": "DEMO / SYNTHETIC"
      },
      "geometry": {
        "type": "Polygon",
        "coordinates": [
          [
            [
              80.20531968303834,
              13.084234246123094
            ],
            [
              80.20531968303834,
              13.0843207998096
            ],
            [
              80.20537401251055,
              13.0843207998096
            ],
            [
              80.2053781830346,
              13.084237049807701
            ],
            [
              80.20531968303834,
              13.084234246123094
            ]
          ]
        ]
      }
    },
    {
      "type": "Feature",
      "properties": {
        "unit_id": "B022-F02-U03",
        "floor_id": "B022-F02",
        "building_id": "B022",
        "parcel_id": "P000022",
        "demo_ulpin": "DEMO-TN-CHN-000022",
        "property_3d_id": "3D-CHN-P000022-B022-F02-U03",
        "area_sqm": 75.0,
        "z_min": 3.2,
        "z_max": 6.4,
        "height": 3.2,
        "volume_m3": 240.0,
        "data_status": "DEMO / SYNTHETIC"
      },
      "geometry": {
        "type": "Polygon",
        "coordinates": [
          [
            [
              80.20531968303834,
              13.08440735608253
            ],
            [
              80.20531968303834,
              13.0843207998096
            ],
            [
              80.20526530507166,
              13.0843207998096
            ],
            [
              80.2052611830421,
              13.0844045498115
            ],
            [
              80.20531968303834,
              13.08440735608253
            ]
          ]
        ]
      }
    },
    {
      "type": "Feature",
      "properties": {
        "unit_id": "B022-F02-U04",
        "floor_id": "B022-F02",
        "building_id": "B022",
        "parcel_id": "P000022",
        "demo_ulpin": "DEMO-TN-CHN-000022",
        "property_3d_id": "3D-CHN-P000022-B022-F02-U04",
        "area_sqm": 75.0,
        "z_min": 3.2,
        "z_max": 6.4,
        "height": 3.2,
        "volume_m3": 240.0,
        "data_status": "DEMO / SYNTHETIC"
      },
      "geometry": {
        "type": "Polygon",
        "coordinates": [
          [
            [
              80.20537401251055,
              13.0843207998096
            ],
            [
              80.20531968303834,
              13.0843207998096
            ],
            [
              80.20531968303834,
              13.08440735608253
            ],
            [
              80.2053695830407,
              13.084409749808
            ],
            [
              80.20537401251055,
              13.0843207998096
            ]
          ]
        ]
      }
    },
    {
      "type": "Feature",
      "properties": {
        "unit_id": "B022-F03-U01",
        "floor_id": "B022-F03",
        "building_id": "B022",
        "parcel_id": "P000022",
        "demo_ulpin": "DEMO-TN-CHN-000022",
        "property_3d_id": "3D-CHN-P000022-B022-F03-U01",
        "area_sqm": 75.0,
        "z_min": 6.4,
        "z_max": 9.600000000000001,
        "height": 3.200000000000001,
        "volume_m3": 240.00000000000009,
        "data_status": "DEMO / SYNTHETIC"
      },
      "geometry": {
        "type": "Polygon",
        "coordinates": [
          [
            [
              80.20526968303601,
              13.0842318498112
            ],
            [
              80.20526530507166,
              13.0843207998096
            ],
            [
              80.20531968303834,
              13.0843207998096
            ],
            [
              80.20531968303834,
              13.084234246123094
            ],
            [
              80.20526968303601,
              13.0842318498112
            ]
          ]
        ]
      }
    },
    {
      "type": "Feature",
      "properties": {
        "unit_id": "B022-F03-U02",
        "floor_id": "B022-F03",
        "building_id": "B022",
        "parcel_id": "P000022",
        "demo_ulpin": "DEMO-TN-CHN-000022",
        "property_3d_id": "3D-CHN-P000022-B022-F03-U02",
        "area_sqm": 75.0,
        "z_min": 6.4,
        "z_max": 9.600000000000001,
        "height": 3.200000000000001,
        "volume_m3": 240.00000000000009,
        "data_status": "DEMO / SYNTHETIC"
      },
      "geometry": {
        "type": "Polygon",
        "coordinates": [
          [
            [
              80.20531968303834,
              13.084234246123094
            ],
            [
              80.20531968303834,
              13.0843207998096
            ],
            [
              80.20537401251055,
              13.0843207998096
            ],
            [
              80.2053781830346,
              13.084237049807701
            ],
            [
              80.20531968303834,
              13.084234246123094
            ]
          ]
        ]
      }
    },
    {
      "type": "Feature",
      "properties": {
        "unit_id": "B022-F03-U03",
        "floor_id": "B022-F03",
        "building_id": "B022",
        "parcel_id": "P000022",
        "demo_ulpin": "DEMO-TN-CHN-000022",
        "property_3d_id": "3D-CHN-P000022-B022-F03-U03",
        "area_sqm": 75.0,
        "z_min": 6.4,
        "z_max": 9.600000000000001,
        "height": 3.200000000000001,
        "volume_m3": 240.00000000000009,
        "data_status": "DEMO / SYNTHETIC"
      },
      "geometry": {
        "type": "Polygon",
        "coordinates": [
          [
            [
              80.20531968303834,
              13.08440735608253
            ],
            [
              80.20531968303834,
              13.0843207998096
            ],
            [
              80.20526530507166,
              13.0843207998096
            ],
            [
              80.2052611830421,
              13.0844045498115
            ],
            [
              80.20531968303834,
              13.08440735608253
            ]
          ]
        ]
      }
    },
    {
      "type": "Feature",
      "properties": {
        "unit_id": "B022-F03-U04",
        "floor_id": "B022-F03",
        "building_id": "B022",
        "parcel_id": "P000022",
        "demo_ulpin": "DEMO-TN-CHN-000022",
        "property_3d_id": "3D-CHN-P000022-B022-F03-U04",
        "area_sqm": 75.0,
        "z_min": 6.4,
        "z_max": 9.600000000000001,
        "height": 3.200000000000001,
        "volume_m3": 240.00000000000009,
        "data_status": "DEMO / SYNTHETIC"
      },
      "geometry": {
        "type": "Polygon",
        "coordinates": [
          [
            [
              80.20537401251055,
              13.0843207998096
            ],
            [
              80.20531968303834,
              13.0843207998096
            ],
            [
              80.20531968303834,
              13.08440735608253
            ],
            [
              80.2053695830407,
              13.084409749808
            ],
            [
              80.20537401251055,
              13.0843207998096
            ]
          ]
        ]
      }
    },
    {
      "type": "Feature",
      "properties": {
        "unit_id": "B022-F04-U01",
        "floor_id": "B022-F04",
        "building_id": "B022",
        "parcel_id": "P000022",
        "demo_ulpin": "DEMO-TN-CHN-000022",
        "property_3d_id": "3D-CHN-P000022-B022-F04-U01",
        "area_sqm": 75.0,
        "z_min": 9.600000000000001,
        "z_max": 12.8,
        "height": 3.1999999999999993,
        "volume_m3": 239.99999999999994,
        "data_status": "DEMO / SYNTHETIC"
      },
      "geometry": {
        "type": "Polygon",
        "coordinates": [
          [
            [
              80.20526968303601,
              13.0842318498112
            ],
            [
              80.20526530507166,
              13.0843207998096
            ],
            [
              80.20531968303834,
              13.0843207998096
            ],
            [
              80.20531968303834,
              13.084234246123094
            ],
            [
              80.20526968303601,
              13.0842318498112
            ]
          ]
        ]
      }
    },
    {
      "type": "Feature",
      "properties": {
        "unit_id": "B022-F04-U02",
        "floor_id": "B022-F04",
        "building_id": "B022",
        "parcel_id": "P000022",
        "demo_ulpin": "DEMO-TN-CHN-000022",
        "property_3d_id": "3D-CHN-P000022-B022-F04-U02",
        "area_sqm": 75.0,
        "z_min": 9.600000000000001,
        "z_max": 12.8,
        "height": 3.1999999999999993,
        "volume_m3": 239.99999999999994,
        "data_status": "DEMO / SYNTHETIC"
      },
      "geometry": {
        "type": "Polygon",
        "coordinates": [
          [
            [
              80.20531968303834,
              13.084234246123094
            ],
            [
              80.20531968303834,
              13.0843207998096
            ],
            [
              80.20537401251055,
              13.0843207998096
            ],
            [
              80.2053781830346,
              13.084237049807701
            ],
            [
              80.20531968303834,
              13.084234246123094
            ]
          ]
        ]
      }
    },
    {
      "type": "Feature",
      "properties": {
        "unit_id": "B022-F04-U03",
        "floor_id": "B022-F04",
        "building_id": "B022",
        "parcel_id": "P000022",
        "demo_ulpin": "DEMO-TN-CHN-000022",
        "property_3d_id": "3D-CHN-P000022-B022-F04-U03",
        "area_sqm": 75.0,
        "z_min": 9.600000000000001,
        "z_max": 12.8,
        "height": 3.1999999999999993,
        "volume_m3": 239.99999999999994,
        "data_status": "DEMO / SYNTHETIC"
      },
      "geometry": {
        "type": "Polygon",
        "coordinates": [
          [
            [
              80.20531968303834,
              13.08440735608253
            ],
            [
              80.20531968303834,
              13.0843207998096
            ],
            [
              80.20526530507166,
              13.0843207998096
            ],
            [
              80.2052611830421,
              13.0844045498115
            ],
            [
              80.20531968303834,
              13.08440735608253
            ]
          ]
        ]
      }
    },
    {
      "type": "Feature",
      "properties": {
        "unit_id": "B022-F04-U04",
        "floor_id": "B022-F04",
        "building_id": "B022",
        "parcel_id": "P000022",
        "demo_ulpin": "DEMO-TN-CHN-000022",
        "property_3d_id": "3D-CHN-P000022-B022-F04-U04",
        "area_sqm": 75.0,
        "z_min": 9.600000000000001,
        "z_max": 12.8,
        "height": 3.1999999999999993,
        "volume_m3": 239.99999999999994,
        "data_status": "DEMO / SYNTHETIC"
      },
      "geometry": {
        "type": "Polygon",
        "coordinates": [
          [
            [
              80.20537401251055,
              13.0843207998096
            ],
            [
              80.20531968303834,
              13.0843207998096
            ],
            [
              80.20531968303834,
              13.08440735608253
            ],
            [
              80.2053695830407,
              13.084409749808
            ],
            [
              80.20537401251055,
              13.0843207998096
            ]
          ]
        ]
      }
    },
    {
      "type": "Feature",
      "properties": {
        "unit_id": "B022-F05-U01",
        "floor_id": "B022-F05",
        "building_id": "B022",
        "parcel_id": "P000022",
        "demo_ulpin": "DEMO-TN-CHN-000022",
        "property_3d_id": "3D-CHN-P000022-B022-F05-U01",
        "area_sqm": 75.0,
        "z_min": 12.8,
        "z_max": 16.0,
        "height": 3.1999999999999993,
        "volume_m3": 239.99999999999994,
        "data_status": "DEMO / SYNTHETIC"
      },
      "geometry": {
        "type": "Polygon",
        "coordinates": [
          [
            [
              80.20526968303601,
              13.0842318498112
            ],
            [
              80.20526530507166,
              13.0843207998096
            ],
            [
              80.20531968303834,
              13.0843207998096
            ],
            [
              80.20531968303834,
              13.084234246123094
            ],
            [
              80.20526968303601,
              13.0842318498112
            ]
          ]
        ]
      }
    },
    {
      "type": "Feature",
      "properties": {
        "unit_id": "B022-F05-U02",
        "floor_id": "B022-F05",
        "building_id": "B022",
        "parcel_id": "P000022",
        "demo_ulpin": "DEMO-TN-CHN-000022",
        "property_3d_id": "3D-CHN-P000022-B022-F05-U02",
        "area_sqm": 75.0,
        "z_min": 12.8,
        "z_max": 16.0,
        "height": 3.1999999999999993,
        "volume_m3": 239.99999999999994,
        "data_status": "DEMO / SYNTHETIC"
      },
      "geometry": {
        "type": "Polygon",
        "coordinates": [
          [
            [
              80.20531968303834,
              13.084234246123094
            ],
            [
              80.20531968303834,
              13.0843207998096
            ],
            [
              80.20537401251055,
              13.0843207998096
            ],
            [
              80.2053781830346,
              13.084237049807701
            ],
            [
              80.20531968303834,
              13.084234246123094
            ]
          ]
        ]
      }
    },
    {
      "type": "Feature",
      "properties": {
        "unit_id": "B022-F05-U03",
        "floor_id": "B022-F05",
        "building_id": "B022",
        "parcel_id": "P000022",
        "demo_ulpin": "DEMO-TN-CHN-000022",
        "property_3d_id": "3D-CHN-P000022-B022-F05-U03",
        "area_sqm": 75.0,
        "z_min": 12.8,
        "z_max": 16.0,
        "height": 3.1999999999999993,
        "volume_m3": 239.99999999999994,
        "data_status": "DEMO / SYNTHETIC"
      },
      "geometry": {
        "type": "Polygon",
        "coordinates": [
          [
            [
              80.20531968303834,
              13.08440735608253
            ],
            [
              80.20531968303834,
              13.0843207998096
            ],
            [
              80.20526530507166,
              13.0843207998096
            ],
            [
              80.2052611830421,
              13.0844045498115
            ],
            [
              80.20531968303834,
              13.08440735608253
            ]
          ]
        ]
      }
    },
    {
      "type": "Feature",
      "properties": {
        "unit_id": "B022-F05-U04",
        "floor_id": "B022-F05",
        "building_id": "B022",
        "parcel_id": "P000022",
        "demo_ulpin": "DEMO-TN-CHN-000022",
        "property_3d_id": "3D-CHN-P000022-B022-F05-U04",
        "area_sqm": 75.0,
        "z_min": 12.8,
        "z_max": 16.0,
        "height": 3.1999999999999993,
        "volume_m3": 239.99999999999994,
        "data_status": "DEMO / SYNTHETIC"
      },
      "geometry": {
        "type": "Polygon",
        "coordinates": [
          [
            [
              80.20537401251055,
              13.0843207998096
            ],
            [
              80.20531968303834,
              13.0843207998096
            ],
            [
              80.20531968303834,
              13.08440735608253
            ],
            [
              80.2053695830407,
              13.084409749808
            ],
            [
              80.20537401251055,
              13.0843207998096
            ]
          ]
        ]
      }
    },
    {
      "type": "Feature",
      "properties": {
        "unit_id": "B023-F01-U01",
        "floor_id": "B023-F01",
        "building_id": "B023",
        "parcel_id": "P000023",
        "demo_ulpin": "DEMO-TN-CHN-000023",
        "property_3d_id": "3D-CHN-P000023-B023-F01-U01",
        "area_sqm": 75.0,
        "z_min": 0.0,
        "z_max": 3.2,
        "height": 3.2,
        "volume_m3": 240.0,
        "data_status": "DEMO / SYNTHETIC"
      },
      "geometry": {
        "type": "Polygon",
        "coordinates": [
          [
            [
              80.20418954373692,
              13.08466666979245
            ],
            [
              80.2042483793918,
              13.08466666979245
            ],
            [
              80.2042483793918,
              13.084579775842656
            ],
            [
              80.2041907808369,
              13.0845789948993
            ],
            [
              80.20418954373692,
              13.08466666979245
            ]
          ]
        ]
      }
    },
    {
      "type": "Feature",
      "properties": {
        "unit_id": "B023-F01-U02",
        "floor_id": "B023-F01",
        "building_id": "B023",
        "parcel_id": "P000023",
        "demo_ulpin": "DEMO-TN-CHN-000023",
        "property_3d_id": "3D-CHN-P000023-B023-F01-U02",
        "area_sqm": 75.0,
        "z_min": 0.0,
        "z_max": 3.2,
        "height": 3.2,
        "volume_m3": 240.0,
        "data_status": "DEMO / SYNTHETIC"
      },
      "geometry": {
        "type": "Polygon",
        "coordinates": [
          [
            [
              80.2043084296392,
              13.084580590027
            ],
            [
              80.2042483793918,
              13.084579775842656
            ],
            [
              80.2042483793918,
              13.08466666979245
            ],
            [
              80.20430721508737,
              13.08466666979245
            ],
            [
              80.2043084296392,
              13.084580590027
            ]
          ]
        ]
      }
    },
    {
      "type": "Feature",
      "properties": {
        "unit_id": "B023-F01-U03",
        "floor_id": "B023-F01",
        "building_id": "B023",
        "parcel_id": "P000023",
        "demo_ulpin": "DEMO-TN-CHN-000023",
        "property_3d_id": "3D-CHN-P000023-B023-F01-U03",
        "area_sqm": 75.0,
        "z_min": 0.0,
        "z_max": 3.2,
        "height": 3.2,
        "volume_m3": 240.0,
        "data_status": "DEMO / SYNTHETIC"
      },
      "geometry": {
        "type": "Polygon",
        "coordinates": [
          [
            [
              80.2042483793918,
              13.084753563738738
            ],
            [
              80.2042483793918,
              13.08466666979245
            ],
            [
              80.20418954373692,
              13.08466666979245
            ],
            [
              80.2041883291444,
              13.0847527495519
            ],
            [
              80.2042483793918,
              13.084753563738738
            ]
          ]
        ]
      }
    },
    {
      "type": "Feature",
      "properties": {
        "unit_id": "B023-F01-U04",
        "floor_id": "B023-F01",
        "building_id": "B023",
        "parcel_id": "P000023",
        "demo_ulpin": "DEMO-TN-CHN-000023",
        "property_3d_id": "3D-CHN-P000023-B023-F01-U04",
        "area_sqm": 75.0,
        "z_min": 0.0,
        "z_max": 3.2,
        "height": 3.2,
        "volume_m3": 240.0,
        "data_status": "DEMO / SYNTHETIC"
      },
      "geometry": {
        "type": "Polygon",
        "coordinates": [
          [
            [
              80.20430721508737,
              13.08466666979245
            ],
            [
              80.2042483793918,
              13.08466666979245
            ],
            [
              80.2042483793918,
              13.084753563738738
            ],
            [
              80.2043059780289,
              13.0847543446856
            ],
            [
              80.20430721508737,
              13.08466666979245
            ]
          ]
        ]
      }
    },
    {
      "type": "Feature",
      "properties": {
        "unit_id": "B023-F02-U01",
        "floor_id": "B023-F02",
        "building_id": "B023",
        "parcel_id": "P000023",
        "demo_ulpin": "DEMO-TN-CHN-000023",
        "property_3d_id": "3D-CHN-P000023-B023-F02-U01",
        "area_sqm": 75.0,
        "z_min": 3.2,
        "z_max": 6.4,
        "height": 3.2,
        "volume_m3": 240.0,
        "data_status": "DEMO / SYNTHETIC"
      },
      "geometry": {
        "type": "Polygon",
        "coordinates": [
          [
            [
              80.20418954373692,
              13.08466666979245
            ],
            [
              80.2042483793918,
              13.08466666979245
            ],
            [
              80.2042483793918,
              13.084579775842656
            ],
            [
              80.2041907808369,
              13.0845789948993
            ],
            [
              80.20418954373692,
              13.08466666979245
            ]
          ]
        ]
      }
    },
    {
      "type": "Feature",
      "properties": {
        "unit_id": "B023-F02-U02",
        "floor_id": "B023-F02",
        "building_id": "B023",
        "parcel_id": "P000023",
        "demo_ulpin": "DEMO-TN-CHN-000023",
        "property_3d_id": "3D-CHN-P000023-B023-F02-U02",
        "area_sqm": 75.0,
        "z_min": 3.2,
        "z_max": 6.4,
        "height": 3.2,
        "volume_m3": 240.0,
        "data_status": "DEMO / SYNTHETIC"
      },
      "geometry": {
        "type": "Polygon",
        "coordinates": [
          [
            [
              80.2043084296392,
              13.084580590027
            ],
            [
              80.2042483793918,
              13.084579775842656
            ],
            [
              80.2042483793918,
              13.08466666979245
            ],
            [
              80.20430721508737,
              13.08466666979245
            ],
            [
              80.2043084296392,
              13.084580590027
            ]
          ]
        ]
      }
    },
    {
      "type": "Feature",
      "properties": {
        "unit_id": "B023-F02-U03",
        "floor_id": "B023-F02",
        "building_id": "B023",
        "parcel_id": "P000023",
        "demo_ulpin": "DEMO-TN-CHN-000023",
        "property_3d_id": "3D-CHN-P000023-B023-F02-U03",
        "area_sqm": 75.0,
        "z_min": 3.2,
        "z_max": 6.4,
        "height": 3.2,
        "volume_m3": 240.0,
        "data_status": "DEMO / SYNTHETIC"
      },
      "geometry": {
        "type": "Polygon",
        "coordinates": [
          [
            [
              80.2042483793918,
              13.084753563738738
            ],
            [
              80.2042483793918,
              13.08466666979245
            ],
            [
              80.20418954373692,
              13.08466666979245
            ],
            [
              80.2041883291444,
              13.0847527495519
            ],
            [
              80.2042483793918,
              13.084753563738738
            ]
          ]
        ]
      }
    },
    {
      "type": "Feature",
      "properties": {
        "unit_id": "B023-F02-U04",
        "floor_id": "B023-F02",
        "building_id": "B023",
        "parcel_id": "P000023",
        "demo_ulpin": "DEMO-TN-CHN-000023",
        "property_3d_id": "3D-CHN-P000023-B023-F02-U04",
        "area_sqm": 75.0,
        "z_min": 3.2,
        "z_max": 6.4,
        "height": 3.2,
        "volume_m3": 240.0,
        "data_status": "DEMO / SYNTHETIC"
      },
      "geometry": {
        "type": "Polygon",
        "coordinates": [
          [
            [
              80.20430721508737,
              13.08466666979245
            ],
            [
              80.2042483793918,
              13.08466666979245
            ],
            [
              80.2042483793918,
              13.084753563738738
            ],
            [
              80.2043059780289,
              13.0847543446856
            ],
            [
              80.20430721508737,
              13.08466666979245
            ]
          ]
        ]
      }
    },
    {
      "type": "Feature",
      "properties": {
        "unit_id": "B023-F03-U01",
        "floor_id": "B023-F03",
        "building_id": "B023",
        "parcel_id": "P000023",
        "demo_ulpin": "DEMO-TN-CHN-000023",
        "property_3d_id": "3D-CHN-P000023-B023-F03-U01",
        "area_sqm": 75.0,
        "z_min": 6.4,
        "z_max": 9.600000000000001,
        "height": 3.200000000000001,
        "volume_m3": 240.00000000000009,
        "data_status": "DEMO / SYNTHETIC"
      },
      "geometry": {
        "type": "Polygon",
        "coordinates": [
          [
            [
              80.20418954373692,
              13.08466666979245
            ],
            [
              80.2042483793918,
              13.08466666979245
            ],
            [
              80.2042483793918,
              13.084579775842656
            ],
            [
              80.2041907808369,
              13.0845789948993
            ],
            [
              80.20418954373692,
              13.08466666979245
            ]
          ]
        ]
      }
    },
    {
      "type": "Feature",
      "properties": {
        "unit_id": "B023-F03-U02",
        "floor_id": "B023-F03",
        "building_id": "B023",
        "parcel_id": "P000023",
        "demo_ulpin": "DEMO-TN-CHN-000023",
        "property_3d_id": "3D-CHN-P000023-B023-F03-U02",
        "area_sqm": 75.0,
        "z_min": 6.4,
        "z_max": 9.600000000000001,
        "height": 3.200000000000001,
        "volume_m3": 240.00000000000009,
        "data_status": "DEMO / SYNTHETIC"
      },
      "geometry": {
        "type": "Polygon",
        "coordinates": [
          [
            [
              80.2043084296392,
              13.084580590027
            ],
            [
              80.2042483793918,
              13.084579775842656
            ],
            [
              80.2042483793918,
              13.08466666979245
            ],
            [
              80.20430721508737,
              13.08466666979245
            ],
            [
              80.2043084296392,
              13.084580590027
            ]
          ]
        ]
      }
    },
    {
      "type": "Feature",
      "properties": {
        "unit_id": "B023-F03-U03",
        "floor_id": "B023-F03",
        "building_id": "B023",
        "parcel_id": "P000023",
        "demo_ulpin": "DEMO-TN-CHN-000023",
        "property_3d_id": "3D-CHN-P000023-B023-F03-U03",
        "area_sqm": 75.0,
        "z_min": 6.4,
        "z_max": 9.600000000000001,
        "height": 3.200000000000001,
        "volume_m3": 240.00000000000009,
        "data_status": "DEMO / SYNTHETIC"
      },
      "geometry": {
        "type": "Polygon",
        "coordinates": [
          [
            [
              80.2042483793918,
              13.084753563738738
            ],
            [
              80.2042483793918,
              13.08466666979245
            ],
            [
              80.20418954373692,
              13.08466666979245
            ],
            [
              80.2041883291444,
              13.0847527495519
            ],
            [
              80.2042483793918,
              13.084753563738738
            ]
          ]
        ]
      }
    },
    {
      "type": "Feature",
      "properties": {
        "unit_id": "B023-F03-U04",
        "floor_id": "B023-F03",
        "building_id": "B023",
        "parcel_id": "P000023",
        "demo_ulpin": "DEMO-TN-CHN-000023",
        "property_3d_id": "3D-CHN-P000023-B023-F03-U04",
        "area_sqm": 75.0,
        "z_min": 6.4,
        "z_max": 9.600000000000001,
        "height": 3.200000000000001,
        "volume_m3": 240.00000000000009,
        "data_status": "DEMO / SYNTHETIC"
      },
      "geometry": {
        "type": "Polygon",
        "coordinates": [
          [
            [
              80.20430721508737,
              13.08466666979245
            ],
            [
              80.2042483793918,
              13.08466666979245
            ],
            [
              80.2042483793918,
              13.084753563738738
            ],
            [
              80.2043059780289,
              13.0847543446856
            ],
            [
              80.20430721508737,
              13.08466666979245
            ]
          ]
        ]
      }
    },
    {
      "type": "Feature",
      "properties": {
        "unit_id": "B023-F04-U01",
        "floor_id": "B023-F04",
        "building_id": "B023",
        "parcel_id": "P000023",
        "demo_ulpin": "DEMO-TN-CHN-000023",
        "property_3d_id": "3D-CHN-P000023-B023-F04-U01",
        "area_sqm": 75.0,
        "z_min": 9.600000000000001,
        "z_max": 12.8,
        "height": 3.1999999999999993,
        "volume_m3": 239.99999999999994,
        "data_status": "DEMO / SYNTHETIC"
      },
      "geometry": {
        "type": "Polygon",
        "coordinates": [
          [
            [
              80.20418954373692,
              13.08466666979245
            ],
            [
              80.2042483793918,
              13.08466666979245
            ],
            [
              80.2042483793918,
              13.084579775842656
            ],
            [
              80.2041907808369,
              13.0845789948993
            ],
            [
              80.20418954373692,
              13.08466666979245
            ]
          ]
        ]
      }
    },
    {
      "type": "Feature",
      "properties": {
        "unit_id": "B023-F04-U02",
        "floor_id": "B023-F04",
        "building_id": "B023",
        "parcel_id": "P000023",
        "demo_ulpin": "DEMO-TN-CHN-000023",
        "property_3d_id": "3D-CHN-P000023-B023-F04-U02",
        "area_sqm": 75.0,
        "z_min": 9.600000000000001,
        "z_max": 12.8,
        "height": 3.1999999999999993,
        "volume_m3": 239.99999999999994,
        "data_status": "DEMO / SYNTHETIC"
      },
      "geometry": {
        "type": "Polygon",
        "coordinates": [
          [
            [
              80.2043084296392,
              13.084580590027
            ],
            [
              80.2042483793918,
              13.084579775842656
            ],
            [
              80.2042483793918,
              13.08466666979245
            ],
            [
              80.20430721508737,
              13.08466666979245
            ],
            [
              80.2043084296392,
              13.084580590027
            ]
          ]
        ]
      }
    },
    {
      "type": "Feature",
      "properties": {
        "unit_id": "B023-F04-U03",
        "floor_id": "B023-F04",
        "building_id": "B023",
        "parcel_id": "P000023",
        "demo_ulpin": "DEMO-TN-CHN-000023",
        "property_3d_id": "3D-CHN-P000023-B023-F04-U03",
        "area_sqm": 75.0,
        "z_min": 9.600000000000001,
        "z_max": 12.8,
        "height": 3.1999999999999993,
        "volume_m3": 239.99999999999994,
        "data_status": "DEMO / SYNTHETIC"
      },
      "geometry": {
        "type": "Polygon",
        "coordinates": [
          [
            [
              80.2042483793918,
              13.084753563738738
            ],
            [
              80.2042483793918,
              13.08466666979245
            ],
            [
              80.20418954373692,
              13.08466666979245
            ],
            [
              80.2041883291444,
              13.0847527495519
            ],
            [
              80.2042483793918,
              13.084753563738738
            ]
          ]
        ]
      }
    },
    {
      "type": "Feature",
      "properties": {
        "unit_id": "B023-F04-U04",
        "floor_id": "B023-F04",
        "building_id": "B023",
        "parcel_id": "P000023",
        "demo_ulpin": "DEMO-TN-CHN-000023",
        "property_3d_id": "3D-CHN-P000023-B023-F04-U04",
        "area_sqm": 75.0,
        "z_min": 9.600000000000001,
        "z_max": 12.8,
        "height": 3.1999999999999993,
        "volume_m3": 239.99999999999994,
        "data_status": "DEMO / SYNTHETIC"
      },
      "geometry": {
        "type": "Polygon",
        "coordinates": [
          [
            [
              80.20430721508737,
              13.08466666979245
            ],
            [
              80.2042483793918,
              13.08466666979245
            ],
            [
              80.2042483793918,
              13.084753563738738
            ],
            [
              80.2043059780289,
              13.0847543446856
            ],
            [
              80.20430721508737,
              13.08466666979245
            ]
          ]
        ]
      }
    },
    {
      "type": "Feature",
      "properties": {
        "unit_id": "B023-F05-U01",
        "floor_id": "B023-F05",
        "building_id": "B023",
        "parcel_id": "P000023",
        "demo_ulpin": "DEMO-TN-CHN-000023",
        "property_3d_id": "3D-CHN-P000023-B023-F05-U01",
        "area_sqm": 75.0,
        "z_min": 12.8,
        "z_max": 16.0,
        "height": 3.1999999999999993,
        "volume_m3": 239.99999999999994,
        "data_status": "DEMO / SYNTHETIC"
      },
      "geometry": {
        "type": "Polygon",
        "coordinates": [
          [
            [
              80.20418954373692,
              13.08466666979245
            ],
            [
              80.2042483793918,
              13.08466666979245
            ],
            [
              80.2042483793918,
              13.084579775842656
            ],
            [
              80.2041907808369,
              13.0845789948993
            ],
            [
              80.20418954373692,
              13.08466666979245
            ]
          ]
        ]
      }
    },
    {
      "type": "Feature",
      "properties": {
        "unit_id": "B023-F05-U02",
        "floor_id": "B023-F05",
        "building_id": "B023",
        "parcel_id": "P000023",
        "demo_ulpin": "DEMO-TN-CHN-000023",
        "property_3d_id": "3D-CHN-P000023-B023-F05-U02",
        "area_sqm": 75.0,
        "z_min": 12.8,
        "z_max": 16.0,
        "height": 3.1999999999999993,
        "volume_m3": 239.99999999999994,
        "data_status": "DEMO / SYNTHETIC"
      },
      "geometry": {
        "type": "Polygon",
        "coordinates": [
          [
            [
              80.2043084296392,
              13.084580590027
            ],
            [
              80.2042483793918,
              13.084579775842656
            ],
            [
              80.2042483793918,
              13.08466666979245
            ],
            [
              80.20430721508737,
              13.08466666979245
            ],
            [
              80.2043084296392,
              13.084580590027
            ]
          ]
        ]
      }
    },
    {
      "type": "Feature",
      "properties": {
        "unit_id": "B023-F05-U03",
        "floor_id": "B023-F05",
        "building_id": "B023",
        "parcel_id": "P000023",
        "demo_ulpin": "DEMO-TN-CHN-000023",
        "property_3d_id": "3D-CHN-P000023-B023-F05-U03",
        "area_sqm": 75.0,
        "z_min": 12.8,
        "z_max": 16.0,
        "height": 3.1999999999999993,
        "volume_m3": 239.99999999999994,
        "data_status": "DEMO / SYNTHETIC"
      },
      "geometry": {
        "type": "Polygon",
        "coordinates": [
          [
            [
              80.2042483793918,
              13.084753563738738
            ],
            [
              80.2042483793918,
              13.08466666979245
            ],
            [
              80.20418954373692,
              13.08466666979245
            ],
            [
              80.2041883291444,
              13.0847527495519
            ],
            [
              80.2042483793918,
              13.084753563738738
            ]
          ]
        ]
      }
    },
    {
      "type": "Feature",
      "properties": {
        "unit_id": "B023-F05-U04",
        "floor_id": "B023-F05",
        "building_id": "B023",
        "parcel_id": "P000023",
        "demo_ulpin": "DEMO-TN-CHN-000023",
        "property_3d_id": "3D-CHN-P000023-B023-F05-U04",
        "area_sqm": 75.0,
        "z_min": 12.8,
        "z_max": 16.0,
        "height": 3.1999999999999993,
        "volume_m3": 239.99999999999994,
        "data_status": "DEMO / SYNTHETIC"
      },
      "geometry": {
        "type": "Polygon",
        "coordinates": [
          [
            [
              80.20430721508737,
              13.08466666979245
            ],
            [
              80.2042483793918,
              13.08466666979245
            ],
            [
              80.2042483793918,
              13.084753563738738
            ],
            [
              80.2043059780289,
              13.0847543446856
            ],
            [
              80.20430721508737,
              13.08466666979245
            ]
          ]
        ]
      }
    },
    {
      "type": "Feature",
      "properties": {
        "unit_id": "B024-F01-U01",
        "floor_id": "B024-F01",
        "building_id": "B024",
        "parcel_id": "P000024",
        "demo_ulpin": "DEMO-TN-CHN-000024",
        "property_3d_id": "3D-CHN-P000024-B024-F01-U01",
        "area_sqm": 75.0,
        "z_min": 0.0,
        "z_max": 3.2,
        "height": 3.2,
        "volume_m3": 240.0,
        "data_status": "DEMO / SYNTHETIC"
      },
      "geometry": {
        "type": "Polygon",
        "coordinates": [
          [
            [
              80.20460054858668,
              13.08558769618155
            ],
            [
              80.20465818831015,
              13.08558769618155
            ],
            [
              80.20465818831015,
              13.085519280369205
            ],
            [
              80.2045971063787,
              13.085522373296
            ],
            [
              80.20460054858668,
              13.08558769618155
            ]
          ]
        ]
      }
    },
    {
      "type": "Feature",
      "properties": {
        "unit_id": "B024-F01-U02",
        "floor_id": "B024-F01",
        "building_id": "B024",
        "parcel_id": "P000024",
        "demo_ulpin": "DEMO-TN-CHN-000024",
        "property_3d_id": "3D-CHN-P000024-B024-F01-U02",
        "area_sqm": 75.0,
        "z_min": 0.0,
        "z_max": 3.2,
        "height": 3.2,
        "volume_m3": 240.0,
        "data_status": "DEMO / SYNTHETIC"
      },
      "geometry": {
        "type": "Polygon",
        "coordinates": [
          [
            [
              80.2047120702713,
              13.085516552018
            ],
            [
              80.20465818831015,
              13.085519280369205
            ],
            [
              80.20465818831015,
              13.08558769618155
            ],
            [
              80.20471581926664,
              13.08558769618155
            ],
            [
              80.2047120702713,
              13.085516552018
            ]
          ]
        ]
      }
    },
    {
      "type": "Feature",
      "properties": {
        "unit_id": "B024-F01-U03",
        "floor_id": "B024-F01",
        "building_id": "B024",
        "parcel_id": "P000024",
        "demo_ulpin": "DEMO-TN-CHN-000024",
        "property_3d_id": "3D-CHN-P000024-B024-F01-U03",
        "area_sqm": 75.0,
        "z_min": 0.0,
        "z_max": 3.2,
        "height": 3.2,
        "volume_m3": 240.0,
        "data_status": "DEMO / SYNTHETIC"
      },
      "geometry": {
        "type": "Polygon",
        "coordinates": [
          [
            [
              80.20465818831015,
              13.085656277778776
            ],
            [
              80.20465818831015,
              13.08558769618155
            ],
            [
              80.20460054858668,
              13.08558769618155
            ],
            [
              80.2046016575752,
              13.0856087414903
            ],
            [
              80.204604931684,
              13.0856085757043
            ],
            [
              80.2046075803948,
              13.0856588403451
            ],
            [
              80.20465818831015,
              13.085656277778776
            ]
          ]
        ]
      }
    },
    {
      "type": "Feature",
      "properties": {
        "unit_id": "B024-F01-U04",
        "floor_id": "B024-F01",
        "building_id": "B024",
        "parcel_id": "P000024",
        "demo_ulpin": "DEMO-TN-CHN-000024",
        "property_3d_id": "3D-CHN-P000024-B024-F01-U04",
        "area_sqm": 75.0,
        "z_min": 0.0,
        "z_max": 3.2,
        "height": 3.2,
        "volume_m3": 240.0,
        "data_status": "DEMO / SYNTHETIC"
      },
      "geometry": {
        "type": "Polygon",
        "coordinates": [
          [
            [
              80.20471581926664,
              13.08558769618155
            ],
            [
              80.20465818831015,
              13.08558769618155
            ],
            [
              80.20465818831015,
              13.085656277778776
            ],
            [
              80.2047192702416,
              13.0856531848535
            ],
            [
              80.20471581926664,
              13.08558769618155
            ]
          ]
        ]
      }
    },
    {
      "type": "Feature",
      "properties": {
        "unit_id": "B024-F02-U01",
        "floor_id": "B024-F02",
        "building_id": "B024",
        "parcel_id": "P000024",
        "demo_ulpin": "DEMO-TN-CHN-000024",
        "property_3d_id": "3D-CHN-P000024-B024-F02-U01",
        "area_sqm": 75.0,
        "z_min": 3.2,
        "z_max": 6.4,
        "height": 3.2,
        "volume_m3": 240.0,
        "data_status": "DEMO / SYNTHETIC"
      },
      "geometry": {
        "type": "Polygon",
        "coordinates": [
          [
            [
              80.20460054858668,
              13.08558769618155
            ],
            [
              80.20465818831015,
              13.08558769618155
            ],
            [
              80.20465818831015,
              13.085519280369205
            ],
            [
              80.2045971063787,
              13.085522373296
            ],
            [
              80.20460054858668,
              13.08558769618155
            ]
          ]
        ]
      }
    },
    {
      "type": "Feature",
      "properties": {
        "unit_id": "B024-F02-U02",
        "floor_id": "B024-F02",
        "building_id": "B024",
        "parcel_id": "P000024",
        "demo_ulpin": "DEMO-TN-CHN-000024",
        "property_3d_id": "3D-CHN-P000024-B024-F02-U02",
        "area_sqm": 75.0,
        "z_min": 3.2,
        "z_max": 6.4,
        "height": 3.2,
        "volume_m3": 240.0,
        "data_status": "DEMO / SYNTHETIC"
      },
      "geometry": {
        "type": "Polygon",
        "coordinates": [
          [
            [
              80.2047120702713,
              13.085516552018
            ],
            [
              80.20465818831015,
              13.085519280369205
            ],
            [
              80.20465818831015,
              13.08558769618155
            ],
            [
              80.20471581926664,
              13.08558769618155
            ],
            [
              80.2047120702713,
              13.085516552018
            ]
          ]
        ]
      }
    },
    {
      "type": "Feature",
      "properties": {
        "unit_id": "B024-F02-U03",
        "floor_id": "B024-F02",
        "building_id": "B024",
        "parcel_id": "P000024",
        "demo_ulpin": "DEMO-TN-CHN-000024",
        "property_3d_id": "3D-CHN-P000024-B024-F02-U03",
        "area_sqm": 75.0,
        "z_min": 3.2,
        "z_max": 6.4,
        "height": 3.2,
        "volume_m3": 240.0,
        "data_status": "DEMO / SYNTHETIC"
      },
      "geometry": {
        "type": "Polygon",
        "coordinates": [
          [
            [
              80.20465818831015,
              13.085656277778776
            ],
            [
              80.20465818831015,
              13.08558769618155
            ],
            [
              80.20460054858668,
              13.08558769618155
            ],
            [
              80.2046016575752,
              13.0856087414903
            ],
            [
              80.204604931684,
              13.0856085757043
            ],
            [
              80.2046075803948,
              13.0856588403451
            ],
            [
              80.20465818831015,
              13.085656277778776
            ]
          ]
        ]
      }
    },
    {
      "type": "Feature",
      "properties": {
        "unit_id": "B024-F02-U04",
        "floor_id": "B024-F02",
        "building_id": "B024",
        "parcel_id": "P000024",
        "demo_ulpin": "DEMO-TN-CHN-000024",
        "property_3d_id": "3D-CHN-P000024-B024-F02-U04",
        "area_sqm": 75.0,
        "z_min": 3.2,
        "z_max": 6.4,
        "height": 3.2,
        "volume_m3": 240.0,
        "data_status": "DEMO / SYNTHETIC"
      },
      "geometry": {
        "type": "Polygon",
        "coordinates": [
          [
            [
              80.20471581926664,
              13.08558769618155
            ],
            [
              80.20465818831015,
              13.08558769618155
            ],
            [
              80.20465818831015,
              13.085656277778776
            ],
            [
              80.2047192702416,
              13.0856531848535
            ],
            [
              80.20471581926664,
              13.08558769618155
            ]
          ]
        ]
      }
    },
    {
      "type": "Feature",
      "properties": {
        "unit_id": "B024-F03-U01",
        "floor_id": "B024-F03",
        "building_id": "B024",
        "parcel_id": "P000024",
        "demo_ulpin": "DEMO-TN-CHN-000024",
        "property_3d_id": "3D-CHN-P000024-B024-F03-U01",
        "area_sqm": 75.0,
        "z_min": 6.4,
        "z_max": 9.600000000000001,
        "height": 3.200000000000001,
        "volume_m3": 240.00000000000009,
        "data_status": "DEMO / SYNTHETIC"
      },
      "geometry": {
        "type": "Polygon",
        "coordinates": [
          [
            [
              80.20460054858668,
              13.08558769618155
            ],
            [
              80.20465818831015,
              13.08558769618155
            ],
            [
              80.20465818831015,
              13.085519280369205
            ],
            [
              80.2045971063787,
              13.085522373296
            ],
            [
              80.20460054858668,
              13.08558769618155
            ]
          ]
        ]
      }
    },
    {
      "type": "Feature",
      "properties": {
        "unit_id": "B024-F03-U02",
        "floor_id": "B024-F03",
        "building_id": "B024",
        "parcel_id": "P000024",
        "demo_ulpin": "DEMO-TN-CHN-000024",
        "property_3d_id": "3D-CHN-P000024-B024-F03-U02",
        "area_sqm": 75.0,
        "z_min": 6.4,
        "z_max": 9.600000000000001,
        "height": 3.200000000000001,
        "volume_m3": 240.00000000000009,
        "data_status": "DEMO / SYNTHETIC"
      },
      "geometry": {
        "type": "Polygon",
        "coordinates": [
          [
            [
              80.2047120702713,
              13.085516552018
            ],
            [
              80.20465818831015,
              13.085519280369205
            ],
            [
              80.20465818831015,
              13.08558769618155
            ],
            [
              80.20471581926664,
              13.08558769618155
            ],
            [
              80.2047120702713,
              13.085516552018
            ]
          ]
        ]
      }
    },
    {
      "type": "Feature",
      "properties": {
        "unit_id": "B024-F03-U03",
        "floor_id": "B024-F03",
        "building_id": "B024",
        "parcel_id": "P000024",
        "demo_ulpin": "DEMO-TN-CHN-000024",
        "property_3d_id": "3D-CHN-P000024-B024-F03-U03",
        "area_sqm": 75.0,
        "z_min": 6.4,
        "z_max": 9.600000000000001,
        "height": 3.200000000000001,
        "volume_m3": 240.00000000000009,
        "data_status": "DEMO / SYNTHETIC"
      },
      "geometry": {
        "type": "Polygon",
        "coordinates": [
          [
            [
              80.20465818831015,
              13.085656277778776
            ],
            [
              80.20465818831015,
              13.08558769618155
            ],
            [
              80.20460054858668,
              13.08558769618155
            ],
            [
              80.2046016575752,
              13.0856087414903
            ],
            [
              80.204604931684,
              13.0856085757043
            ],
            [
              80.2046075803948,
              13.0856588403451
            ],
            [
              80.20465818831015,
              13.085656277778776
            ]
          ]
        ]
      }
    },
    {
      "type": "Feature",
      "properties": {
        "unit_id": "B024-F03-U04",
        "floor_id": "B024-F03",
        "building_id": "B024",
        "parcel_id": "P000024",
        "demo_ulpin": "DEMO-TN-CHN-000024",
        "property_3d_id": "3D-CHN-P000024-B024-F03-U04",
        "area_sqm": 75.0,
        "z_min": 6.4,
        "z_max": 9.600000000000001,
        "height": 3.200000000000001,
        "volume_m3": 240.00000000000009,
        "data_status": "DEMO / SYNTHETIC"
      },
      "geometry": {
        "type": "Polygon",
        "coordinates": [
          [
            [
              80.20471581926664,
              13.08558769618155
            ],
            [
              80.20465818831015,
              13.08558769618155
            ],
            [
              80.20465818831015,
              13.085656277778776
            ],
            [
              80.2047192702416,
              13.0856531848535
            ],
            [
              80.20471581926664,
              13.08558769618155
            ]
          ]
        ]
      }
    },
    {
      "type": "Feature",
      "properties": {
        "unit_id": "B024-F04-U01",
        "floor_id": "B024-F04",
        "building_id": "B024",
        "parcel_id": "P000024",
        "demo_ulpin": "DEMO-TN-CHN-000024",
        "property_3d_id": "3D-CHN-P000024-B024-F04-U01",
        "area_sqm": 75.0,
        "z_min": 9.600000000000001,
        "z_max": 12.8,
        "height": 3.1999999999999993,
        "volume_m3": 239.99999999999994,
        "data_status": "DEMO / SYNTHETIC"
      },
      "geometry": {
        "type": "Polygon",
        "coordinates": [
          [
            [
              80.20460054858668,
              13.08558769618155
            ],
            [
              80.20465818831015,
              13.08558769618155
            ],
            [
              80.20465818831015,
              13.085519280369205
            ],
            [
              80.2045971063787,
              13.085522373296
            ],
            [
              80.20460054858668,
              13.08558769618155
            ]
          ]
        ]
      }
    },
    {
      "type": "Feature",
      "properties": {
        "unit_id": "B024-F04-U02",
        "floor_id": "B024-F04",
        "building_id": "B024",
        "parcel_id": "P000024",
        "demo_ulpin": "DEMO-TN-CHN-000024",
        "property_3d_id": "3D-CHN-P000024-B024-F04-U02",
        "area_sqm": 75.0,
        "z_min": 9.600000000000001,
        "z_max": 12.8,
        "height": 3.1999999999999993,
        "volume_m3": 239.99999999999994,
        "data_status": "DEMO / SYNTHETIC"
      },
      "geometry": {
        "type": "Polygon",
        "coordinates": [
          [
            [
              80.2047120702713,
              13.085516552018
            ],
            [
              80.20465818831015,
              13.085519280369205
            ],
            [
              80.20465818831015,
              13.08558769618155
            ],
            [
              80.20471581926664,
              13.08558769618155
            ],
            [
              80.2047120702713,
              13.085516552018
            ]
          ]
        ]
      }
    },
    {
      "type": "Feature",
      "properties": {
        "unit_id": "B024-F04-U03",
        "floor_id": "B024-F04",
        "building_id": "B024",
        "parcel_id": "P000024",
        "demo_ulpin": "DEMO-TN-CHN-000024",
        "property_3d_id": "3D-CHN-P000024-B024-F04-U03",
        "area_sqm": 75.0,
        "z_min": 9.600000000000001,
        "z_max": 12.8,
        "height": 3.1999999999999993,
        "volume_m3": 239.99999999999994,
        "data_status": "DEMO / SYNTHETIC"
      },
      "geometry": {
        "type": "Polygon",
        "coordinates": [
          [
            [
              80.20465818831015,
              13.085656277778776
            ],
            [
              80.20465818831015,
              13.08558769618155
            ],
            [
              80.20460054858668,
              13.08558769618155
            ],
            [
              80.2046016575752,
              13.0856087414903
            ],
            [
              80.204604931684,
              13.0856085757043
            ],
            [
              80.2046075803948,
              13.0856588403451
            ],
            [
              80.20465818831015,
              13.085656277778776
            ]
          ]
        ]
      }
    },
    {
      "type": "Feature",
      "properties": {
        "unit_id": "B024-F04-U04",
        "floor_id": "B024-F04",
        "building_id": "B024",
        "parcel_id": "P000024",
        "demo_ulpin": "DEMO-TN-CHN-000024",
        "property_3d_id": "3D-CHN-P000024-B024-F04-U04",
        "area_sqm": 75.0,
        "z_min": 9.600000000000001,
        "z_max": 12.8,
        "height": 3.1999999999999993,
        "volume_m3": 239.99999999999994,
        "data_status": "DEMO / SYNTHETIC"
      },
      "geometry": {
        "type": "Polygon",
        "coordinates": [
          [
            [
              80.20471581926664,
              13.08558769618155
            ],
            [
              80.20465818831015,
              13.08558769618155
            ],
            [
              80.20465818831015,
              13.085656277778776
            ],
            [
              80.2047192702416,
              13.0856531848535
            ],
            [
              80.20471581926664,
              13.08558769618155
            ]
          ]
        ]
      }
    },
    {
      "type": "Feature",
      "properties": {
        "unit_id": "B024-F05-U01",
        "floor_id": "B024-F05",
        "building_id": "B024",
        "parcel_id": "P000024",
        "demo_ulpin": "DEMO-TN-CHN-000024",
        "property_3d_id": "3D-CHN-P000024-B024-F05-U01",
        "area_sqm": 75.0,
        "z_min": 12.8,
        "z_max": 16.0,
        "height": 3.1999999999999993,
        "volume_m3": 239.99999999999994,
        "data_status": "DEMO / SYNTHETIC"
      },
      "geometry": {
        "type": "Polygon",
        "coordinates": [
          [
            [
              80.20460054858668,
              13.08558769618155
            ],
            [
              80.20465818831015,
              13.08558769618155
            ],
            [
              80.20465818831015,
              13.085519280369205
            ],
            [
              80.2045971063787,
              13.085522373296
            ],
            [
              80.20460054858668,
              13.08558769618155
            ]
          ]
        ]
      }
    },
    {
      "type": "Feature",
      "properties": {
        "unit_id": "B024-F05-U02",
        "floor_id": "B024-F05",
        "building_id": "B024",
        "parcel_id": "P000024",
        "demo_ulpin": "DEMO-TN-CHN-000024",
        "property_3d_id": "3D-CHN-P000024-B024-F05-U02",
        "area_sqm": 75.0,
        "z_min": 12.8,
        "z_max": 16.0,
        "height": 3.1999999999999993,
        "volume_m3": 239.99999999999994,
        "data_status": "DEMO / SYNTHETIC"
      },
      "geometry": {
        "type": "Polygon",
        "coordinates": [
          [
            [
              80.2047120702713,
              13.085516552018
            ],
            [
              80.20465818831015,
              13.085519280369205
            ],
            [
              80.20465818831015,
              13.08558769618155
            ],
            [
              80.20471581926664,
              13.08558769618155
            ],
            [
              80.2047120702713,
              13.085516552018
            ]
          ]
        ]
      }
    },
    {
      "type": "Feature",
      "properties": {
        "unit_id": "B024-F05-U03",
        "floor_id": "B024-F05",
        "building_id": "B024",
        "parcel_id": "P000024",
        "demo_ulpin": "DEMO-TN-CHN-000024",
        "property_3d_id": "3D-CHN-P000024-B024-F05-U03",
        "area_sqm": 75.0,
        "z_min": 12.8,
        "z_max": 16.0,
        "height": 3.1999999999999993,
        "volume_m3": 239.99999999999994,
        "data_status": "DEMO / SYNTHETIC"
      },
      "geometry": {
        "type": "Polygon",
        "coordinates": [
          [
            [
              80.20465818831015,
              13.085656277778776
            ],
            [
              80.20465818831015,
              13.08558769618155
            ],
            [
              80.20460054858668,
              13.08558769618155
            ],
            [
              80.2046016575752,
              13.0856087414903
            ],
            [
              80.204604931684,
              13.0856085757043
            ],
            [
              80.2046075803948,
              13.0856588403451
            ],
            [
              80.20465818831015,
              13.085656277778776
            ]
          ]
        ]
      }
    },
    {
      "type": "Feature",
      "properties": {
        "unit_id": "B024-F05-U04",
        "floor_id": "B024-F05",
        "building_id": "B024",
        "parcel_id": "P000024",
        "demo_ulpin": "DEMO-TN-CHN-000024",
        "property_3d_id": "3D-CHN-P000024-B024-F05-U04",
        "area_sqm": 75.0,
        "z_min": 12.8,
        "z_max": 16.0,
        "height": 3.1999999999999993,
        "volume_m3": 239.99999999999994,
        "data_status": "DEMO / SYNTHETIC"
      },
      "geometry": {
        "type": "Polygon",
        "coordinates": [
          [
            [
              80.20471581926664,
              13.08558769618155
            ],
            [
              80.20465818831015,
              13.08558769618155
            ],
            [
              80.20465818831015,
              13.085656277778776
            ],
            [
              80.2047192702416,
              13.0856531848535
            ],
            [
              80.20471581926664,
              13.08558769618155
            ]
          ]
        ]
      }
    },
    {
      "type": "Feature",
      "properties": {
        "unit_id": "B025-F01-U01",
        "floor_id": "B025-F01",
        "building_id": "B025",
        "parcel_id": "P000025",
        "demo_ulpin": "DEMO-TN-CHN-000025",
        "property_3d_id": "3D-CHN-P000025-B025-F01-U01",
        "area_sqm": 75.0,
        "z_min": 0.0,
        "z_max": 3.2,
        "height": 3.2,
        "volume_m3": 240.0,
        "data_status": "DEMO / SYNTHETIC"
      },
      "geometry": {
        "type": "Polygon",
        "coordinates": [
          [
            [
              80.20516880350073,
              13.08556987636235
            ],
            [
              80.20522372795165,
              13.08556987636235
            ],
            [
              80.20522372795165,
              13.085501650187052
            ],
            [
              80.2051633840977,
              13.0855066178215
            ],
            [
              80.20516880350073,
              13.08556987636235
            ]
          ]
        ]
      }
    },
    {
      "type": "Feature",
      "properties": {
        "unit_id": "B025-F01-U02",
        "floor_id": "B025-F01",
        "building_id": "B025",
        "parcel_id": "P000025",
        "demo_ulpin": "DEMO-TN-CHN-000025",
        "property_3d_id": "3D-CHN-P000025-B025-F01-U02",
        "area_sqm": 75.0,
        "z_min": 0.0,
        "z_max": 3.2,
        "height": 3.2,
        "volume_m3": 240.0,
        "data_status": "DEMO / SYNTHETIC"
      },
      "geometry": {
        "type": "Polygon",
        "coordinates": [
          [
            [
              80.20522372795165,
              13.085501650187052
            ],
            [
              80.20522372795165,
              13.08556987636235
            ],
            [
              80.20527865237472,
              13.08556987636235
            ],
            [
              80.205272463646,
              13.085497638161
            ],
            [
              80.20522372795165,
              13.085501650187052
            ]
          ]
        ]
      }
    },
    {
      "type": "Feature",
      "properties": {
        "unit_id": "B025-F01-U03",
        "floor_id": "B025-F01",
        "building_id": "B025",
        "parcel_id": "P000025",
        "demo_ulpin": "DEMO-TN-CHN-000025",
        "property_3d_id": "3D-CHN-P000025-B025-F01-U03",
        "area_sqm": 75.0,
        "z_min": 0.0,
        "z_max": 3.2,
        "height": 3.2,
        "volume_m3": 240.0,
        "data_status": "DEMO / SYNTHETIC"
      },
      "geometry": {
        "type": "Polygon",
        "coordinates": [
          [
            [
              80.20522372795165,
              13.085638102534256
            ],
            [
              80.20522372795165,
              13.08556987636235
            ],
            [
              80.20516880350073,
              13.08556987636235
            ],
            [
              80.2051749921975,
              13.0856421145637
            ],
            [
              80.20522372795165,
              13.085638102534256
            ]
          ]
        ]
      }
    },
    {
      "type": "Feature",
      "properties": {
        "unit_id": "B025-F01-U04",
        "floor_id": "B025-F01",
        "building_id": "B025",
        "parcel_id": "P000025",
        "demo_ulpin": "DEMO-TN-CHN-000025",
        "property_3d_id": "3D-CHN-P000025-B025-F01-U04",
        "area_sqm": 75.0,
        "z_min": 0.0,
        "z_max": 3.2,
        "height": 3.2,
        "volume_m3": 240.0,
        "data_status": "DEMO / SYNTHETIC"
      },
      "geometry": {
        "type": "Polygon",
        "coordinates": [
          [
            [
              80.20528407180561,
              13.0856331349017
            ],
            [
              80.20527865237472,
              13.08556987636235
            ],
            [
              80.20522372795165,
              13.08556987636235
            ],
            [
              80.20522372795165,
              13.085638102534256
            ],
            [
              80.20528407180561,
              13.0856331349017
            ]
          ]
        ]
      }
    },
    {
      "type": "Feature",
      "properties": {
        "unit_id": "B025-F02-U01",
        "floor_id": "B025-F02",
        "building_id": "B025",
        "parcel_id": "P000025",
        "demo_ulpin": "DEMO-TN-CHN-000025",
        "property_3d_id": "3D-CHN-P000025-B025-F02-U01",
        "area_sqm": 75.0,
        "z_min": 3.2,
        "z_max": 6.4,
        "height": 3.2,
        "volume_m3": 240.0,
        "data_status": "DEMO / SYNTHETIC"
      },
      "geometry": {
        "type": "Polygon",
        "coordinates": [
          [
            [
              80.20516880350073,
              13.08556987636235
            ],
            [
              80.20522372795165,
              13.08556987636235
            ],
            [
              80.20522372795165,
              13.085501650187052
            ],
            [
              80.2051633840977,
              13.0855066178215
            ],
            [
              80.20516880350073,
              13.08556987636235
            ]
          ]
        ]
      }
    },
    {
      "type": "Feature",
      "properties": {
        "unit_id": "B025-F02-U02",
        "floor_id": "B025-F02",
        "building_id": "B025",
        "parcel_id": "P000025",
        "demo_ulpin": "DEMO-TN-CHN-000025",
        "property_3d_id": "3D-CHN-P000025-B025-F02-U02",
        "area_sqm": 75.0,
        "z_min": 3.2,
        "z_max": 6.4,
        "height": 3.2,
        "volume_m3": 240.0,
        "data_status": "DEMO / SYNTHETIC"
      },
      "geometry": {
        "type": "Polygon",
        "coordinates": [
          [
            [
              80.20522372795165,
              13.085501650187052
            ],
            [
              80.20522372795165,
              13.08556987636235
            ],
            [
              80.20527865237472,
              13.08556987636235
            ],
            [
              80.205272463646,
              13.085497638161
            ],
            [
              80.20522372795165,
              13.085501650187052
            ]
          ]
        ]
      }
    },
    {
      "type": "Feature",
      "properties": {
        "unit_id": "B025-F02-U03",
        "floor_id": "B025-F02",
        "building_id": "B025",
        "parcel_id": "P000025",
        "demo_ulpin": "DEMO-TN-CHN-000025",
        "property_3d_id": "3D-CHN-P000025-B025-F02-U03",
        "area_sqm": 75.0,
        "z_min": 3.2,
        "z_max": 6.4,
        "height": 3.2,
        "volume_m3": 240.0,
        "data_status": "DEMO / SYNTHETIC"
      },
      "geometry": {
        "type": "Polygon",
        "coordinates": [
          [
            [
              80.20522372795165,
              13.085638102534256
            ],
            [
              80.20522372795165,
              13.08556987636235
            ],
            [
              80.20516880350073,
              13.08556987636235
            ],
            [
              80.2051749921975,
              13.0856421145637
            ],
            [
              80.20522372795165,
              13.085638102534256
            ]
          ]
        ]
      }
    },
    {
      "type": "Feature",
      "properties": {
        "unit_id": "B025-F02-U04",
        "floor_id": "B025-F02",
        "building_id": "B025",
        "parcel_id": "P000025",
        "demo_ulpin": "DEMO-TN-CHN-000025",
        "property_3d_id": "3D-CHN-P000025-B025-F02-U04",
        "area_sqm": 75.0,
        "z_min": 3.2,
        "z_max": 6.4,
        "height": 3.2,
        "volume_m3": 240.0,
        "data_status": "DEMO / SYNTHETIC"
      },
      "geometry": {
        "type": "Polygon",
        "coordinates": [
          [
            [
              80.20528407180561,
              13.0856331349017
            ],
            [
              80.20527865237472,
              13.08556987636235
            ],
            [
              80.20522372795165,
              13.08556987636235
            ],
            [
              80.20522372795165,
              13.085638102534256
            ],
            [
              80.20528407180561,
              13.0856331349017
            ]
          ]
        ]
      }
    },
    {
      "type": "Feature",
      "properties": {
        "unit_id": "B025-F03-U01",
        "floor_id": "B025-F03",
        "building_id": "B025",
        "parcel_id": "P000025",
        "demo_ulpin": "DEMO-TN-CHN-000025",
        "property_3d_id": "3D-CHN-P000025-B025-F03-U01",
        "area_sqm": 75.0,
        "z_min": 6.4,
        "z_max": 9.600000000000001,
        "height": 3.200000000000001,
        "volume_m3": 240.00000000000009,
        "data_status": "DEMO / SYNTHETIC"
      },
      "geometry": {
        "type": "Polygon",
        "coordinates": [
          [
            [
              80.20516880350073,
              13.08556987636235
            ],
            [
              80.20522372795165,
              13.08556987636235
            ],
            [
              80.20522372795165,
              13.085501650187052
            ],
            [
              80.2051633840977,
              13.0855066178215
            ],
            [
              80.20516880350073,
              13.08556987636235
            ]
          ]
        ]
      }
    },
    {
      "type": "Feature",
      "properties": {
        "unit_id": "B025-F03-U02",
        "floor_id": "B025-F03",
        "building_id": "B025",
        "parcel_id": "P000025",
        "demo_ulpin": "DEMO-TN-CHN-000025",
        "property_3d_id": "3D-CHN-P000025-B025-F03-U02",
        "area_sqm": 75.0,
        "z_min": 6.4,
        "z_max": 9.600000000000001,
        "height": 3.200000000000001,
        "volume_m3": 240.00000000000009,
        "data_status": "DEMO / SYNTHETIC"
      },
      "geometry": {
        "type": "Polygon",
        "coordinates": [
          [
            [
              80.20522372795165,
              13.085501650187052
            ],
            [
              80.20522372795165,
              13.08556987636235
            ],
            [
              80.20527865237472,
              13.08556987636235
            ],
            [
              80.205272463646,
              13.085497638161
            ],
            [
              80.20522372795165,
              13.085501650187052
            ]
          ]
        ]
      }
    },
    {
      "type": "Feature",
      "properties": {
        "unit_id": "B025-F03-U03",
        "floor_id": "B025-F03",
        "building_id": "B025",
        "parcel_id": "P000025",
        "demo_ulpin": "DEMO-TN-CHN-000025",
        "property_3d_id": "3D-CHN-P000025-B025-F03-U03",
        "area_sqm": 75.0,
        "z_min": 6.4,
        "z_max": 9.600000000000001,
        "height": 3.200000000000001,
        "volume_m3": 240.00000000000009,
        "data_status": "DEMO / SYNTHETIC"
      },
      "geometry": {
        "type": "Polygon",
        "coordinates": [
          [
            [
              80.20522372795165,
              13.085638102534256
            ],
            [
              80.20522372795165,
              13.08556987636235
            ],
            [
              80.20516880350073,
              13.08556987636235
            ],
            [
              80.2051749921975,
              13.0856421145637
            ],
            [
              80.20522372795165,
              13.085638102534256
            ]
          ]
        ]
      }
    },
    {
      "type": "Feature",
      "properties": {
        "unit_id": "B025-F03-U04",
        "floor_id": "B025-F03",
        "building_id": "B025",
        "parcel_id": "P000025",
        "demo_ulpin": "DEMO-TN-CHN-000025",
        "property_3d_id": "3D-CHN-P000025-B025-F03-U04",
        "area_sqm": 75.0,
        "z_min": 6.4,
        "z_max": 9.600000000000001,
        "height": 3.200000000000001,
        "volume_m3": 240.00000000000009,
        "data_status": "DEMO / SYNTHETIC"
      },
      "geometry": {
        "type": "Polygon",
        "coordinates": [
          [
            [
              80.20528407180561,
              13.0856331349017
            ],
            [
              80.20527865237472,
              13.08556987636235
            ],
            [
              80.20522372795165,
              13.08556987636235
            ],
            [
              80.20522372795165,
              13.085638102534256
            ],
            [
              80.20528407180561,
              13.0856331349017
            ]
          ]
        ]
      }
    },
    {
      "type": "Feature",
      "properties": {
        "unit_id": "B025-F04-U01",
        "floor_id": "B025-F04",
        "building_id": "B025",
        "parcel_id": "P000025",
        "demo_ulpin": "DEMO-TN-CHN-000025",
        "property_3d_id": "3D-CHN-P000025-B025-F04-U01",
        "area_sqm": 75.0,
        "z_min": 9.600000000000001,
        "z_max": 12.8,
        "height": 3.1999999999999993,
        "volume_m3": 239.99999999999994,
        "data_status": "DEMO / SYNTHETIC"
      },
      "geometry": {
        "type": "Polygon",
        "coordinates": [
          [
            [
              80.20516880350073,
              13.08556987636235
            ],
            [
              80.20522372795165,
              13.08556987636235
            ],
            [
              80.20522372795165,
              13.085501650187052
            ],
            [
              80.2051633840977,
              13.0855066178215
            ],
            [
              80.20516880350073,
              13.08556987636235
            ]
          ]
        ]
      }
    },
    {
      "type": "Feature",
      "properties": {
        "unit_id": "B025-F04-U02",
        "floor_id": "B025-F04",
        "building_id": "B025",
        "parcel_id": "P000025",
        "demo_ulpin": "DEMO-TN-CHN-000025",
        "property_3d_id": "3D-CHN-P000025-B025-F04-U02",
        "area_sqm": 75.0,
        "z_min": 9.600000000000001,
        "z_max": 12.8,
        "height": 3.1999999999999993,
        "volume_m3": 239.99999999999994,
        "data_status": "DEMO / SYNTHETIC"
      },
      "geometry": {
        "type": "Polygon",
        "coordinates": [
          [
            [
              80.20522372795165,
              13.085501650187052
            ],
            [
              80.20522372795165,
              13.08556987636235
            ],
            [
              80.20527865237472,
              13.08556987636235
            ],
            [
              80.205272463646,
              13.085497638161
            ],
            [
              80.20522372795165,
              13.085501650187052
            ]
          ]
        ]
      }
    },
    {
      "type": "Feature",
      "properties": {
        "unit_id": "B025-F04-U03",
        "floor_id": "B025-F04",
        "building_id": "B025",
        "parcel_id": "P000025",
        "demo_ulpin": "DEMO-TN-CHN-000025",
        "property_3d_id": "3D-CHN-P000025-B025-F04-U03",
        "area_sqm": 75.0,
        "z_min": 9.600000000000001,
        "z_max": 12.8,
        "height": 3.1999999999999993,
        "volume_m3": 239.99999999999994,
        "data_status": "DEMO / SYNTHETIC"
      },
      "geometry": {
        "type": "Polygon",
        "coordinates": [
          [
            [
              80.20522372795165,
              13.085638102534256
            ],
            [
              80.20522372795165,
              13.08556987636235
            ],
            [
              80.20516880350073,
              13.08556987636235
            ],
            [
              80.2051749921975,
              13.0856421145637
            ],
            [
              80.20522372795165,
              13.085638102534256
            ]
          ]
        ]
      }
    },
    {
      "type": "Feature",
      "properties": {
        "unit_id": "B025-F04-U04",
        "floor_id": "B025-F04",
        "building_id": "B025",
        "parcel_id": "P000025",
        "demo_ulpin": "DEMO-TN-CHN-000025",
        "property_3d_id": "3D-CHN-P000025-B025-F04-U04",
        "area_sqm": 75.0,
        "z_min": 9.600000000000001,
        "z_max": 12.8,
        "height": 3.1999999999999993,
        "volume_m3": 239.99999999999994,
        "data_status": "DEMO / SYNTHETIC"
      },
      "geometry": {
        "type": "Polygon",
        "coordinates": [
          [
            [
              80.20528407180561,
              13.0856331349017
            ],
            [
              80.20527865237472,
              13.08556987636235
            ],
            [
              80.20522372795165,
              13.08556987636235
            ],
            [
              80.20522372795165,
              13.085638102534256
            ],
            [
              80.20528407180561,
              13.0856331349017
            ]
          ]
        ]
      }
    },
    {
      "type": "Feature",
      "properties": {
        "unit_id": "B026-F01-U01",
        "floor_id": "B026-F01",
        "building_id": "B026",
        "parcel_id": "P000026",
        "demo_ulpin": "DEMO-TN-CHN-000026",
        "property_3d_id": "3D-CHN-P000026-B026-F01-U01",
        "area_sqm": 75.0,
        "z_min": 0.0,
        "z_max": 3.2,
        "height": 3.2,
        "volume_m3": 240.0,
        "data_status": "DEMO / SYNTHETIC"
      },
      "geometry": {
        "type": "Polygon",
        "coordinates": [
          [
            [
              80.2055245723452,
              13.084778699810101
            ],
            [
              80.2056484830543,
              13.084778699810101
            ],
            [
              80.2056484830543,
              13.084727982227164
            ],
            [
              80.2055228830545,
              13.0847324498142
            ],
            [
              80.2055245723452,
              13.084778699810101
            ]
          ]
        ]
      }
    },
    {
      "type": "Feature",
      "properties": {
        "unit_id": "B026-F01-U02",
        "floor_id": "B026-F01",
        "building_id": "B026",
        "parcel_id": "P000026",
        "demo_ulpin": "DEMO-TN-CHN-000026",
        "property_3d_id": "3D-CHN-P000026-B026-F01-U02",
        "area_sqm": 75.0,
        "z_min": 0.0,
        "z_max": 3.2,
        "height": 3.2,
        "volume_m3": 240.0,
        "data_status": "DEMO / SYNTHETIC"
      },
      "geometry": {
        "type": "Polygon",
        "coordinates": [
          [
            [
              80.2056484830543,
              13.084727982227164
            ],
            [
              80.2056484830543,
              13.084778699810101
            ],
            [
              80.20577234607045,
              13.084778699810101
            ],
            [
              80.2057702830507,
              13.0847236498061
            ],
            [
              80.2056484830543,
              13.084727982227164
            ]
          ]
        ]
      }
    },
    {
      "type": "Feature",
      "properties": {
        "unit_id": "B026-F01-U03",
        "floor_id": "B026-F01",
        "building_id": "B026",
        "parcel_id": "P000026",
        "demo_ulpin": "DEMO-TN-CHN-000026",
        "property_3d_id": "3D-CHN-P000026-B026-F01-U03",
        "area_sqm": 75.0,
        "z_min": 0.0,
        "z_max": 3.2,
        "height": 3.2,
        "volume_m3": 240.0,
        "data_status": "DEMO / SYNTHETIC"
      },
      "geometry": {
        "type": "Polygon",
        "coordinates": [
          [
            [
              80.2056484830543,
              13.084829464840476
            ],
            [
              80.2056484830543,
              13.084778699810101
            ],
            [
              80.2055245723452,
              13.084778699810101
            ],
            [
              80.205526583058,
              13.0848337498141
            ],
            [
              80.2056484830543,
              13.084829464840476
            ]
          ]
        ]
      }
    },
    {
      "type": "Feature",
      "properties": {
        "unit_id": "B026-F01-U04",
        "floor_id": "B026-F01",
        "building_id": "B026",
        "parcel_id": "P000026",
        "demo_ulpin": "DEMO-TN-CHN-000026",
        "property_3d_id": "3D-CHN-P000026-B026-F01-U04",
        "area_sqm": 75.0,
        "z_min": 0.0,
        "z_max": 3.2,
        "height": 3.2,
        "volume_m3": 240.0,
        "data_status": "DEMO / SYNTHETIC"
      },
      "geometry": {
        "type": "Polygon",
        "coordinates": [
          [
            [
              80.20577408305411,
              13.084825049806
            ],
            [
              80.20577234607045,
              13.084778699810101
            ],
            [
              80.2056484830543,
              13.084778699810101
            ],
            [
              80.2056484830543,
              13.084829464840476
            ],
            [
              80.20577408305411,
              13.084825049806
            ]
          ]
        ]
      }
    },
    {
      "type": "Feature",
      "properties": {
        "unit_id": "B026-F02-U01",
        "floor_id": "B026-F02",
        "building_id": "B026",
        "parcel_id": "P000026",
        "demo_ulpin": "DEMO-TN-CHN-000026",
        "property_3d_id": "3D-CHN-P000026-B026-F02-U01",
        "area_sqm": 75.0,
        "z_min": 3.2,
        "z_max": 6.4,
        "height": 3.2,
        "volume_m3": 240.0,
        "data_status": "DEMO / SYNTHETIC"
      },
      "geometry": {
        "type": "Polygon",
        "coordinates": [
          [
            [
              80.2055245723452,
              13.084778699810101
            ],
            [
              80.2056484830543,
              13.084778699810101
            ],
            [
              80.2056484830543,
              13.084727982227164
            ],
            [
              80.2055228830545,
              13.0847324498142
            ],
            [
              80.2055245723452,
              13.084778699810101
            ]
          ]
        ]
      }
    },
    {
      "type": "Feature",
      "properties": {
        "unit_id": "B026-F02-U02",
        "floor_id": "B026-F02",
        "building_id": "B026",
        "parcel_id": "P000026",
        "demo_ulpin": "DEMO-TN-CHN-000026",
        "property_3d_id": "3D-CHN-P000026-B026-F02-U02",
        "area_sqm": 75.0,
        "z_min": 3.2,
        "z_max": 6.4,
        "height": 3.2,
        "volume_m3": 240.0,
        "data_status": "DEMO / SYNTHETIC"
      },
      "geometry": {
        "type": "Polygon",
        "coordinates": [
          [
            [
              80.2056484830543,
              13.084727982227164
            ],
            [
              80.2056484830543,
              13.084778699810101
            ],
            [
              80.20577234607045,
              13.084778699810101
            ],
            [
              80.2057702830507,
              13.0847236498061
            ],
            [
              80.2056484830543,
              13.084727982227164
            ]
          ]
        ]
      }
    },
    {
      "type": "Feature",
      "properties": {
        "unit_id": "B026-F02-U03",
        "floor_id": "B026-F02",
        "building_id": "B026",
        "parcel_id": "P000026",
        "demo_ulpin": "DEMO-TN-CHN-000026",
        "property_3d_id": "3D-CHN-P000026-B026-F02-U03",
        "area_sqm": 75.0,
        "z_min": 3.2,
        "z_max": 6.4,
        "height": 3.2,
        "volume_m3": 240.0,
        "data_status": "DEMO / SYNTHETIC"
      },
      "geometry": {
        "type": "Polygon",
        "coordinates": [
          [
            [
              80.2056484830543,
              13.084829464840476
            ],
            [
              80.2056484830543,
              13.084778699810101
            ],
            [
              80.2055245723452,
              13.084778699810101
            ],
            [
              80.205526583058,
              13.0848337498141
            ],
            [
              80.2056484830543,
              13.084829464840476
            ]
          ]
        ]
      }
    },
    {
      "type": "Feature",
      "properties": {
        "unit_id": "B026-F02-U04",
        "floor_id": "B026-F02",
        "building_id": "B026",
        "parcel_id": "P000026",
        "demo_ulpin": "DEMO-TN-CHN-000026",
        "property_3d_id": "3D-CHN-P000026-B026-F02-U04",
        "area_sqm": 75.0,
        "z_min": 3.2,
        "z_max": 6.4,
        "height": 3.2,
        "volume_m3": 240.0,
        "data_status": "DEMO / SYNTHETIC"
      },
      "geometry": {
        "type": "Polygon",
        "coordinates": [
          [
            [
              80.20577408305411,
              13.084825049806
            ],
            [
              80.20577234607045,
              13.084778699810101
            ],
            [
              80.2056484830543,
              13.084778699810101
            ],
            [
              80.2056484830543,
              13.084829464840476
            ],
            [
              80.20577408305411,
              13.084825049806
            ]
          ]
        ]
      }
    },
    {
      "type": "Feature",
      "properties": {
        "unit_id": "B026-F03-U01",
        "floor_id": "B026-F03",
        "building_id": "B026",
        "parcel_id": "P000026",
        "demo_ulpin": "DEMO-TN-CHN-000026",
        "property_3d_id": "3D-CHN-P000026-B026-F03-U01",
        "area_sqm": 75.0,
        "z_min": 6.4,
        "z_max": 9.600000000000001,
        "height": 3.200000000000001,
        "volume_m3": 240.00000000000009,
        "data_status": "DEMO / SYNTHETIC"
      },
      "geometry": {
        "type": "Polygon",
        "coordinates": [
          [
            [
              80.2055245723452,
              13.084778699810101
            ],
            [
              80.2056484830543,
              13.084778699810101
            ],
            [
              80.2056484830543,
              13.084727982227164
            ],
            [
              80.2055228830545,
              13.0847324498142
            ],
            [
              80.2055245723452,
              13.084778699810101
            ]
          ]
        ]
      }
    },
    {
      "type": "Feature",
      "properties": {
        "unit_id": "B026-F03-U02",
        "floor_id": "B026-F03",
        "building_id": "B026",
        "parcel_id": "P000026",
        "demo_ulpin": "DEMO-TN-CHN-000026",
        "property_3d_id": "3D-CHN-P000026-B026-F03-U02",
        "area_sqm": 75.0,
        "z_min": 6.4,
        "z_max": 9.600000000000001,
        "height": 3.200000000000001,
        "volume_m3": 240.00000000000009,
        "data_status": "DEMO / SYNTHETIC"
      },
      "geometry": {
        "type": "Polygon",
        "coordinates": [
          [
            [
              80.2056484830543,
              13.084727982227164
            ],
            [
              80.2056484830543,
              13.084778699810101
            ],
            [
              80.20577234607045,
              13.084778699810101
            ],
            [
              80.2057702830507,
              13.0847236498061
            ],
            [
              80.2056484830543,
              13.084727982227164
            ]
          ]
        ]
      }
    },
    {
      "type": "Feature",
      "properties": {
        "unit_id": "B026-F03-U03",
        "floor_id": "B026-F03",
        "building_id": "B026",
        "parcel_id": "P000026",
        "demo_ulpin": "DEMO-TN-CHN-000026",
        "property_3d_id": "3D-CHN-P000026-B026-F03-U03",
        "area_sqm": 75.0,
        "z_min": 6.4,
        "z_max": 9.600000000000001,
        "height": 3.200000000000001,
        "volume_m3": 240.00000000000009,
        "data_status": "DEMO / SYNTHETIC"
      },
      "geometry": {
        "type": "Polygon",
        "coordinates": [
          [
            [
              80.2056484830543,
              13.084829464840476
            ],
            [
              80.2056484830543,
              13.084778699810101
            ],
            [
              80.2055245723452,
              13.084778699810101
            ],
            [
              80.205526583058,
              13.0848337498141
            ],
            [
              80.2056484830543,
              13.084829464840476
            ]
          ]
        ]
      }
    },
    {
      "type": "Feature",
      "properties": {
        "unit_id": "B026-F03-U04",
        "floor_id": "B026-F03",
        "building_id": "B026",
        "parcel_id": "P000026",
        "demo_ulpin": "DEMO-TN-CHN-000026",
        "property_3d_id": "3D-CHN-P000026-B026-F03-U04",
        "area_sqm": 75.0,
        "z_min": 6.4,
        "z_max": 9.600000000000001,
        "height": 3.200000000000001,
        "volume_m3": 240.00000000000009,
        "data_status": "DEMO / SYNTHETIC"
      },
      "geometry": {
        "type": "Polygon",
        "coordinates": [
          [
            [
              80.20577408305411,
              13.084825049806
            ],
            [
              80.20577234607045,
              13.084778699810101
            ],
            [
              80.2056484830543,
              13.084778699810101
            ],
            [
              80.2056484830543,
              13.084829464840476
            ],
            [
              80.20577408305411,
              13.084825049806
            ]
          ]
        ]
      }
    },
    {
      "type": "Feature",
      "properties": {
        "unit_id": "B026-F04-U01",
        "floor_id": "B026-F04",
        "building_id": "B026",
        "parcel_id": "P000026",
        "demo_ulpin": "DEMO-TN-CHN-000026",
        "property_3d_id": "3D-CHN-P000026-B026-F04-U01",
        "area_sqm": 75.0,
        "z_min": 9.600000000000001,
        "z_max": 12.8,
        "height": 3.1999999999999993,
        "volume_m3": 239.99999999999994,
        "data_status": "DEMO / SYNTHETIC"
      },
      "geometry": {
        "type": "Polygon",
        "coordinates": [
          [
            [
              80.2055245723452,
              13.084778699810101
            ],
            [
              80.2056484830543,
              13.084778699810101
            ],
            [
              80.2056484830543,
              13.084727982227164
            ],
            [
              80.2055228830545,
              13.0847324498142
            ],
            [
              80.2055245723452,
              13.084778699810101
            ]
          ]
        ]
      }
    },
    {
      "type": "Feature",
      "properties": {
        "unit_id": "B026-F04-U02",
        "floor_id": "B026-F04",
        "building_id": "B026",
        "parcel_id": "P000026",
        "demo_ulpin": "DEMO-TN-CHN-000026",
        "property_3d_id": "3D-CHN-P000026-B026-F04-U02",
        "area_sqm": 75.0,
        "z_min": 9.600000000000001,
        "z_max": 12.8,
        "height": 3.1999999999999993,
        "volume_m3": 239.99999999999994,
        "data_status": "DEMO / SYNTHETIC"
      },
      "geometry": {
        "type": "Polygon",
        "coordinates": [
          [
            [
              80.2056484830543,
              13.084727982227164
            ],
            [
              80.2056484830543,
              13.084778699810101
            ],
            [
              80.20577234607045,
              13.084778699810101
            ],
            [
              80.2057702830507,
              13.0847236498061
            ],
            [
              80.2056484830543,
              13.084727982227164
            ]
          ]
        ]
      }
    },
    {
      "type": "Feature",
      "properties": {
        "unit_id": "B026-F04-U03",
        "floor_id": "B026-F04",
        "building_id": "B026",
        "parcel_id": "P000026",
        "demo_ulpin": "DEMO-TN-CHN-000026",
        "property_3d_id": "3D-CHN-P000026-B026-F04-U03",
        "area_sqm": 75.0,
        "z_min": 9.600000000000001,
        "z_max": 12.8,
        "height": 3.1999999999999993,
        "volume_m3": 239.99999999999994,
        "data_status": "DEMO / SYNTHETIC"
      },
      "geometry": {
        "type": "Polygon",
        "coordinates": [
          [
            [
              80.2056484830543,
              13.084829464840476
            ],
            [
              80.2056484830543,
              13.084778699810101
            ],
            [
              80.2055245723452,
              13.084778699810101
            ],
            [
              80.205526583058,
              13.0848337498141
            ],
            [
              80.2056484830543,
              13.084829464840476
            ]
          ]
        ]
      }
    },
    {
      "type": "Feature",
      "properties": {
        "unit_id": "B026-F04-U04",
        "floor_id": "B026-F04",
        "building_id": "B026",
        "parcel_id": "P000026",
        "demo_ulpin": "DEMO-TN-CHN-000026",
        "property_3d_id": "3D-CHN-P000026-B026-F04-U04",
        "area_sqm": 75.0,
        "z_min": 9.600000000000001,
        "z_max": 12.8,
        "height": 3.1999999999999993,
        "volume_m3": 239.99999999999994,
        "data_status": "DEMO / SYNTHETIC"
      },
      "geometry": {
        "type": "Polygon",
        "coordinates": [
          [
            [
              80.20577408305411,
              13.084825049806
            ],
            [
              80.20577234607045,
              13.084778699810101
            ],
            [
              80.2056484830543,
              13.084778699810101
            ],
            [
              80.2056484830543,
              13.084829464840476
            ],
            [
              80.20577408305411,
              13.084825049806
            ]
          ]
        ]
      }
    },
    {
      "type": "Feature",
      "properties": {
        "unit_id": "B027-F01-U01",
        "floor_id": "B027-F01",
        "building_id": "B027",
        "parcel_id": "P000027",
        "demo_ulpin": "DEMO-TN-CHN-000027",
        "property_3d_id": "3D-CHN-P000027-B027-F01-U01",
        "area_sqm": 75.0,
        "z_min": 0.0,
        "z_max": 3.2,
        "height": 3.2,
        "volume_m3": 240.0,
        "data_status": "DEMO / SYNTHETIC"
      },
      "geometry": {
        "type": "Polygon",
        "coordinates": [
          [
            [
              80.20551723139597,
              13.085208334097501
            ],
            [
              80.2056008681607,
              13.085208334097501
            ],
            [
              80.2056008681607,
              13.08517834588699
            ],
            [
              80.2055161280649,
              13.085181721882
            ],
            [
              80.20551723139597,
              13.085208334097501
            ]
          ]
        ]
      }
    },
    {
      "type": "Feature",
      "properties": {
        "unit_id": "B027-F01-U02",
        "floor_id": "B027-F01",
        "building_id": "B027",
        "parcel_id": "P000027",
        "demo_ulpin": "DEMO-TN-CHN-000027",
        "property_3d_id": "3D-CHN-P000027-B027-F01-U02",
        "area_sqm": 75.0,
        "z_min": 0.0,
        "z_max": 3.2,
        "height": 3.2,
        "volume_m3": 240.0,
        "data_status": "DEMO / SYNTHETIC"
      },
      "geometry": {
        "type": "Polygon",
        "coordinates": [
          [
            [
              80.2056008681607,
              13.08517834588699
            ],
            [
              80.2056008681607,
              13.085208334097501
            ],
            [
              80.20568450490816,
              13.085208334097501
            ],
            [
              80.20568312572141,
              13.085175068794701
            ],
            [
              80.2056008681607,
              13.08517834588699
            ]
          ]
        ]
      }
    },
    {
      "type": "Feature",
      "properties": {
        "unit_id": "B027-F01-U03",
        "floor_id": "B027-F01",
        "building_id": "B027",
        "parcel_id": "P000027",
        "demo_ulpin": "DEMO-TN-CHN-000027",
        "property_3d_id": "3D-CHN-P000027-B027-F01-U03",
        "area_sqm": 75.0,
        "z_min": 0.0,
        "z_max": 3.2,
        "height": 3.2,
        "volume_m3": 240.0,
        "data_status": "DEMO / SYNTHETIC"
      },
      "geometry": {
        "type": "Polygon",
        "coordinates": [
          [
            [
              80.2056008681607,
              13.085238322307669
            ],
            [
              80.2056008681607,
              13.085208334097501
            ],
            [
              80.20551723139597,
              13.085208334097501
            ],
            [
              80.2055186105612,
              13.0852415994003
            ],
            [
              80.2056008681607,
              13.085238322307669
            ]
          ]
        ]
      }
    },
    {
      "type": "Feature",
      "properties": {
        "unit_id": "B027-F01-U04",
        "floor_id": "B027-F01",
        "building_id": "B027",
        "parcel_id": "P000027",
        "demo_ulpin": "DEMO-TN-CHN-000027",
        "property_3d_id": "3D-CHN-P000027-B027-F01-U04",
        "area_sqm": 75.0,
        "z_min": 0.0,
        "z_max": 3.2,
        "height": 3.2,
        "volume_m3": 240.0,
        "data_status": "DEMO / SYNTHETIC"
      },
      "geometry": {
        "type": "Polygon",
        "coordinates": [
          [
            [
              80.2056856082565,
              13.0852349463139
            ],
            [
              80.20568450490816,
              13.085208334097501
            ],
            [
              80.2056008681607,
              13.085208334097501
            ],
            [
              80.2056008681607,
              13.085238322307669
            ],
            [
              80.2056856082565,
              13.0852349463139
            ]
          ]
        ]
      }
    },
    {
      "type": "Feature",
      "properties": {
        "unit_id": "B027-F02-U01",
        "floor_id": "B027-F02",
        "building_id": "B027",
        "parcel_id": "P000027",
        "demo_ulpin": "DEMO-TN-CHN-000027",
        "property_3d_id": "3D-CHN-P000027-B027-F02-U01",
        "area_sqm": 75.0,
        "z_min": 3.2,
        "z_max": 6.4,
        "height": 3.2,
        "volume_m3": 240.0,
        "data_status": "DEMO / SYNTHETIC"
      },
      "geometry": {
        "type": "Polygon",
        "coordinates": [
          [
            [
              80.20551723139597,
              13.085208334097501
            ],
            [
              80.2056008681607,
              13.085208334097501
            ],
            [
              80.2056008681607,
              13.08517834588699
            ],
            [
              80.2055161280649,
              13.085181721882
            ],
            [
              80.20551723139597,
              13.085208334097501
            ]
          ]
        ]
      }
    },
    {
      "type": "Feature",
      "properties": {
        "unit_id": "B027-F02-U02",
        "floor_id": "B027-F02",
        "building_id": "B027",
        "parcel_id": "P000027",
        "demo_ulpin": "DEMO-TN-CHN-000027",
        "property_3d_id": "3D-CHN-P000027-B027-F02-U02",
        "area_sqm": 75.0,
        "z_min": 3.2,
        "z_max": 6.4,
        "height": 3.2,
        "volume_m3": 240.0,
        "data_status": "DEMO / SYNTHETIC"
      },
      "geometry": {
        "type": "Polygon",
        "coordinates": [
          [
            [
              80.2056008681607,
              13.08517834588699
            ],
            [
              80.2056008681607,
              13.085208334097501
            ],
            [
              80.20568450490816,
              13.085208334097501
            ],
            [
              80.20568312572141,
              13.085175068794701
            ],
            [
              80.2056008681607,
              13.08517834588699
            ]
          ]
        ]
      }
    },
    {
      "type": "Feature",
      "properties": {
        "unit_id": "B027-F02-U03",
        "floor_id": "B027-F02",
        "building_id": "B027",
        "parcel_id": "P000027",
        "demo_ulpin": "DEMO-TN-CHN-000027",
        "property_3d_id": "3D-CHN-P000027-B027-F02-U03",
        "area_sqm": 75.0,
        "z_min": 3.2,
        "z_max": 6.4,
        "height": 3.2,
        "volume_m3": 240.0,
        "data_status": "DEMO / SYNTHETIC"
      },
      "geometry": {
        "type": "Polygon",
        "coordinates": [
          [
            [
              80.2056008681607,
              13.085238322307669
            ],
            [
              80.2056008681607,
              13.085208334097501
            ],
            [
              80.20551723139597,
              13.085208334097501
            ],
            [
              80.2055186105612,
              13.0852415994003
            ],
            [
              80.2056008681607,
              13.085238322307669
            ]
          ]
        ]
      }
    },
    {
      "type": "Feature",
      "properties": {
        "unit_id": "B027-F02-U04",
        "floor_id": "B027-F02",
        "building_id": "B027",
        "parcel_id": "P000027",
        "demo_ulpin": "DEMO-TN-CHN-000027",
        "property_3d_id": "3D-CHN-P000027-B027-F02-U04",
        "area_sqm": 75.0,
        "z_min": 3.2,
        "z_max": 6.4,
        "height": 3.2,
        "volume_m3": 240.0,
        "data_status": "DEMO / SYNTHETIC"
      },
      "geometry": {
        "type": "Polygon",
        "coordinates": [
          [
            [
              80.2056856082565,
              13.0852349463139
            ],
            [
              80.20568450490816,
              13.085208334097501
            ],
            [
              80.2056008681607,
              13.085208334097501
            ],
            [
              80.2056008681607,
              13.085238322307669
            ],
            [
              80.2056856082565,
              13.0852349463139
            ]
          ]
        ]
      }
    },
    {
      "type": "Feature",
      "properties": {
        "unit_id": "B027-F03-U01",
        "floor_id": "B027-F03",
        "building_id": "B027",
        "parcel_id": "P000027",
        "demo_ulpin": "DEMO-TN-CHN-000027",
        "property_3d_id": "3D-CHN-P000027-B027-F03-U01",
        "area_sqm": 75.0,
        "z_min": 6.4,
        "z_max": 9.600000000000001,
        "height": 3.200000000000001,
        "volume_m3": 240.00000000000009,
        "data_status": "DEMO / SYNTHETIC"
      },
      "geometry": {
        "type": "Polygon",
        "coordinates": [
          [
            [
              80.20551723139597,
              13.085208334097501
            ],
            [
              80.2056008681607,
              13.085208334097501
            ],
            [
              80.2056008681607,
              13.08517834588699
            ],
            [
              80.2055161280649,
              13.085181721882
            ],
            [
              80.20551723139597,
              13.085208334097501
            ]
          ]
        ]
      }
    },
    {
      "type": "Feature",
      "properties": {
        "unit_id": "B027-F03-U02",
        "floor_id": "B027-F03",
        "building_id": "B027",
        "parcel_id": "P000027",
        "demo_ulpin": "DEMO-TN-CHN-000027",
        "property_3d_id": "3D-CHN-P000027-B027-F03-U02",
        "area_sqm": 75.0,
        "z_min": 6.4,
        "z_max": 9.600000000000001,
        "height": 3.200000000000001,
        "volume_m3": 240.00000000000009,
        "data_status": "DEMO / SYNTHETIC"
      },
      "geometry": {
        "type": "Polygon",
        "coordinates": [
          [
            [
              80.2056008681607,
              13.08517834588699
            ],
            [
              80.2056008681607,
              13.085208334097501
            ],
            [
              80.20568450490816,
              13.085208334097501
            ],
            [
              80.20568312572141,
              13.085175068794701
            ],
            [
              80.2056008681607,
              13.08517834588699
            ]
          ]
        ]
      }
    },
    {
      "type": "Feature",
      "properties": {
        "unit_id": "B027-F03-U03",
        "floor_id": "B027-F03",
        "building_id": "B027",
        "parcel_id": "P000027",
        "demo_ulpin": "DEMO-TN-CHN-000027",
        "property_3d_id": "3D-CHN-P000027-B027-F03-U03",
        "area_sqm": 75.0,
        "z_min": 6.4,
        "z_max": 9.600000000000001,
        "height": 3.200000000000001,
        "volume_m3": 240.00000000000009,
        "data_status": "DEMO / SYNTHETIC"
      },
      "geometry": {
        "type": "Polygon",
        "coordinates": [
          [
            [
              80.2056008681607,
              13.085238322307669
            ],
            [
              80.2056008681607,
              13.085208334097501
            ],
            [
              80.20551723139597,
              13.085208334097501
            ],
            [
              80.2055186105612,
              13.0852415994003
            ],
            [
              80.2056008681607,
              13.085238322307669
            ]
          ]
        ]
      }
    },
    {
      "type": "Feature",
      "properties": {
        "unit_id": "B027-F03-U04",
        "floor_id": "B027-F03",
        "building_id": "B027",
        "parcel_id": "P000027",
        "demo_ulpin": "DEMO-TN-CHN-000027",
        "property_3d_id": "3D-CHN-P000027-B027-F03-U04",
        "area_sqm": 75.0,
        "z_min": 6.4,
        "z_max": 9.600000000000001,
        "height": 3.200000000000001,
        "volume_m3": 240.00000000000009,
        "data_status": "DEMO / SYNTHETIC"
      },
      "geometry": {
        "type": "Polygon",
        "coordinates": [
          [
            [
              80.2056856082565,
              13.0852349463139
            ],
            [
              80.20568450490816,
              13.085208334097501
            ],
            [
              80.2056008681607,
              13.085208334097501
            ],
            [
              80.2056008681607,
              13.085238322307669
            ],
            [
              80.2056856082565,
              13.0852349463139
            ]
          ]
        ]
      }
    },
    {
      "type": "Feature",
      "properties": {
        "unit_id": "B027-F04-U01",
        "floor_id": "B027-F04",
        "building_id": "B027",
        "parcel_id": "P000027",
        "demo_ulpin": "DEMO-TN-CHN-000027",
        "property_3d_id": "3D-CHN-P000027-B027-F04-U01",
        "area_sqm": 75.0,
        "z_min": 9.600000000000001,
        "z_max": 12.8,
        "height": 3.1999999999999993,
        "volume_m3": 239.99999999999994,
        "data_status": "DEMO / SYNTHETIC"
      },
      "geometry": {
        "type": "Polygon",
        "coordinates": [
          [
            [
              80.20551723139597,
              13.085208334097501
            ],
            [
              80.2056008681607,
              13.085208334097501
            ],
            [
              80.2056008681607,
              13.08517834588699
            ],
            [
              80.2055161280649,
              13.085181721882
            ],
            [
              80.20551723139597,
              13.085208334097501
            ]
          ]
        ]
      }
    },
    {
      "type": "Feature",
      "properties": {
        "unit_id": "B027-F04-U02",
        "floor_id": "B027-F04",
        "building_id": "B027",
        "parcel_id": "P000027",
        "demo_ulpin": "DEMO-TN-CHN-000027",
        "property_3d_id": "3D-CHN-P000027-B027-F04-U02",
        "area_sqm": 75.0,
        "z_min": 9.600000000000001,
        "z_max": 12.8,
        "height": 3.1999999999999993,
        "volume_m3": 239.99999999999994,
        "data_status": "DEMO / SYNTHETIC"
      },
      "geometry": {
        "type": "Polygon",
        "coordinates": [
          [
            [
              80.2056008681607,
              13.08517834588699
            ],
            [
              80.2056008681607,
              13.085208334097501
            ],
            [
              80.20568450490816,
              13.085208334097501
            ],
            [
              80.20568312572141,
              13.085175068794701
            ],
            [
              80.2056008681607,
              13.08517834588699
            ]
          ]
        ]
      }
    },
    {
      "type": "Feature",
      "properties": {
        "unit_id": "B027-F04-U03",
        "floor_id": "B027-F04",
        "building_id": "B027",
        "parcel_id": "P000027",
        "demo_ulpin": "DEMO-TN-CHN-000027",
        "property_3d_id": "3D-CHN-P000027-B027-F04-U03",
        "area_sqm": 75.0,
        "z_min": 9.600000000000001,
        "z_max": 12.8,
        "height": 3.1999999999999993,
        "volume_m3": 239.99999999999994,
        "data_status": "DEMO / SYNTHETIC"
      },
      "geometry": {
        "type": "Polygon",
        "coordinates": [
          [
            [
              80.2056008681607,
              13.085238322307669
            ],
            [
              80.2056008681607,
              13.085208334097501
            ],
            [
              80.20551723139597,
              13.085208334097501
            ],
            [
              80.2055186105612,
              13.0852415994003
            ],
            [
              80.2056008681607,
              13.085238322307669
            ]
          ]
        ]
      }
    },
    {
      "type": "Feature",
      "properties": {
        "unit_id": "B027-F04-U04",
        "floor_id": "B027-F04",
        "building_id": "B027",
        "parcel_id": "P000027",
        "demo_ulpin": "DEMO-TN-CHN-000027",
        "property_3d_id": "3D-CHN-P000027-B027-F04-U04",
        "area_sqm": 75.0,
        "z_min": 9.600000000000001,
        "z_max": 12.8,
        "height": 3.1999999999999993,
        "volume_m3": 239.99999999999994,
        "data_status": "DEMO / SYNTHETIC"
      },
      "geometry": {
        "type": "Polygon",
        "coordinates": [
          [
            [
              80.2056856082565,
              13.0852349463139
            ],
            [
              80.20568450490816,
              13.085208334097501
            ],
            [
              80.2056008681607,
              13.085208334097501
            ],
            [
              80.2056008681607,
              13.085238322307669
            ],
            [
              80.2056856082565,
              13.0852349463139
            ]
          ]
        ]
      }
    },
    {
      "type": "Feature",
      "properties": {
        "unit_id": "B027-F05-U01",
        "floor_id": "B027-F05",
        "building_id": "B027",
        "parcel_id": "P000027",
        "demo_ulpin": "DEMO-TN-CHN-000027",
        "property_3d_id": "3D-CHN-P000027-B027-F05-U01",
        "area_sqm": 75.0,
        "z_min": 12.8,
        "z_max": 16.0,
        "height": 3.1999999999999993,
        "volume_m3": 239.99999999999994,
        "data_status": "DEMO / SYNTHETIC"
      },
      "geometry": {
        "type": "Polygon",
        "coordinates": [
          [
            [
              80.20551723139597,
              13.085208334097501
            ],
            [
              80.2056008681607,
              13.085208334097501
            ],
            [
              80.2056008681607,
              13.08517834588699
            ],
            [
              80.2055161280649,
              13.085181721882
            ],
            [
              80.20551723139597,
              13.085208334097501
            ]
          ]
        ]
      }
    },
    {
      "type": "Feature",
      "properties": {
        "unit_id": "B027-F05-U02",
        "floor_id": "B027-F05",
        "building_id": "B027",
        "parcel_id": "P000027",
        "demo_ulpin": "DEMO-TN-CHN-000027",
        "property_3d_id": "3D-CHN-P000027-B027-F05-U02",
        "area_sqm": 75.0,
        "z_min": 12.8,
        "z_max": 16.0,
        "height": 3.1999999999999993,
        "volume_m3": 239.99999999999994,
        "data_status": "DEMO / SYNTHETIC"
      },
      "geometry": {
        "type": "Polygon",
        "coordinates": [
          [
            [
              80.2056008681607,
              13.08517834588699
            ],
            [
              80.2056008681607,
              13.085208334097501
            ],
            [
              80.20568450490816,
              13.085208334097501
            ],
            [
              80.20568312572141,
              13.085175068794701
            ],
            [
              80.2056008681607,
              13.08517834588699
            ]
          ]
        ]
      }
    },
    {
      "type": "Feature",
      "properties": {
        "unit_id": "B027-F05-U03",
        "floor_id": "B027-F05",
        "building_id": "B027",
        "parcel_id": "P000027",
        "demo_ulpin": "DEMO-TN-CHN-000027",
        "property_3d_id": "3D-CHN-P000027-B027-F05-U03",
        "area_sqm": 75.0,
        "z_min": 12.8,
        "z_max": 16.0,
        "height": 3.1999999999999993,
        "volume_m3": 239.99999999999994,
        "data_status": "DEMO / SYNTHETIC"
      },
      "geometry": {
        "type": "Polygon",
        "coordinates": [
          [
            [
              80.2056008681607,
              13.085238322307669
            ],
            [
              80.2056008681607,
              13.085208334097501
            ],
            [
              80.20551723139597,
              13.085208334097501
            ],
            [
              80.2055186105612,
              13.0852415994003
            ],
            [
              80.2056008681607,
              13.085238322307669
            ]
          ]
        ]
      }
    },
    {
      "type": "Feature",
      "properties": {
        "unit_id": "B027-F05-U04",
        "floor_id": "B027-F05",
        "building_id": "B027",
        "parcel_id": "P000027",
        "demo_ulpin": "DEMO-TN-CHN-000027",
        "property_3d_id": "3D-CHN-P000027-B027-F05-U04",
        "area_sqm": 75.0,
        "z_min": 12.8,
        "z_max": 16.0,
        "height": 3.1999999999999993,
        "volume_m3": 239.99999999999994,
        "data_status": "DEMO / SYNTHETIC"
      },
      "geometry": {
        "type": "Polygon",
        "coordinates": [
          [
            [
              80.2056856082565,
              13.0852349463139
            ],
            [
              80.20568450490816,
              13.085208334097501
            ],
            [
              80.2056008681607,
              13.085208334097501
            ],
            [
              80.2056008681607,
              13.085238322307669
            ],
            [
              80.2056856082565,
              13.0852349463139
            ]
          ]
        ]
      }
    },
    {
      "type": "Feature",
      "properties": {
        "unit_id": "B028-F01-U01",
        "floor_id": "B028-F01",
        "building_id": "B028",
        "parcel_id": "P000028",
        "demo_ulpin": "DEMO-TN-CHN-000028",
        "property_3d_id": "3D-CHN-P000028-B028-F01-U01",
        "area_sqm": 75.0,
        "z_min": 0.0,
        "z_max": 3.2,
        "height": 3.2,
        "volume_m3": 240.0,
        "data_status": "DEMO / SYNTHETIC"
      },
      "geometry": {
        "type": "Polygon",
        "coordinates": [
          [
            [
              80.2043454482425,
              13.0843517328073
            ],
            [
              80.20440817002711,
              13.0843517328073
            ],
            [
              80.20440817002711,
              13.084270292295031
            ],
            [
              80.2043410310592,
              13.0842739563454
            ],
            [
              80.2043454482425,
              13.0843517328073
            ]
          ]
        ]
      }
    },
    {
      "type": "Feature",
      "properties": {
        "unit_id": "B028-F01-U02",
        "floor_id": "B028-F01",
        "building_id": "B028",
        "parcel_id": "P000028",
        "demo_ulpin": "DEMO-TN-CHN-000028",
        "property_3d_id": "3D-CHN-P000028-B028-F01-U02",
        "area_sqm": 75.0,
        "z_min": 0.0,
        "z_max": 3.2,
        "height": 3.2,
        "volume_m3": 240.0,
        "data_status": "DEMO / SYNTHETIC"
      },
      "geometry": {
        "type": "Polygon",
        "coordinates": [
          [
            [
              80.20440817002711,
              13.084270292295031
            ],
            [
              80.20440817002711,
              13.0843517328073
            ],
            [
              80.20447089177242,
              13.0843517328073
            ],
            [
              80.2044660869425,
              13.0842671315301
            ],
            [
              80.20440817002711,
              13.084270292295031
            ]
          ]
        ]
      }
    },
    {
      "type": "Feature",
      "properties": {
        "unit_id": "B028-F01-U03",
        "floor_id": "B028-F01",
        "building_id": "B028",
        "parcel_id": "P000028",
        "demo_ulpin": "DEMO-TN-CHN-000028",
        "property_3d_id": "3D-CHN-P000028-B028-F01-U03",
        "area_sqm": 75.0,
        "z_min": 0.0,
        "z_max": 3.2,
        "height": 3.2,
        "volume_m3": 240.0,
        "data_status": "DEMO / SYNTHETIC"
      },
      "geometry": {
        "type": "Polygon",
        "coordinates": [
          [
            [
              80.20440817002711,
              13.084433173317306
            ],
            [
              80.20440817002711,
              13.0843517328073
            ],
            [
              80.2043454482425,
              13.0843517328073
            ],
            [
              80.2043502530297,
              13.0844363340845
            ],
            [
              80.20440817002711,
              13.084433173317306
            ]
          ]
        ]
      }
    },
    {
      "type": "Feature",
      "properties": {
        "unit_id": "B028-F01-U04",
        "floor_id": "B028-F01",
        "building_id": "B028",
        "parcel_id": "P000028",
        "demo_ulpin": "DEMO-TN-CHN-000028",
        "property_3d_id": "3D-CHN-P000028-B028-F01-U04",
        "area_sqm": 75.0,
        "z_min": 0.0,
        "z_max": 3.2,
        "height": 3.2,
        "volume_m3": 240.0,
        "data_status": "DEMO / SYNTHETIC"
      },
      "geometry": {
        "type": "Polygon",
        "coordinates": [
          [
            [
              80.204475308995,
              13.0844295092695
            ],
            [
              80.20447089177242,
              13.0843517328073
            ],
            [
              80.20440817002711,
              13.0843517328073
            ],
            [
              80.20440817002711,
              13.084433173317306
            ],
            [
              80.204475308995,
              13.0844295092695
            ]
          ]
        ]
      }
    },
    {
      "type": "Feature",
      "properties": {
        "unit_id": "B028-F02-U01",
        "floor_id": "B028-F02",
        "building_id": "B028",
        "parcel_id": "P000028",
        "demo_ulpin": "DEMO-TN-CHN-000028",
        "property_3d_id": "3D-CHN-P000028-B028-F02-U01",
        "area_sqm": 75.0,
        "z_min": 3.2,
        "z_max": 6.4,
        "height": 3.2,
        "volume_m3": 240.0,
        "data_status": "DEMO / SYNTHETIC"
      },
      "geometry": {
        "type": "Polygon",
        "coordinates": [
          [
            [
              80.2043454482425,
              13.0843517328073
            ],
            [
              80.20440817002711,
              13.0843517328073
            ],
            [
              80.20440817002711,
              13.084270292295031
            ],
            [
              80.2043410310592,
              13.0842739563454
            ],
            [
              80.2043454482425,
              13.0843517328073
            ]
          ]
        ]
      }
    },
    {
      "type": "Feature",
      "properties": {
        "unit_id": "B028-F02-U02",
        "floor_id": "B028-F02",
        "building_id": "B028",
        "parcel_id": "P000028",
        "demo_ulpin": "DEMO-TN-CHN-000028",
        "property_3d_id": "3D-CHN-P000028-B028-F02-U02",
        "area_sqm": 75.0,
        "z_min": 3.2,
        "z_max": 6.4,
        "height": 3.2,
        "volume_m3": 240.0,
        "data_status": "DEMO / SYNTHETIC"
      },
      "geometry": {
        "type": "Polygon",
        "coordinates": [
          [
            [
              80.20440817002711,
              13.084270292295031
            ],
            [
              80.20440817002711,
              13.0843517328073
            ],
            [
              80.20447089177242,
              13.0843517328073
            ],
            [
              80.2044660869425,
              13.0842671315301
            ],
            [
              80.20440817002711,
              13.084270292295031
            ]
          ]
        ]
      }
    },
    {
      "type": "Feature",
      "properties": {
        "unit_id": "B028-F02-U03",
        "floor_id": "B028-F02",
        "building_id": "B028",
        "parcel_id": "P000028",
        "demo_ulpin": "DEMO-TN-CHN-000028",
        "property_3d_id": "3D-CHN-P000028-B028-F02-U03",
        "area_sqm": 75.0,
        "z_min": 3.2,
        "z_max": 6.4,
        "height": 3.2,
        "volume_m3": 240.0,
        "data_status": "DEMO / SYNTHETIC"
      },
      "geometry": {
        "type": "Polygon",
        "coordinates": [
          [
            [
              80.20440817002711,
              13.084433173317306
            ],
            [
              80.20440817002711,
              13.0843517328073
            ],
            [
              80.2043454482425,
              13.0843517328073
            ],
            [
              80.2043502530297,
              13.0844363340845
            ],
            [
              80.20440817002711,
              13.084433173317306
            ]
          ]
        ]
      }
    },
    {
      "type": "Feature",
      "properties": {
        "unit_id": "B028-F02-U04",
        "floor_id": "B028-F02",
        "building_id": "B028",
        "parcel_id": "P000028",
        "demo_ulpin": "DEMO-TN-CHN-000028",
        "property_3d_id": "3D-CHN-P000028-B028-F02-U04",
        "area_sqm": 75.0,
        "z_min": 3.2,
        "z_max": 6.4,
        "height": 3.2,
        "volume_m3": 240.0,
        "data_status": "DEMO / SYNTHETIC"
      },
      "geometry": {
        "type": "Polygon",
        "coordinates": [
          [
            [
              80.204475308995,
              13.0844295092695
            ],
            [
              80.20447089177242,
              13.0843517328073
            ],
            [
              80.20440817002711,
              13.0843517328073
            ],
            [
              80.20440817002711,
              13.084433173317306
            ],
            [
              80.204475308995,
              13.0844295092695
            ]
          ]
        ]
      }
    },
    {
      "type": "Feature",
      "properties": {
        "unit_id": "B029-F01-U01",
        "floor_id": "B029-F01",
        "building_id": "B029",
        "parcel_id": "P000029",
        "demo_ulpin": "DEMO-TN-CHN-000029",
        "property_3d_id": "3D-CHN-P000029-B029-F01-U01",
        "area_sqm": 75.0,
        "z_min": 0.0,
        "z_max": 3.2,
        "height": 3.2,
        "volume_m3": 240.0,
        "data_status": "DEMO / SYNTHETIC"
      },
      "geometry": {
        "type": "Polygon",
        "coordinates": [
          [
            [
              80.2044984831071,
              13.0855547498692
            ],
            [
              80.20450016451747,
              13.08560009986745
            ],
            [
              80.2045533831079,
              13.08560009986745
            ],
            [
              80.2045533831079,
              13.085552838954875
            ],
            [
              80.2044984831071,
              13.0855547498692
            ]
          ]
        ]
      }
    },
    {
      "type": "Feature",
      "properties": {
        "unit_id": "B029-F01-U02",
        "floor_id": "B029-F01",
        "building_id": "B029",
        "parcel_id": "P000029",
        "demo_ulpin": "DEMO-TN-CHN-000029",
        "property_3d_id": "3D-CHN-P000029-B029-F01-U02",
        "area_sqm": 75.0,
        "z_min": 0.0,
        "z_max": 3.2,
        "height": 3.2,
        "volume_m3": 240.0,
        "data_status": "DEMO / SYNTHETIC"
      },
      "geometry": {
        "type": "Polygon",
        "coordinates": [
          [
            [
              80.2045533831079,
              13.085552838954875
            ],
            [
              80.2045533831079,
              13.08560009986745
            ],
            [
              80.20460660169833,
              13.08560009986745
            ],
            [
              80.20460478310551,
              13.085551049865801
            ],
            [
              80.2045533831079,
              13.085552838954875
            ]
          ]
        ]
      }
    },
    {
      "type": "Feature",
      "properties": {
        "unit_id": "B029-F01-U03",
        "floor_id": "B029-F01",
        "building_id": "B029",
        "parcel_id": "P000029",
        "demo_ulpin": "DEMO-TN-CHN-000029",
        "property_3d_id": "3D-CHN-P000029-B029-F01-U03",
        "area_sqm": 75.0,
        "z_min": 0.0,
        "z_max": 3.2,
        "height": 3.2,
        "volume_m3": 240.0,
        "data_status": "DEMO / SYNTHETIC"
      },
      "geometry": {
        "type": "Polygon",
        "coordinates": [
          [
            [
              80.2045533831079,
              13.085647360780024
            ],
            [
              80.2045533831079,
              13.08560009986745
            ],
            [
              80.20450016451747,
              13.08560009986745
            ],
            [
              80.2045019831103,
              13.0856491498691
            ],
            [
              80.2045533831079,
              13.085647360780024
            ]
          ]
        ]
      }
    },
    {
      "type": "Feature",
      "properties": {
        "unit_id": "B029-F01-U04",
        "floor_id": "B029-F01",
        "building_id": "B029",
        "parcel_id": "P000029",
        "demo_ulpin": "DEMO-TN-CHN-000029",
        "property_3d_id": "3D-CHN-P000029-B029-F01-U04",
        "area_sqm": 75.0,
        "z_min": 0.0,
        "z_max": 3.2,
        "height": 3.2,
        "volume_m3": 240.0,
        "data_status": "DEMO / SYNTHETIC"
      },
      "geometry": {
        "type": "Polygon",
        "coordinates": [
          [
            [
              80.20460660169833,
              13.08560009986745
            ],
            [
              80.2045533831079,
              13.08560009986745
            ],
            [
              80.2045533831079,
              13.085647360780024
            ],
            [
              80.2046082831087,
              13.0856454498657
            ],
            [
              80.20460660169833,
              13.08560009986745
            ]
          ]
        ]
      }
    },
    {
      "type": "Feature",
      "properties": {
        "unit_id": "B029-F02-U01",
        "floor_id": "B029-F02",
        "building_id": "B029",
        "parcel_id": "P000029",
        "demo_ulpin": "DEMO-TN-CHN-000029",
        "property_3d_id": "3D-CHN-P000029-B029-F02-U01",
        "area_sqm": 75.0,
        "z_min": 3.2,
        "z_max": 6.4,
        "height": 3.2,
        "volume_m3": 240.0,
        "data_status": "DEMO / SYNTHETIC"
      },
      "geometry": {
        "type": "Polygon",
        "coordinates": [
          [
            [
              80.2044984831071,
              13.0855547498692
            ],
            [
              80.20450016451747,
              13.08560009986745
            ],
            [
              80.2045533831079,
              13.08560009986745
            ],
            [
              80.2045533831079,
              13.085552838954875
            ],
            [
              80.2044984831071,
              13.0855547498692
            ]
          ]
        ]
      }
    },
    {
      "type": "Feature",
      "properties": {
        "unit_id": "B029-F02-U02",
        "floor_id": "B029-F02",
        "building_id": "B029",
        "parcel_id": "P000029",
        "demo_ulpin": "DEMO-TN-CHN-000029",
        "property_3d_id": "3D-CHN-P000029-B029-F02-U02",
        "area_sqm": 75.0,
        "z_min": 3.2,
        "z_max": 6.4,
        "height": 3.2,
        "volume_m3": 240.0,
        "data_status": "DEMO / SYNTHETIC"
      },
      "geometry": {
        "type": "Polygon",
        "coordinates": [
          [
            [
              80.2045533831079,
              13.085552838954875
            ],
            [
              80.2045533831079,
              13.08560009986745
            ],
            [
              80.20460660169833,
              13.08560009986745
            ],
            [
              80.20460478310551,
              13.085551049865801
            ],
            [
              80.2045533831079,
              13.085552838954875
            ]
          ]
        ]
      }
    },
    {
      "type": "Feature",
      "properties": {
        "unit_id": "B029-F02-U03",
        "floor_id": "B029-F02",
        "building_id": "B029",
        "parcel_id": "P000029",
        "demo_ulpin": "DEMO-TN-CHN-000029",
        "property_3d_id": "3D-CHN-P000029-B029-F02-U03",
        "area_sqm": 75.0,
        "z_min": 3.2,
        "z_max": 6.4,
        "height": 3.2,
        "volume_m3": 240.0,
        "data_status": "DEMO / SYNTHETIC"
      },
      "geometry": {
        "type": "Polygon",
        "coordinates": [
          [
            [
              80.2045533831079,
              13.085647360780024
            ],
            [
              80.2045533831079,
              13.08560009986745
            ],
            [
              80.20450016451747,
              13.08560009986745
            ],
            [
              80.2045019831103,
              13.0856491498691
            ],
            [
              80.2045533831079,
              13.085647360780024
            ]
          ]
        ]
      }
    },
    {
      "type": "Feature",
      "properties": {
        "unit_id": "B029-F02-U04",
        "floor_id": "B029-F02",
        "building_id": "B029",
        "parcel_id": "P000029",
        "demo_ulpin": "DEMO-TN-CHN-000029",
        "property_3d_id": "3D-CHN-P000029-B029-F02-U04",
        "area_sqm": 75.0,
        "z_min": 3.2,
        "z_max": 6.4,
        "height": 3.2,
        "volume_m3": 240.0,
        "data_status": "DEMO / SYNTHETIC"
      },
      "geometry": {
        "type": "Polygon",
        "coordinates": [
          [
            [
              80.20460660169833,
              13.08560009986745
            ],
            [
              80.2045533831079,
              13.08560009986745
            ],
            [
              80.2045533831079,
              13.085647360780024
            ],
            [
              80.2046082831087,
              13.0856454498657
            ],
            [
              80.20460660169833,
              13.08560009986745
            ]
          ]
        ]
      }
    },
    {
      "type": "Feature",
      "properties": {
        "unit_id": "B030-F01-U01",
        "floor_id": "B030-F01",
        "building_id": "B030",
        "parcel_id": "P000030",
        "demo_ulpin": "DEMO-TN-CHN-000030",
        "property_3d_id": "3D-CHN-P000030-B030-F01-U01",
        "area_sqm": 75.0,
        "z_min": 0.0,
        "z_max": 3.2,
        "height": 3.2,
        "volume_m3": 240.0,
        "data_status": "DEMO / SYNTHETIC"
      },
      "geometry": {
        "type": "Polygon",
        "coordinates": [
          [
            [
              80.20558481276713,
              13.08460497133315
            ],
            [
              80.20564671451291,
              13.08460497133315
            ],
            [
              80.20564671451291,
              13.084503313712803
            ],
            [
              80.205581575478,
              13.0845053477117
            ],
            [
              80.20558481276713,
              13.08460497133315
            ]
          ]
        ]
      }
    },
    {
      "type": "Feature",
      "properties": {
        "unit_id": "B030-F01-U02",
        "floor_id": "B030-F01",
        "building_id": "B030",
        "parcel_id": "P000030",
        "demo_ulpin": "DEMO-TN-CHN-000030",
        "property_3d_id": "3D-CHN-P000030-B030-F01-U02",
        "area_sqm": 75.0,
        "z_min": 0.0,
        "z_max": 3.2,
        "height": 3.2,
        "volume_m3": 240.0,
        "data_status": "DEMO / SYNTHETIC"
      },
      "geometry": {
        "type": "Polygon",
        "coordinates": [
          [
            [
              80.20570519483951,
              13.0845014876354
            ],
            [
              80.20564671451291,
              13.084503313712803
            ],
            [
              80.20564671451291,
              13.08460497133315
            ],
            [
              80.20570855761437,
              13.08460497133315
            ],
            [
              80.20570519483951,
              13.0845014876354
            ]
          ]
        ]
      }
    },
    {
      "type": "Feature",
      "properties": {
        "unit_id": "B030-F01-U03",
        "floor_id": "B030-F01",
        "building_id": "B030",
        "parcel_id": "P000030",
        "demo_ulpin": "DEMO-TN-CHN-000030",
        "property_3d_id": "3D-CHN-P000030-B030-F01-U03",
        "area_sqm": 75.0,
        "z_min": 0.0,
        "z_max": 3.2,
        "height": 3.2,
        "volume_m3": 240.0,
        "data_status": "DEMO / SYNTHETIC"
      },
      "geometry": {
        "type": "Polygon",
        "coordinates": [
          [
            [
              80.20564671451291,
              13.084708432101978
            ],
            [
              80.20564671451291,
              13.08460497133315
            ],
            [
              80.20558481276713,
              13.08460497133315
            ],
            [
              80.2055861696191,
              13.0846467267962
            ],
            [
              80.2056439157337,
              13.0846449236543
            ],
            [
              80.2056459802133,
              13.084708455030901
            ],
            [
              80.20564671451291,
              13.084708432101978
            ]
          ]
        ]
      }
    },
    {
      "type": "Feature",
      "properties": {
        "unit_id": "B030-F01-U04",
        "floor_id": "B030-F01",
        "building_id": "B030",
        "parcel_id": "P000030",
        "demo_ulpin": "DEMO-TN-CHN-000030",
        "property_3d_id": "3D-CHN-P000030-B030-F01-U04",
        "area_sqm": 75.0,
        "z_min": 0.0,
        "z_max": 3.2,
        "height": 3.2,
        "volume_m3": 240.0,
        "data_status": "DEMO / SYNTHETIC"
      },
      "geometry": {
        "type": "Polygon",
        "coordinates": [
          [
            [
              80.20570855761437,
              13.08460497133315
            ],
            [
              80.20564671451291,
              13.08460497133315
            ],
            [
              80.20564671451291,
              13.084708432101978
            ],
            [
              80.2057118535478,
              13.0847063980986
            ],
            [
              80.20570855761437,
              13.08460497133315
            ]
          ]
        ]
      }
    },
    {
      "type": "Feature",
      "properties": {
        "unit_id": "B030-F02-U01",
        "floor_id": "B030-F02",
        "building_id": "B030",
        "parcel_id": "P000030",
        "demo_ulpin": "DEMO-TN-CHN-000030",
        "property_3d_id": "3D-CHN-P000030-B030-F02-U01",
        "area_sqm": 75.0,
        "z_min": 3.2,
        "z_max": 6.4,
        "height": 3.2,
        "volume_m3": 240.0,
        "data_status": "DEMO / SYNTHETIC"
      },
      "geometry": {
        "type": "Polygon",
        "coordinates": [
          [
            [
              80.20558481276713,
              13.08460497133315
            ],
            [
              80.20564671451291,
              13.08460497133315
            ],
            [
              80.20564671451291,
              13.084503313712803
            ],
            [
              80.205581575478,
              13.0845053477117
            ],
            [
              80.20558481276713,
              13.08460497133315
            ]
          ]
        ]
      }
    },
    {
      "type": "Feature",
      "properties": {
        "unit_id": "B030-F02-U02",
        "floor_id": "B030-F02",
        "building_id": "B030",
        "parcel_id": "P000030",
        "demo_ulpin": "DEMO-TN-CHN-000030",
        "property_3d_id": "3D-CHN-P000030-B030-F02-U02",
        "area_sqm": 75.0,
        "z_min": 3.2,
        "z_max": 6.4,
        "height": 3.2,
        "volume_m3": 240.0,
        "data_status": "DEMO / SYNTHETIC"
      },
      "geometry": {
        "type": "Polygon",
        "coordinates": [
          [
            [
              80.20570519483951,
              13.0845014876354
            ],
            [
              80.20564671451291,
              13.084503313712803
            ],
            [
              80.20564671451291,
              13.08460497133315
            ],
            [
              80.20570855761437,
              13.08460497133315
            ],
            [
              80.20570519483951,
              13.0845014876354
            ]
          ]
        ]
      }
    },
    {
      "type": "Feature",
      "properties": {
        "unit_id": "B030-F02-U03",
        "floor_id": "B030-F02",
        "building_id": "B030",
        "parcel_id": "P000030",
        "demo_ulpin": "DEMO-TN-CHN-000030",
        "property_3d_id": "3D-CHN-P000030-B030-F02-U03",
        "area_sqm": 75.0,
        "z_min": 3.2,
        "z_max": 6.4,
        "height": 3.2,
        "volume_m3": 240.0,
        "data_status": "DEMO / SYNTHETIC"
      },
      "geometry": {
        "type": "Polygon",
        "coordinates": [
          [
            [
              80.20564671451291,
              13.084708432101978
            ],
            [
              80.20564671451291,
              13.08460497133315
            ],
            [
              80.20558481276713,
              13.08460497133315
            ],
            [
              80.2055861696191,
              13.0846467267962
            ],
            [
              80.2056439157337,
              13.0846449236543
            ],
            [
              80.2056459802133,
              13.084708455030901
            ],
            [
              80.20564671451291,
              13.084708432101978
            ]
          ]
        ]
      }
    },
    {
      "type": "Feature",
      "properties": {
        "unit_id": "B030-F02-U04",
        "floor_id": "B030-F02",
        "building_id": "B030",
        "parcel_id": "P000030",
        "demo_ulpin": "DEMO-TN-CHN-000030",
        "property_3d_id": "3D-CHN-P000030-B030-F02-U04",
        "area_sqm": 75.0,
        "z_min": 3.2,
        "z_max": 6.4,
        "height": 3.2,
        "volume_m3": 240.0,
        "data_status": "DEMO / SYNTHETIC"
      },
      "geometry": {
        "type": "Polygon",
        "coordinates": [
          [
            [
              80.20570855761437,
              13.08460497133315
            ],
            [
              80.20564671451291,
              13.08460497133315
            ],
            [
              80.20564671451291,
              13.084708432101978
            ],
            [
              80.2057118535478,
              13.0847063980986
            ],
            [
              80.20570855761437,
              13.08460497133315
            ]
          ]
        ]
      }
    },
    {
      "type": "Feature",
      "properties": {
        "unit_id": "B030-F03-U01",
        "floor_id": "B030-F03",
        "building_id": "B030",
        "parcel_id": "P000030",
        "demo_ulpin": "DEMO-TN-CHN-000030",
        "property_3d_id": "3D-CHN-P000030-B030-F03-U01",
        "area_sqm": 75.0,
        "z_min": 6.4,
        "z_max": 9.600000000000001,
        "height": 3.200000000000001,
        "volume_m3": 240.00000000000009,
        "data_status": "DEMO / SYNTHETIC"
      },
      "geometry": {
        "type": "Polygon",
        "coordinates": [
          [
            [
              80.20558481276713,
              13.08460497133315
            ],
            [
              80.20564671451291,
              13.08460497133315
            ],
            [
              80.20564671451291,
              13.084503313712803
            ],
            [
              80.205581575478,
              13.0845053477117
            ],
            [
              80.20558481276713,
              13.08460497133315
            ]
          ]
        ]
      }
    },
    {
      "type": "Feature",
      "properties": {
        "unit_id": "B030-F03-U02",
        "floor_id": "B030-F03",
        "building_id": "B030",
        "parcel_id": "P000030",
        "demo_ulpin": "DEMO-TN-CHN-000030",
        "property_3d_id": "3D-CHN-P000030-B030-F03-U02",
        "area_sqm": 75.0,
        "z_min": 6.4,
        "z_max": 9.600000000000001,
        "height": 3.200000000000001,
        "volume_m3": 240.00000000000009,
        "data_status": "DEMO / SYNTHETIC"
      },
      "geometry": {
        "type": "Polygon",
        "coordinates": [
          [
            [
              80.20570519483951,
              13.0845014876354
            ],
            [
              80.20564671451291,
              13.084503313712803
            ],
            [
              80.20564671451291,
              13.08460497133315
            ],
            [
              80.20570855761437,
              13.08460497133315
            ],
            [
              80.20570519483951,
              13.0845014876354
            ]
          ]
        ]
      }
    },
    {
      "type": "Feature",
      "properties": {
        "unit_id": "B030-F03-U03",
        "floor_id": "B030-F03",
        "building_id": "B030",
        "parcel_id": "P000030",
        "demo_ulpin": "DEMO-TN-CHN-000030",
        "property_3d_id": "3D-CHN-P000030-B030-F03-U03",
        "area_sqm": 75.0,
        "z_min": 6.4,
        "z_max": 9.600000000000001,
        "height": 3.200000000000001,
        "volume_m3": 240.00000000000009,
        "data_status": "DEMO / SYNTHETIC"
      },
      "geometry": {
        "type": "Polygon",
        "coordinates": [
          [
            [
              80.20564671451291,
              13.084708432101978
            ],
            [
              80.20564671451291,
              13.08460497133315
            ],
            [
              80.20558481276713,
              13.08460497133315
            ],
            [
              80.2055861696191,
              13.0846467267962
            ],
            [
              80.2056439157337,
              13.0846449236543
            ],
            [
              80.2056459802133,
              13.084708455030901
            ],
            [
              80.20564671451291,
              13.084708432101978
            ]
          ]
        ]
      }
    },
    {
      "type": "Feature",
      "properties": {
        "unit_id": "B030-F03-U04",
        "floor_id": "B030-F03",
        "building_id": "B030",
        "parcel_id": "P000030",
        "demo_ulpin": "DEMO-TN-CHN-000030",
        "property_3d_id": "3D-CHN-P000030-B030-F03-U04",
        "area_sqm": 75.0,
        "z_min": 6.4,
        "z_max": 9.600000000000001,
        "height": 3.200000000000001,
        "volume_m3": 240.00000000000009,
        "data_status": "DEMO / SYNTHETIC"
      },
      "geometry": {
        "type": "Polygon",
        "coordinates": [
          [
            [
              80.20570855761437,
              13.08460497133315
            ],
            [
              80.20564671451291,
              13.08460497133315
            ],
            [
              80.20564671451291,
              13.084708432101978
            ],
            [
              80.2057118535478,
              13.0847063980986
            ],
            [
              80.20570855761437,
              13.08460497133315
            ]
          ]
        ]
      }
    },
    {
      "type": "Feature",
      "properties": {
        "unit_id": "B030-F04-U01",
        "floor_id": "B030-F04",
        "building_id": "B030",
        "parcel_id": "P000030",
        "demo_ulpin": "DEMO-TN-CHN-000030",
        "property_3d_id": "3D-CHN-P000030-B030-F04-U01",
        "area_sqm": 75.0,
        "z_min": 9.600000000000001,
        "z_max": 12.8,
        "height": 3.1999999999999993,
        "volume_m3": 239.99999999999994,
        "data_status": "DEMO / SYNTHETIC"
      },
      "geometry": {
        "type": "Polygon",
        "coordinates": [
          [
            [
              80.20558481276713,
              13.08460497133315
            ],
            [
              80.20564671451291,
              13.08460497133315
            ],
            [
              80.20564671451291,
              13.084503313712803
            ],
            [
              80.205581575478,
              13.0845053477117
            ],
            [
              80.20558481276713,
              13.08460497133315
            ]
          ]
        ]
      }
    },
    {
      "type": "Feature",
      "properties": {
        "unit_id": "B030-F04-U02",
        "floor_id": "B030-F04",
        "building_id": "B030",
        "parcel_id": "P000030",
        "demo_ulpin": "DEMO-TN-CHN-000030",
        "property_3d_id": "3D-CHN-P000030-B030-F04-U02",
        "area_sqm": 75.0,
        "z_min": 9.600000000000001,
        "z_max": 12.8,
        "height": 3.1999999999999993,
        "volume_m3": 239.99999999999994,
        "data_status": "DEMO / SYNTHETIC"
      },
      "geometry": {
        "type": "Polygon",
        "coordinates": [
          [
            [
              80.20570519483951,
              13.0845014876354
            ],
            [
              80.20564671451291,
              13.084503313712803
            ],
            [
              80.20564671451291,
              13.08460497133315
            ],
            [
              80.20570855761437,
              13.08460497133315
            ],
            [
              80.20570519483951,
              13.0845014876354
            ]
          ]
        ]
      }
    },
    {
      "type": "Feature",
      "properties": {
        "unit_id": "B030-F04-U03",
        "floor_id": "B030-F04",
        "building_id": "B030",
        "parcel_id": "P000030",
        "demo_ulpin": "DEMO-TN-CHN-000030",
        "property_3d_id": "3D-CHN-P000030-B030-F04-U03",
        "area_sqm": 75.0,
        "z_min": 9.600000000000001,
        "z_max": 12.8,
        "height": 3.1999999999999993,
        "volume_m3": 239.99999999999994,
        "data_status": "DEMO / SYNTHETIC"
      },
      "geometry": {
        "type": "Polygon",
        "coordinates": [
          [
            [
              80.20564671451291,
              13.084708432101978
            ],
            [
              80.20564671451291,
              13.08460497133315
            ],
            [
              80.20558481276713,
              13.08460497133315
            ],
            [
              80.2055861696191,
              13.0846467267962
            ],
            [
              80.2056439157337,
              13.0846449236543
            ],
            [
              80.2056459802133,
              13.084708455030901
            ],
            [
              80.20564671451291,
              13.084708432101978
            ]
          ]
        ]
      }
    },
    {
      "type": "Feature",
      "properties": {
        "unit_id": "B030-F04-U04",
        "floor_id": "B030-F04",
        "building_id": "B030",
        "parcel_id": "P000030",
        "demo_ulpin": "DEMO-TN-CHN-000030",
        "property_3d_id": "3D-CHN-P000030-B030-F04-U04",
        "area_sqm": 75.0,
        "z_min": 9.600000000000001,
        "z_max": 12.8,
        "height": 3.1999999999999993,
        "volume_m3": 239.99999999999994,
        "data_status": "DEMO / SYNTHETIC"
      },
      "geometry": {
        "type": "Polygon",
        "coordinates": [
          [
            [
              80.20570855761437,
              13.08460497133315
            ],
            [
              80.20564671451291,
              13.08460497133315
            ],
            [
              80.20564671451291,
              13.084708432101978
            ],
            [
              80.2057118535478,
              13.0847063980986
            ],
            [
              80.20570855761437,
              13.08460497133315
            ]
          ]
        ]
      }
    }
  ]
}